Rk,Player,Nation,Pos,Squad,Age,Born,MP,Starts,Min,90s,Gls,Ast,G+A,G-PK,PK,PKatt,CrdY,CrdR,xG,npxG,xAG,npxG+xAG,PrgC,PrgP,PrgR,Gls,Ast,G+A,G-PK,G+A-PK,xG,xAG,xG+xAG,npxG,npxG+xAG,Matches,Season
1,Ismael Aaneba,fr FRA,DF,Strasbourg,19,1999,3,3,204,2.3,0,0,0,0,0,0,3,0,0,0,0.4,0.4,3,8,8,0,0,0,0,0,0,0.17,0.17,0,0.17,Matches,2018-2019
2,Yunis Abdelhamid,ma MAR,DF,Reims,30,1987,38,38,"3,420",38,0,0,0,0,0,0,2,0,1.6,1.6,0.1,1.8,16,71,1,0,0,0,0,0,0.04,0,0.05,0.04,0.05,Matches,2018-2019
3,Mehdi Abeid,dz ALG,MF,Dijon,25,1992,26,23,"2,023",22.5,3,0,3,2,1,1,6,0,2.9,2.1,1.6,3.8,43,97,50,0.13,0,0.13,0.09,0.09,0.13,0.07,0.2,0.1,0.17,Matches,2018-2019
4,Charles Abi,fr FRA,"DF,FW",Saint-Étienne,18,2000,3,0,32,0.4,0,0,0,0,0,0,0,0,0.1,0.1,0,0.1,2,1,0,0,0,0,0,0,0.17,0.12,0.29,0.17,0.29,Matches,2018-2019
5,Khaled Adénon,bj BEN,DF,Amiens,33,1985,23,22,"1,994",22.2,0,0,0,0,0,0,7,1,0.7,0.7,0.1,0.9,13,63,1,0,0,0,0,0,0.03,0.01,0.04,0.03,0.04,Matches,2018-2019
6,Yacine Adli,fr FRA,MF,Bordeaux,18,2000,7,2,216,2.4,0,0,0,0,0,0,1,0,0,0,0.8,0.8,13,17,17,0,0,0,0,0,0.01,0.34,0.34,0.01,0.34,Matches,2018-2019
7,Nayef Aguerd,ma MAR,DF,Dijon,22,1996,13,12,"1,050",11.7,3,0,3,3,0,0,4,1,1.5,1.5,0.1,1.6,11,32,3,0.26,0,0.26,0.26,0.26,0.13,0.01,0.14,0.13,0.14,Matches,2018-2019
8,Ruben Aguilar,fr FRA,DF,Montpellier,25,1993,29,29,"2,528",28.1,1,4,5,1,0,0,8,0,0.9,0.9,2.5,3.4,85,128,155,0.04,0.14,0.18,0.04,0.18,0.03,0.09,0.12,0.03,0.12,Matches,2018-2019
9,Jean-Eudes Aholou,ci CIV,MF,Monaco,24,1994,17,12,"1,075",11.9,0,1,1,0,0,0,2,0,0.8,0.8,0.6,1.5,36,64,27,0,0.08,0.08,0,0.08,0.07,0.05,0.12,0.07,0.12,Matches,2018-2019
10,Youssef Aït Bennasser,ma MAR,MF,Saint-Étienne,22,1996,13,11,936,10.4,0,0,0,0,0,0,0,0,0.3,0.3,0.4,0.7,6,67,12,0,0,0,0,0,0.02,0.04,0.07,0.02,0.07,Matches,2018-2019
11,Youssef Aït Bennasser,ma MAR,MF,Monaco,22,1996,13,12,"1,073",11.9,0,2,2,0,0,0,2,0,0.3,0.3,0.8,1.1,21,86,13,0,0.17,0.17,0,0.17,0.02,0.07,0.09,0.02,0.09,Matches,2018-2019
12,Rayan Aït-Nouri,dz ALG,"DF,MF",Angers,17,2001,3,0,57,0.6,0,0,0,0,0,0,1,0,0,0,0,0,3,3,2,0,0,0,0,0,0,0,0,0,0,Matches,2018-2019
13,Ludovic Ajorque,fr FRA,FW,Strasbourg,24,1994,25,18,"1,531",17,9,1,10,9,0,0,5,0,5.7,5.7,1,6.7,11,25,126,0.53,0.06,0.59,0.53,0.59,0.34,0.06,0.4,0.34,0.4,Matches,2018-2019
14,Sofiane Alakouch,ma MAR,DF,Nîmes,20,1998,25,23,"1,895",21.1,1,0,1,1,0,0,4,0,0.5,0.5,1.5,2,43,79,64,0.05,0,0.05,0.05,0.05,0.02,0.07,0.1,0.02,0.1,Matches,2018-2019
15,Alexis Alegue,fr FRA,FW,Nantes,21,1996,1,0,5,0.1,0,0,0,0,0,0,0,0,0,0,0,0,0,0,0,0,0,0,0,0,0,0,0,0,0,Matches,2018-2019
16,Rúnar Alex Rúnarsson,is ISL,GK,Dijon,23,1995,25,25,"2,250",25,0,0,0,0,0,0,0,0,0,0,0,0,0,0,0,0,0,0,0,0,0,0,0,0,0,Matches,2018-2019
17,Rachid Alioui,ma MAR,FW,Nîmes,26,1992,27,11,"1,252",13.9,5,0,5,5,0,0,1,0,5.4,5.4,1.2,6.6,24,22,79,0.36,0,0.36,0.36,0.36,0.39,0.08,0.48,0.39,0.48,Matches,2018-2019
18,Bobby Allain,fr FRA,GK,Dijon,26,1991,13,13,"1,170",13,0,0,0,0,0,0,1,0,0,0,0,0,0,0,0,0,0,0,0,0,0,0,0,0,0,Matches,2018-2019
19,Mickaël Alphonse,gp GLP,DF,Dijon,29,1989,11,6,571,6.3,1,0,1,1,0,0,0,0,0.3,0.3,0.4,0.7,21,18,38,0.16,0,0.16,0.16,0.16,0.05,0.07,0.11,0.05,0.11,Matches,2018-2019
20,Dani Alves,br BRA,"MF,DF",Paris S-G,35,1983,23,19,"1,622",18,1,7,8,1,0,0,4,0,1.8,1.8,6.4,8.2,41,163,131,0.06,0.39,0.44,0.06,0.44,0.1,0.36,0.46,0.1,0.46,Matches,2018-2019
21,Romain Amalfitano,fr FRA,"MF,FW",Dijon,28,1989,32,30,"2,522",28,0,0,0,0,0,0,3,1,0.7,0.7,0.9,1.6,44,134,62,0,0,0,0,0,0.02,0.03,0.06,0.02,0.06,Matches,2018-2019
22,Jordan Amavi,fr FRA,DF,Marseille,24,1994,28,24,"2,177",24.2,0,2,2,0,0,0,7,2,0.8,0.8,2,2.8,74,82,98,0,0.08,0.08,0,0.08,0.03,0.08,0.11,0.03,0.11,Matches,2018-2019
23,Kelvin Amian,fr FRA,DF,Toulouse,20,1998,32,32,"2,880",32,0,1,1,0,0,0,6,0,0.6,0.6,0.8,1.4,46,106,59,0,0.03,0.03,0,0.03,0.02,0.02,0.04,0.02,0.04,Matches,2018-2019
24,Yanis Ammour,fr FRA,MF,Montpellier,19,1999,1,0,2,0,0,0,0,0,0,0,0,0,0,0,0,0,0,0,0,0,0,0,0,0,0,0,0,0,0,Matches,2018-2019
25,Benjamin André,fr FRA,MF,Rennes,27,1990,30,28,"2,495",27.7,3,1,4,3,0,0,8,1,3,3,0.8,3.9,52,185,86,0.11,0.04,0.14,0.11,0.14,0.11,0.03,0.14,0.11,0.14,Matches,2018-2019
26,Yoann Andreu,fr FRA,DF,Angers,29,1989,1,0,4,0,0,0,0,0,0,0,0,0,0,0,0,0,0,0,0,0,0,0,0,0,0,0,0,0,0,Matches,2018-2019
27,Houssem Aouar,dz ALG,MF,Lyon,20,1998,37,35,"3,061",34,7,7,14,7,0,0,2,0,6.8,6.8,4.7,11.5,96,274,163,0.21,0.21,0.41,0.21,0.41,0.2,0.14,0.34,0.2,0.34,Matches,2018-2019
28,Luiz Araújo,br BRA,"FW,MF",Lille,22,1996,25,6,781,8.7,3,2,5,3,0,0,2,1,2.1,2.1,0.9,3,30,43,45,0.35,0.23,0.58,0.35,0.58,0.24,0.1,0.35,0.24,0.35,Matches,2018-2019
29,Alphonse Areola,fr FRA,GK,Paris S-G,25,1993,21,21,"1,890",21,0,0,0,0,0,0,1,0,0,0,0,0,0,0,0,0,0,0,0,0,0,0,0,0,0,Matches,2018-2019
30,Yoël Armougom,fr FRA,DF,Caen,20,1998,29,20,"1,853",20.6,0,1,1,0,0,0,5,1,0.3,0.3,1.7,2,45,67,49,0,0.05,0.05,0,0.05,0.01,0.08,0.1,0.01,0.1,Matches,2018-2019
31,Youcef Atal,dz ALG,"DF,FW",Nice,22,1996,29,25,"2,263",25.1,6,0,6,6,0,1,8,0,4.6,3.9,2.6,6.5,137,86,275,0.24,0,0.24,0.24,0.24,0.18,0.1,0.29,0.15,0.26,Matches,2018-2019
32,Ludovic Baal,gf GUF,DF,Rennes,32,1986,2,1,126,1.4,0,0,0,0,0,0,0,0,0,0,0,0,2,5,2,0,0,0,0,0,0,0,0,0,0,Matches,2018-2019
33,Benoît Badiashile,fr FRA,DF,Monaco,17,2001,20,20,"1,762",19.6,1,0,1,1,0,0,4,0,0.8,0.8,0.1,0.9,18,93,2,0.05,0,0.05,0.05,0.05,0.04,0,0.04,0.04,0.04,Matches,2018-2019
34,Stéphane Bahoken,cm CMR,FW,Angers,26,1992,32,31,"2,469",27.4,11,1,12,9,2,3,3,0,9.5,7.1,2.7,9.8,31,32,173,0.4,0.04,0.44,0.33,0.36,0.35,0.1,0.44,0.26,0.36,Matches,2018-2019
35,Fodé Ballo-Touré,sn SEN,DF,Lille,21,1997,18,18,"1,593",17.7,0,1,1,0,0,0,3,0,0.4,0.4,1,1.4,36,65,63,0,0.06,0.06,0,0.06,0.02,0.06,0.08,0.02,0.08,Matches,2018-2019
36,Fodé Ballo-Touré,sn SEN,DF,Monaco,21,1997,18,18,"1,594",17.7,0,3,3,0,0,0,4,0,0.2,0.2,2.4,2.6,63,72,82,0,0.17,0.17,0,0.17,0.01,0.13,0.15,0.01,0.15,Matches,2018-2019
37,Florent Balmont,fr FRA,MF,Dijon,38,1980,20,15,"1,076",12,0,1,1,0,0,0,3,0,0.1,0.1,1.2,1.3,15,75,13,0,0.08,0.08,0,0.08,0.01,0.1,0.11,0.01,0.11,Matches,2018-2019
38,Mario Balotelli,it ITA,FW,Nice,27,1990,10,9,752,8.4,0,1,1,0,0,0,5,0,3.1,3.1,1.5,4.6,10,25,60,0,0.12,0.12,0,0.12,0.37,0.18,0.56,0.37,0.56,Matches,2018-2019
39,Mario Balotelli,it ITA,FW,Marseille,27,1990,15,12,933,10.4,8,0,8,8,0,0,5,1,5.5,5.5,0.7,6.2,17,18,38,0.77,0,0.77,0.77,0.77,0.53,0.06,0.6,0.53,0.6,Matches,2018-2019
40,Abdoulaye Bamba,ci CIV,DF,Angers,28,1990,30,29,"2,573",28.6,0,4,4,0,0,0,6,0,0.2,0.2,1.9,2.1,60,90,79,0,0.14,0.14,0,0.14,0.01,0.07,0.07,0.01,0.07,Matches,2018-2019
41,Jonathan Bamba,ci CIV,"FW,MF",Lille,22,1996,38,35,"3,004",33.4,13,3,16,12,1,1,4,0,8.4,7.6,5.3,13,112,125,265,0.39,0.09,0.48,0.36,0.45,0.25,0.16,0.41,0.23,0.39,Matches,2018-2019
42,Yacine Bammou,ma MAR,"FW,MF",Caen,26,1991,17,9,923,10.3,2,0,2,1,1,1,2,0,1.4,0.6,0.4,1,12,17,63,0.2,0,0.2,0.1,0.1,0.14,0.04,0.18,0.06,0.1,Matches,2018-2019
43,Danilo Barbosa,br BRA,MF,Nice,22,1996,22,18,"1,548",17.2,0,0,0,0,0,0,1,1,1.9,1.9,0.9,2.7,27,62,63,0,0,0,0,0,0.11,0.05,0.16,0.11,0.16,Matches,2018-2019
44,Antonio Barreca,it ITA,DF,Monaco,23,1995,7,7,593,6.6,0,1,1,0,0,0,0,0,0.2,0.2,0.3,0.5,15,18,29,0,0.15,0.15,0,0.15,0.02,0.05,0.08,0.02,0.08,Matches,2018-2019
45,Toma Bašić,hr CRO,MF,Bordeaux,21,1996,23,16,"1,333",14.8,2,0,2,2,0,0,3,0,1.2,1.2,1.7,3,20,64,58,0.14,0,0.14,0.14,0.14,0.08,0.12,0.2,0.08,0.2,Matches,2018-2019
46,Thomas Basila,fr FRA,DF,Nantes,19,1999,2,1,92,1,0,0,0,0,0,0,0,0,0,0,0,0,0,2,0,0,0,0,0,0,0,0,0,0,0,Matches,2018-2019
47,Paul Baysse,fr FRA,DF,Bordeaux,30,1988,1,0,74,0.8,0,0,0,0,0,0,1,0,0,0,0,0,0,2,0,0,0,0,0,0,0,0,0,0,0,Matches,2018-2019
48,Paul Baysse,fr FRA,DF,Caen,30,1988,20,20,"1,788",19.9,0,0,0,0,0,0,3,1,0.8,0.8,0.5,1.3,5,34,4,0,0,0,0,0,0.04,0.02,0.07,0.04,0.07,Matches,2018-2019
49,Claudio Beauvue,gp GLP,"FW,MF",Caen,30,1988,25,16,"1,499",16.7,3,0,3,2,1,1,1,0,4.7,3.9,1.3,5.2,22,24,116,0.18,0,0.18,0.12,0.12,0.28,0.08,0.36,0.23,0.31,Matches,2018-2019
50,Hatem Ben Arfa,fr FRA,"FW,MF",Rennes,31,1987,26,23,"2,033",22.6,7,2,9,5,2,3,1,0,7,4.6,4.7,9.3,121,112,114,0.31,0.09,0.4,0.22,0.31,0.31,0.21,0.51,0.2,0.41,Matches,2018-2019
51,Diego Benaglio,ch SUI,GK,Monaco,34,1983,23,22,"2,058",22.9,0,0,0,0,0,0,2,0,0,0,0,0,0,0,0,0,0,0,0,0,0,0,0,0,0,Matches,2018-2019
52,Nicolas Benezet,fr FRA,"MF,FW",Guingamp,27,1991,25,18,"1,666",18.5,3,1,4,3,0,0,1,0,3.1,3.1,4.4,7.5,66,91,163,0.16,0.05,0.22,0.16,0.22,0.17,0.24,0.41,0.17,0.41,Matches,2018-2019
53,Walter Benítez,ar ARG,GK,Nice,25,1993,35,35,"3,150",35,0,0,0,0,0,0,1,0,0,0,0,0,0,0,0,0,0,0,0,0,0,0,0,0,0,Matches,2018-2019
54,Yassine Benrahou,fr FRA,"MF,FW",Bordeaux,19,1999,4,1,177,2,0,0,0,0,0,0,0,0,0.3,0.3,0.2,0.5,6,3,19,0,0,0,0,0,0.14,0.12,0.26,0.14,0.26,Matches,2018-2019
55,Ramy Bensebaini,dz ALG,DF,Rennes,23,1995,25,24,"2,152",23.9,1,0,1,1,0,0,9,0,1.2,1.2,1.1,2.3,61,92,93,0.04,0,0.04,0.04,0.04,0.05,0.04,0.1,0.05,0.1,Matches,2018-2019
56,Yassine Benzia,dz ALG,MF,Lille,23,1994,2,2,160,1.8,0,1,1,0,0,0,0,0,0.2,0.2,0.6,0.8,5,18,6,0,0.56,0.56,0,0.56,0.12,0.33,0.45,0.12,0.45,Matches,2018-2019
57,Robert Berić,si SVN,FW,Saint-Étienne,27,1991,23,12,"1,175",13.1,9,1,10,9,0,0,0,0,7.5,7.5,1.7,9.2,6,16,52,0.69,0.08,0.77,0.69,0.77,0.58,0.13,0.7,0.58,0.7,Matches,2018-2019
58,Paul Bernardoni,fr FRA,GK,Nîmes,21,1997,38,38,"3,420",38,0,0,0,0,0,0,0,0,0,0,0,0,0,0,0,0,0,0,0,0,0,0,0,0,0,Matches,2018-2019
59,Juan Bernat,es ESP,"DF,MF",Paris S-G,25,1993,25,21,"1,836",20.4,1,2,3,1,0,0,6,1,0.8,0.8,2.7,3.5,50,73,152,0.05,0.1,0.15,0.05,0.15,0.04,0.13,0.17,0.04,0.17,Matches,2018-2019
60,Antoine Bernede,fr FRA,MF,Paris S-G,19,1999,2,2,169,1.9,0,0,0,0,0,0,0,0,0,0,0,0.1,0,22,4,0,0,0,0,0,0.01,0.02,0.03,0.01,0.03,Matches,2018-2019
61,Dimitry Bertaud,cd COD,GK,Montpellier,20,1998,1,1,90,1,0,0,0,0,0,0,0,0,0,0,0,0,0,0,0,0,0,0,0,0,0,0,0,0,0,Matches,2018-2019
62,Giulian Biancone,fr FRA,DF,Monaco,18,2000,1,1,90,1,0,0,0,0,0,0,0,0,0,0,0,0,0,6,4,0,0,0,0,0,0.03,0,0.03,0.03,0.03,Matches,2018-2019
63,Ludovic Blas,fr FRA,"MF,FW",Guingamp,20,1997,34,27,"2,372",26.4,1,6,7,0,1,1,5,0,3.3,2.5,3.2,5.7,58,140,81,0.04,0.23,0.27,0,0.23,0.13,0.12,0.25,0.1,0.22,Matches,2018-2019
64,Alexis Blin,fr FRA,MF,Amiens,21,1996,27,25,"1,990",22.1,1,1,2,1,0,0,4,0,0.4,0.4,0.3,0.7,8,93,20,0.05,0.05,0.09,0.05,0.09,0.02,0.01,0.03,0.02,0.03,Matches,2018-2019
65,Antonin Bobichon,fr FRA,MF,Nîmes,22,1995,30,24,"2,153",23.9,7,2,9,7,0,0,2,0,1.9,1.9,2.4,4.3,41,94,45,0.29,0.08,0.38,0.29,0.38,0.08,0.1,0.18,0.08,0.18,Matches,2018-2019
66,Yann Bodiger,fr FRA,MF,Toulouse,23,1995,1,0,13,0.1,0,0,0,0,0,0,0,0,0,0,0,0,0,2,0,0,0,0,0,0,0,0,0,0,0,Matches,2018-2019
67,Mathieu Bodmer,fr FRA,"MF,FW",Amiens,35,1982,26,10,"1,073",11.9,1,0,1,1,0,0,1,0,0.9,0.9,1,1.9,7,76,50,0.08,0,0.08,0.08,0.08,0.08,0.09,0.16,0.08,0.16,Matches,2018-2019
68,Sacha Boey,fr FRA,DF,Rennes,17,2000,1,0,14,0.2,0,0,0,0,0,0,0,0,0,0,0,0,0,0,0,0,0,0,0,0,0,0,0,0,0,Matches,2018-2019
69,Olivier Boscagli,fr FRA,DF,Nice,20,1997,14,10,863,9.6,0,1,1,0,0,0,1,0,0.3,0.3,0.9,1.2,15,55,35,0,0.1,0.1,0,0.1,0.03,0.1,0.12,0.03,0.12,Matches,2018-2019
70,Gabriel Boschilia,br BRA,"FW,MF",Nantes,22,1996,29,14,"1,319",14.7,4,4,8,4,0,0,1,0,4.4,4.4,1.6,6,39,44,82,0.27,0.27,0.55,0.27,0.55,0.3,0.11,0.41,0.3,0.41,Matches,2018-2019
71,John Bostock,tt TRI,MF,Toulouse,26,1992,16,10,984,10.9,0,0,0,0,0,0,1,0,0.2,0.2,0.8,1,5,58,12,0,0,0,0,0,0.02,0.07,0.09,0.02,0.09,Matches,2018-2019
72,Denis Bouanga,ga GAB,"MF,FW",Nîmes,23,1994,35,29,"2,633",29.3,8,2,10,8,0,0,5,0,7.8,7.8,3.2,11,102,47,195,0.27,0.07,0.34,0.27,0.34,0.27,0.11,0.38,0.27,0.38,Matches,2018-2019
73,Zacharie Boucher,fr FRA,GK,Angers,26,1992,2,2,180,2,0,0,0,0,0,0,0,0,0,0,0,0,0,0,0,0,0,0,0,0,0,0,0,0,0,Matches,2018-2019
74,Arnold Bouka Moutou,cg CGO,"DF,FW",Dijon,29,1988,3,0,66,0.7,0,0,0,0,0,0,0,0,0,0,0,0,2,3,1,0,0,0,0,0,0.03,0,0.03,0.03,0.03,Matches,2018-2019
75,Benjamin Bourigeaud,fr FRA,"MF,FW",Rennes,24,1994,34,28,"2,425",26.9,6,5,11,4,2,3,5,0,6.5,4.2,2.4,6.6,53,123,167,0.22,0.19,0.41,0.15,0.33,0.24,0.09,0.33,0.16,0.24,Matches,2018-2019
76,Bilal Boutobba,fr FRA,"FW,MF",Montpellier,19,1998,2,0,32,0.4,0,0,0,0,0,0,0,0,0.1,0.1,0.1,0.2,7,3,2,0,0,0,0,0,0.31,0.15,0.46,0.31,0.46,Matches,2018-2019
77,Umut Bozok,tr TUR,FW,Nîmes,21,1996,25,14,"1,235",13.7,2,3,5,2,0,2,1,0,4.3,2.7,2,4.7,14,15,74,0.15,0.22,0.36,0.15,0.36,0.31,0.15,0.46,0.2,0.35,Matches,2018-2019
78,Pedro Brazão,pt POR,"MF,FW",Nice,15,2002,1,0,14,0.2,0,0,0,0,0,0,0,0,0,0,0,0,1,0,1,0,0,0,0,0,0,0.28,0.28,0,0.28,Matches,2018-2019
79,Anthony Briançon,fr FRA,DF,Nîmes,23,1994,33,33,"2,924",32.5,2,2,4,2,0,0,9,1,3.1,3.1,0.4,3.5,14,75,1,0.06,0.06,0.12,0.06,0.12,0.09,0.01,0.11,0.09,0.11,Matches,2018-2019
80,Jimmy Briand,fr FRA,FW,Bordeaux,32,1985,35,28,"2,495",27.7,7,3,10,6,1,1,1,0,7,6.2,2.9,9.1,26,72,155,0.25,0.11,0.36,0.22,0.32,0.25,0.11,0.36,0.22,0.33,Matches,2018-2019
81,Gianluigi Buffon,it ITA,GK,Paris S-G,40,1978,17,17,"1,530",17,0,0,0,0,0,0,0,0,0,0,0,0,0,1,0,0,0,0,0,0,0,0,0,0,0,Matches,2018-2019
82,Patrick Burner,mq MTQ,DF,Nice,22,1996,17,15,"1,352",15,0,0,0,0,0,0,3,0,0.2,0.2,1.5,1.8,20,45,49,0,0,0,0,0,0.02,0.1,0.12,0.02,0.12,Matches,2018-2019
83,Ludovic Butelle,fr FRA,GK,Angers,35,1983,36,36,"3,239",36,0,0,0,0,0,0,1,1,0,0,0,0,0,0,0,0,0,0,0,0,0,0,0,0,0,Matches,2018-2019
84,Rémy Cabella,fr FRA,"MF,FW",Saint-Étienne,28,1990,34,34,"2,997",33.3,8,4,12,7,1,1,5,1,9.9,9.1,5.4,14.5,224,279,270,0.24,0.12,0.36,0.21,0.33,0.3,0.16,0.46,0.27,0.44,Matches,2018-2019
85,Anthony Caci,fr FRA,DF,Strasbourg,21,1997,29,26,"2,298",25.5,0,1,1,0,0,0,1,0,0.2,0.2,0.7,0.8,32,94,51,0,0.04,0.04,0,0.04,0.01,0.03,0.03,0.01,0.03,Matches,2018-2019
86,Mathieu Cafaro,fr FRA,"FW,MF",Reims,21,1997,34,24,"2,095",23.3,7,3,10,7,0,0,5,0,3.6,3.6,2.9,6.5,62,79,133,0.3,0.13,0.43,0.3,0.43,0.15,0.13,0.28,0.15,0.28,Matches,2018-2019
87,Yannick Cahuzac,fr FRA,"MF,DF",Toulouse,33,1985,23,15,"1,431",15.9,1,0,1,1,0,0,8,1,0.3,0.3,0.5,0.8,5,38,7,0.06,0,0.06,0.06,0.06,0.02,0.03,0.05,0.02,0.05,Matches,2018-2019
88,Marc-Aurèle Caillard,fr FRA,GK,Guingamp,24,1994,21,21,"1,890",21,0,0,0,0,0,0,0,0,0,0,0,0,0,0,0,0,0,0,0,0,0,0,0,0,0,Matches,2018-2019
89,Duje Ćaleta-Car,hr CRO,DF,Marseille,21,1996,20,17,"1,547",17.2,0,0,0,0,0,0,1,2,0.8,0.8,0,0.8,13,40,2,0,0,0,0,0,0.05,0,0.05,0.05,0.05,Matches,2018-2019
90,Mahdi Camara,fr FRA,FW,Saint-Étienne,20,1998,1,0,10,0.1,0,0,0,0,0,0,0,0,0,0,0,0,0,0,0,0,0,0,0,0,0,0,0,0,0,Matches,2018-2019
91,Souleymane Camara,sn SEN,"FW,MF",Montpellier,35,1982,12,0,137,1.5,3,0,3,3,0,0,0,0,0.9,0.9,0.2,1.1,4,5,21,1.97,0,1.97,1.97,1.97,0.59,0.14,0.73,0.59,0.73,Matches,2018-2019
92,Eduardo Camavinga,fr FRA,MF,Rennes,15,2002,7,4,364,4,0,0,0,0,0,0,1,0,0.1,0.1,0.3,0.4,9,18,6,0,0,0,0,0,0.02,0.07,0.09,0.02,0.09,Matches,2018-2019
93,Pierrick Capelle,fr FRA,"DF,MF",Angers,31,1987,26,21,"1,842",20.5,3,3,6,3,0,0,2,0,2.7,2.7,3.3,6.1,45,74,74,0.15,0.15,0.29,0.15,0.29,0.13,0.16,0.3,0.13,0.3,Matches,2018-2019
94,Yoan Cardinale,fr FRA,GK,Nice,24,1994,3,3,270,3,0,0,0,0,0,0,0,0,0,0,0,0,0,0,0,0,0,0,0,0,0,0,0,0,0,Matches,2018-2019
95,Diego Carlos,br BRA,DF,Nantes,25,1993,35,35,"3,148",35,1,0,1,1,0,0,8,0,2,2,0.5,2.4,20,138,9,0.03,0,0.03,0.03,0.03,0.06,0.01,0.07,0.06,0.07,Matches,2018-2019
96,Louis Carnot,fr FRA,MF,Guingamp,17,2001,1,0,8,0.1,0,0,0,0,0,0,0,0,0,0,0.4,0.4,0,0,2,0,0,0,0,0,0,4.89,4.89,0,4.89,Matches,2018-2019
97,Lionel Carole,fr FRA,"DF,FW",Strasbourg,27,1991,23,20,"1,727",19.2,0,3,3,0,0,0,2,0,0.5,0.5,1.6,2.1,53,97,99,0,0.16,0.16,0,0.16,0.02,0.08,0.11,0.02,0.11,Matches,2018-2019
98,Moreto Cassamã,gw GNB,MF,Reims,20,1998,1,1,59,0.7,0,0,0,0,0,0,0,0,0,0,0,0,0,4,2,0,0,0,0,0,0,0,0,0,0,Matches,2018-2019
99,Edinson Cavani,uy URU,FW,Paris S-G,31,1987,21,20,"1,671",18.6,18,5,23,14,4,5,1,0,14.5,10.6,3.6,14.1,16,16,122,0.97,0.27,1.24,0.75,1.02,0.78,0.19,0.97,0.57,0.76,Matches,2018-2019
100,Zeki Çelik,tr TUR,DF,Lille,21,1997,34,34,"2,971",33,1,5,6,1,0,0,5,1,1.1,1.1,2.7,3.9,58,117,181,0.03,0.15,0.18,0.03,0.18,0.03,0.08,0.12,0.03,0.12,Matches,2018-2019
101,Nacer Chadli,be BEL,"MF,DF",Monaco,28,1989,16,9,691,7.7,0,0,0,0,0,0,1,0,0.1,0.1,0.6,0.7,21,26,51,0,0,0,0,0,0.01,0.08,0.09,0.01,0.09,Matches,2018-2019
102,Fouad Chafik,ma MAR,DF,Dijon,31,1986,21,21,"1,847",20.5,0,2,2,0,0,0,2,0,0.3,0.3,1.9,2.2,48,75,68,0,0.1,0.1,0,0.1,0.01,0.09,0.11,0.01,0.11,Matches,2018-2019
103,Kwon Chang-hoon,kr KOR,"FW,MF",Dijon,24,1994,19,10,938,10.4,2,0,2,2,0,0,1,0,1.7,1.7,0.8,2.5,20,37,83,0.19,0,0.19,0.19,0.19,0.16,0.08,0.24,0.16,0.24,Matches,2018-2019
104,Xavier Chavalerin,fr FRA,MF,Reims,27,1991,36,36,"3,240",36,2,2,4,2,0,0,8,0,1,1,3.6,4.6,25,148,49,0.06,0.06,0.11,0.06,0.11,0.03,0.1,0.13,0.03,0.13,Matches,2018-2019
105,Pablo Chavarría,ar ARG,FW,Reims,30,1988,30,23,"1,973",21.9,5,3,8,5,0,0,3,0,5.8,5.8,1.6,7.3,28,27,141,0.23,0.14,0.36,0.23,0.36,0.26,0.07,0.33,0.26,0.33,Matches,2018-2019
106,Pape Cheikh Diop,sn SEN,MF,Lyon,20,1997,12,5,454,5,0,0,0,0,0,0,3,0,0.4,0.4,0.1,0.5,4,14,15,0,0,0,0,0,0.08,0.02,0.09,0.08,0.09,Matches,2018-2019
107,Laurent Ciman,be BEL,DF,Dijon,32,1985,9,7,717,8,0,0,0,0,0,0,3,0,0.4,0.4,0.4,0.8,1,39,0,0,0,0,0,0,0.05,0.05,0.1,0.05,0.1,Matches,2018-2019
108,Till Cissokho,fr FRA,DF,Bordeaux,18,2000,1,1,78,0.9,0,0,0,0,0,0,0,0,0,0,0.1,0.1,1,0,0,0,0,0,0,0,0,0.06,0.06,0,0.06,Matches,2018-2019
109,Marcus Coco,fr FRA,"FW,MF",Guingamp,22,1996,33,21,"1,840",20.4,1,2,3,1,0,0,3,1,2.8,2.8,1.3,4.1,63,43,186,0.05,0.1,0.15,0.05,0.15,0.14,0.06,0.2,0.14,0.2,Matches,2018-2019
110,Racine Coly,sn SEN,"DF,MF",Nice,22,1995,9,6,503,5.6,0,1,1,0,0,0,2,0,0.2,0.2,0.3,0.5,13,20,27,0,0.18,0.18,0,0.18,0.03,0.05,0.08,0.03,0.08,Matches,2018-2019
111,Daniel Congré,fr FRA,DF,Montpellier,33,1985,37,37,"3,292",36.6,2,2,4,2,0,0,5,1,2.3,2.3,0.8,3.1,22,169,20,0.05,0.05,0.11,0.05,0.11,0.06,0.02,0.09,0.06,0.09,Matches,2018-2019
112,Benjamin Corgnet,fr FRA,"MF,FW",Strasbourg,31,1987,17,6,671,7.5,1,2,3,1,0,0,0,0,1.6,1.6,1,2.6,9,24,45,0.13,0.27,0.4,0.13,0.4,0.22,0.13,0.35,0.22,0.35,Matches,2018-2019
113,Andreas Cornelius,dk DEN,FW,Bordeaux,25,1993,20,6,792,8.8,3,1,4,3,0,0,4,0,2.3,2.3,0.5,2.8,6,10,58,0.34,0.11,0.45,0.34,0.45,0.26,0.06,0.32,0.26,0.32,Matches,2018-2019
114,Maxwel Cornet,ci CIV,FW,Lyon,21,1996,27,12,"1,281",14.2,7,5,12,7,0,0,2,0,7.4,7.4,4.1,11.5,62,22,198,0.49,0.35,0.84,0.49,0.84,0.52,0.29,0.81,0.52,0.81,Matches,2018-2019
115,Quentin Cornette,fr FRA,"FW,MF",Amiens,24,1994,5,3,209,2.3,0,0,0,0,0,0,0,0,0.2,0.2,0,0.2,9,5,11,0,0,0,0,0,0.09,0,0.09,0.09,0.09,Matches,2018-2019
116,Nuno da Costa,cv CPV,FW,Strasbourg,27,1991,34,22,"2,052",22.8,8,5,13,7,1,1,3,0,5.4,4.7,3,7.7,32,41,180,0.35,0.22,0.57,0.31,0.53,0.24,0.13,0.37,0.2,0.34,Matches,2018-2019
117,Benoît Costil,fr FRA,GK,Bordeaux,31,1987,37,37,"3,330",37,0,0,0,0,0,0,0,0,0,0,0.1,0.1,0,0,0,0,0,0,0,0,0,0,0,0,0,Matches,2018-2019
118,Kalifa Coulibaly,ml MLI,FW,Nantes,26,1991,32,19,"1,751",19.5,8,2,10,7,1,1,6,1,9.5,8.7,1.5,10.3,32,31,132,0.41,0.1,0.51,0.36,0.46,0.49,0.08,0.57,0.45,0.53,Matches,2018-2019
119,Senou Coulibaly,ml MLI,DF,Dijon,23,1994,9,6,411,4.6,1,0,1,1,0,0,1,1,0.2,0.2,0.3,0.5,1,9,0,0.22,0,0.22,0.22,0.22,0.05,0.07,0.12,0.05,0.12,Matches,2018-2019
120,Nicolas Cozza,fr FRA,DF,Montpellier,19,1999,12,11,984,10.9,0,1,1,0,0,0,0,0,0,0,0.5,0.5,12,35,14,0,0.09,0.09,0,0.09,0,0.05,0.05,0,0.05,Matches,2018-2019
121,Enzo Crivelli,fr FRA,FW,Caen,23,1995,33,28,"2,260",25.1,6,1,7,6,0,0,7,0,5.1,5.1,0.9,6,17,29,123,0.24,0.04,0.28,0.24,0.28,0.2,0.04,0.24,0.2,0.24,Matches,2018-2019
122,Wylan Cyprien,fr FRA,MF,Nice,23,1995,29,27,"2,360",26.2,4,1,5,3,1,2,2,1,5.2,3.6,5.2,8.8,29,197,44,0.15,0.04,0.19,0.11,0.15,0.2,0.2,0.39,0.14,0.33,Matches,2018-2019
123,Damien Da Silva,fr FRA,DF,Rennes,30,1988,33,32,"2,874",31.9,2,1,3,2,0,0,4,0,2.1,2.1,0.2,2.3,21,74,5,0.06,0.03,0.09,0.06,0.09,0.07,0.01,0.07,0.07,0.07,Matches,2018-2019
124,Kouadio-Yves Dabila,ci CIV,DF,Lille,21,1997,12,8,782,8.7,0,0,0,0,0,0,2,0,0.1,0.1,0,0.1,1,9,0,0,0,0,0,0,0.01,0,0.01,0.01,0.01,Matches,2018-2019
125,Abdoulaye Dabo,fr FRA,FW,Nantes,17,2001,2,2,116,1.3,0,0,0,0,0,0,0,0,0,0,0.3,0.3,2,6,5,0,0,0,0,0,0,0.26,0.26,0,0.26,Matches,2018-2019
126,Colin Dagba,fr FRA,"DF,MF",Paris S-G,19,1998,17,9,918,10.2,0,2,2,0,0,0,2,0,0.1,0.1,1.9,2,22,25,80,0,0.2,0.2,0,0.2,0.01,0.19,0.2,0.01,0.2,Matches,2018-2019
127,Dante,br BRA,DF,Nice,34,1983,36,36,"3,226",35.8,1,1,2,1,0,0,11,0,1.8,1.8,0.3,2,10,81,2,0.03,0.03,0.06,0.03,0.06,0.05,0.01,0.06,0.05,0.06,Matches,2018-2019
128,Lucas Deaux,fr FRA,MF,Guingamp,29,1988,18,17,"1,188",13.2,3,1,4,3,0,0,4,0,1.9,1.9,1.5,3.4,19,58,39,0.23,0.08,0.3,0.23,0.3,0.14,0.11,0.26,0.14,0.26,Matches,2018-2019
129,Mathieu Debuchy,fr FRA,DF,Saint-Étienne,33,1985,24,23,"1,941",21.6,4,3,7,4,0,0,5,1,2.3,2.3,2.3,4.6,31,79,105,0.19,0.14,0.32,0.19,0.32,0.1,0.11,0.21,0.1,0.21,Matches,2018-2019
130,Romain Del Castillo,fr FRA,"MF,FW",Rennes,22,1996,29,15,"1,343",14.9,0,3,3,0,0,0,1,0,0.8,0.8,3,3.8,69,49,151,0,0.2,0.2,0,0.2,0.05,0.2,0.26,0.05,0.26,Matches,2018-2019
131,Andy Delort,dz ALG,FW,Montpellier,26,1991,36,36,"3,115",34.6,14,7,21,11,3,3,4,0,15.2,12.8,8.3,21.1,79,102,345,0.4,0.2,0.61,0.32,0.52,0.44,0.24,0.68,0.37,0.61,Matches,2018-2019
132,Moussa Dembélé,fr FRA,FW,Lyon,22,1996,33,21,"2,016",22.4,15,4,19,14,1,2,1,0,17.1,15.5,2.7,18.2,44,24,164,0.67,0.18,0.85,0.62,0.8,0.76,0.12,0.88,0.69,0.81,Matches,2018-2019
133,Jessy Deminguet,fr FRA,MF,Caen,20,1998,20,15,"1,269",14.1,0,0,0,0,0,0,2,0,0.2,0.2,0.2,0.4,30,38,17,0,0,0,0,0,0.02,0.01,0.03,0.02,0.03,Matches,2018-2019
134,Jason Denayer,be BEL,DF,Lyon,23,1995,31,31,"2,754",30.6,2,0,2,2,0,0,2,0,1.7,1.7,0.4,2.1,38,136,3,0.07,0,0.07,0.07,0.07,0.06,0.01,0.07,0.06,0.07,Matches,2018-2019
135,Clément Depres,fr FRA,FW,Nîmes,23,1994,17,4,441,4.9,4,0,4,4,0,0,1,0,2.3,2.3,0.2,2.4,9,13,31,0.82,0,0.82,0.82,0.82,0.46,0.03,0.5,0.46,0.5,Matches,2018-2019
136,Ángel Di María,ar ARG,"FW,MF",Paris S-G,30,1988,30,28,"2,324",25.8,12,11,23,12,0,0,2,0,8.7,8.7,7.8,16.5,98,151,277,0.46,0.43,0.89,0.46,0.89,0.34,0.3,0.64,0.34,0.64,Matches,2018-2019
137,Boulaye Dia,sn SEN,FW,Reims,21,1996,18,8,747,8.3,3,0,3,3,0,0,2,0,3.7,3.7,0.8,4.5,20,12,63,0.36,0,0.36,0.36,0.36,0.44,0.09,0.54,0.44,0.54,Matches,2018-2019
138,Moussa Diaby,fr FRA,"MF,DF",Paris S-G,19,1999,25,10,"1,141",12.7,2,6,8,2,0,0,1,0,2.2,2.2,3.9,6.2,60,37,148,0.16,0.47,0.63,0.16,0.63,0.18,0.31,0.49,0.18,0.49,Matches,2018-2019
139,Bafodé Diakité,fr FRA,DF,Toulouse,17,2001,9,7,633,7,1,0,1,1,0,0,2,0,0.1,0.1,0.1,0.1,8,24,24,0.14,0,0.14,0.14,0.14,0.01,0.01,0.02,0.01,0.02,Matches,2018-2019
140,Abdoulaye Diallo,sn SEN,GK,Rennes,26,1992,6,6,495,5.5,0,0,0,0,0,0,0,0,0,0,0,0,0,0,0,0,0,0,0,0,0,0,0,0,0,Matches,2018-2019
141,Mustapha Diallo,sn SEN,MF,Nîmes,32,1986,7,6,455,5.1,0,1,1,0,0,0,5,0,0.4,0.4,0.1,0.4,0,14,2,0,0.2,0.2,0,0.2,0.07,0.02,0.09,0.07,0.09,Matches,2018-2019
142,Lassana Diarra,fr FRA,MF,Paris S-G,33,1985,3,2,159,1.8,0,0,0,0,0,0,0,0,0,0,0,0,0,11,0,0,0,0,0,0,0,0.02,0.02,0,0.02,Matches,2018-2019
143,Bakaye Dibassy,ml MLI,DF,Amiens,28,1989,34,32,"2,942",32.7,1,1,2,1,0,0,5,1,1.3,1.3,0.5,1.8,37,94,68,0.03,0.03,0.06,0.03,0.06,0.04,0.01,0.05,0.04,0.05,Matches,2018-2019
144,Étienne Didot,fr FRA,MF,Guingamp,35,1983,31,23,"2,105",23.4,1,1,2,1,0,0,4,0,0.8,0.8,1.9,2.7,15,150,35,0.04,0.04,0.09,0.04,0.09,0.03,0.08,0.12,0.03,0.12,Matches,2018-2019
145,Tristan Dingomé,cm CMR,MF,Reims,27,1991,20,17,"1,344",14.9,1,3,4,1,0,0,5,0,0.4,0.4,2.2,2.6,7,93,78,0.07,0.2,0.27,0.07,0.27,0.03,0.15,0.18,0.03,0.18,Matches,2018-2019
146,Ismaël Diomandé,ci CIV,"MF,DF",Caen,25,1992,18,14,"1,293",14.4,0,1,1,0,0,0,5,1,0.2,0.2,0.3,0.5,6,50,4,0,0.07,0.07,0,0.07,0.02,0.02,0.04,0.02,0.04,Matches,2018-2019
147,Lois Diony,fr FRA,FW,Saint-Étienne,25,1992,30,19,"1,591",17.7,5,1,6,5,0,0,3,0,8.1,8.1,1.8,10,34,18,157,0.28,0.06,0.34,0.28,0.34,0.46,0.1,0.56,0.46,0.56,Matches,2018-2019
148,Sofiane Diop,fr FRA,"MF,FW",Monaco,18,2000,13,9,741,8.2,0,0,0,0,0,0,1,0,0.6,0.6,1,1.6,24,18,64,0,0,0,0,0,0.07,0.12,0.19,0.07,0.19,Matches,2018-2019
149,Assane Dioussé,sn SEN,MF,Saint-Étienne,20,1997,7,2,217,2.4,0,0,0,0,0,0,0,0,0,0,0.6,0.6,4,15,6,0,0,0,0,0,0.02,0.25,0.27,0.02,0.27,Matches,2018-2019
150,Axel Disasi,fr FRA,DF,Reims,20,1998,4,1,159,1.8,0,0,0,0,0,0,0,0,0,0,0.1,0.1,0,2,3,0,0,0,0,0,0,0.03,0.03,0,0.03,Matches,2018-2019
151,Koffi Djidji,ci CIV,DF,Nantes,25,1992,1,1,90,1,0,0,0,0,0,0,0,0,0,0,0,0,0,5,0,0,0,0,0,0,0,0,0,0,0,Matches,2018-2019
152,Alexander Djiku,gh GHA,DF,Caen,23,1994,31,31,"2,754",30.6,1,0,1,1,0,0,9,1,1.2,1.2,0.3,1.4,7,68,3,0.03,0,0.03,0.03,0.03,0.04,0.01,0.05,0.04,0.05,Matches,2018-2019
153,Papy Djilobodji,sn SEN,DF,Guingamp,29,1988,4,2,175,1.9,0,0,0,0,0,0,1,1,0.1,0.1,0.1,0.2,0,10,1,0,0,0,0,0,0.06,0.03,0.09,0.06,0.09,Matches,2018-2019
154,Keagan Dolly,za RSA,FW,Montpellier,25,1993,3,2,88,1,0,0,0,0,0,0,0,0,0,0,0.1,0.1,2,7,5,0,0,0,0,0,0.04,0.07,0.11,0.04,0.11,Matches,2018-2019
155,Mathieu Dossevi,tg TOG,"FW,MF",Toulouse,30,1988,35,30,"2,469",27.4,4,2,6,4,0,0,0,0,2.5,2.5,4.9,7.4,119,53,256,0.15,0.07,0.22,0.15,0.22,0.09,0.18,0.27,0.09,0.27,Matches,2018-2019
156,Moussa Doumbia,ml MLI,"FW,MF",Reims,23,1994,28,18,"1,600",17.8,3,1,4,3,0,0,5,0,1.4,1.4,2,3.5,75,73,128,0.17,0.06,0.23,0.17,0.23,0.08,0.11,0.19,0.08,0.19,Matches,2018-2019
157,Souleyman Doumbia,ci CIV,DF,Rennes,21,1996,7,7,605,6.7,0,0,0,0,0,0,0,0,0,0,0,0,13,26,22,0,0,0,0,0,0,0,0,0,0,Matches,2018-2019
158,Julian Draxler,de GER,"MF,FW",Paris S-G,24,1993,31,22,"2,046",22.7,3,7,10,3,0,0,6,0,4.1,4.1,5,9.1,93,193,169,0.13,0.31,0.44,0.13,0.44,0.18,0.22,0.4,0.18,0.4,Matches,2018-2019
159,Leo Dubois,fr FRA,DF,Lyon,23,1994,25,21,"2,044",22.7,1,6,7,1,0,0,2,0,0.9,0.9,4.5,5.4,86,129,157,0.04,0.26,0.31,0.04,0.31,0.04,0.2,0.24,0.04,0.24,Matches,2018-2019
160,Maxime Dupé,fr FRA,GK,Nantes,25,1993,11,10,940,10.4,0,0,0,0,0,0,1,0,0,0,0,0,0,0,0,0,0,0,0,0,0,0,0,0,0,Matches,2018-2019
161,Jimmy Durmaz,se SWE,"MF,FW",Toulouse,29,1989,36,21,"1,899",21.1,4,1,5,2,2,2,5,0,4.4,2.8,2.9,5.7,60,144,110,0.19,0.05,0.24,0.09,0.14,0.21,0.14,0.35,0.13,0.27,Matches,2018-2019
162,Félix Eboa Eboa,cm CMR,DF,Guingamp,21,1997,27,27,"2,426",27,3,0,3,3,0,0,5,0,1.7,1.7,0.3,2,9,74,3,0.11,0,0.11,0.11,0.11,0.06,0.01,0.08,0.06,0.08,Matches,2018-2019
163,Björn Engels,be BEL,DF,Reims,23,1994,33,33,"2,970",33,1,1,2,1,0,0,4,0,1.1,1.1,1.3,2.5,20,104,4,0.03,0.03,0.06,0.03,0.06,0.03,0.04,0.07,0.03,0.07,Matches,2018-2019
164,Lucas Evangelista,br BRA,"FW,MF",Nantes,23,1995,14,9,720,8,1,0,1,1,0,0,0,0,0.8,0.8,0.1,0.9,14,34,61,0.12,0,0.12,0.12,0.12,0.1,0.02,0.12,0.1,0.12,Matches,2018-2019
165,Valentin Eysseric,fr FRA,"MF,FW",Nantes,26,1992,5,3,209,2.3,1,0,1,0,1,2,1,0,1.9,0.4,0.3,0.7,6,6,13,0.43,0,0.43,0,0,0.83,0.14,0.98,0.15,0.3,Matches,2018-2019
166,Fábio,br BRA,"DF,FW",Nantes,28,1990,20,15,"1,276",14.2,0,2,2,0,0,0,4,1,0.1,0.1,1,1,44,47,55,0,0.14,0.14,0,0.14,0.01,0.07,0.07,0.01,0.07,Matches,2018-2019
167,Cesc Fàbregas,es ESP,MF,Monaco,31,1987,13,12,966,10.7,1,0,1,1,0,0,2,0,1.5,1.5,1,2.5,12,113,31,0.09,0,0.09,0.09,0.09,0.14,0.09,0.23,0.14,0.23,Matches,2018-2019
168,Romain Faivre,fr FRA,MF,Monaco,20,1998,1,1,90,1,0,0,0,0,0,0,1,0,0.1,0.1,0,0.1,5,7,9,0,0,0,0,0,0.12,0.03,0.15,0.12,0.15,Matches,2018-2019
169,Fayçal Fajr,ma MAR,MF,Caen,29,1988,36,36,"3,240",36,5,4,9,4,1,1,6,0,3.2,2.4,5.7,8.2,39,225,59,0.14,0.11,0.25,0.11,0.22,0.09,0.16,0.25,0.07,0.23,Matches,2018-2019
170,Radamel Falcao,co COL,FW,Monaco,32,1986,33,29,"2,557",28.4,15,2,17,12,3,4,10,0,15.2,12,2,14,22,47,166,0.53,0.07,0.6,0.42,0.49,0.53,0.07,0.6,0.42,0.49,Matches,2018-2019
171,Nabil Fekir,fr FRA,MF,Lyon,25,1993,29,24,"1,988",22.1,9,7,16,5,4,6,5,0,10.2,5.5,5.4,10.9,62,134,175,0.41,0.32,0.72,0.23,0.54,0.46,0.24,0.71,0.25,0.49,Matches,2018-2019
172,Yassin Fekir,fr FRA,FW,Lyon,21,1997,1,0,12,0.1,0,0,0,0,0,0,0,0,0,0,0.1,0.1,1,0,2,0,0,0,0,0,0.19,0.42,0.61,0.19,0.61,Matches,2018-2019
173,Juan Ferney Otero,co COL,"FW,MF",Amiens,23,1995,33,24,"2,175",24.2,2,2,4,2,0,0,1,0,3,3,2.3,5.3,82,83,193,0.08,0.08,0.17,0.08,0.17,0.12,0.1,0.22,0.12,0.22,Matches,2018-2019
174,Jordan Ferri,fr FRA,MF,Nîmes,26,1992,24,21,"1,874",20.8,2,1,3,2,0,0,5,0,0.7,0.7,2.9,3.5,55,170,57,0.1,0.05,0.14,0.1,0.14,0.03,0.14,0.17,0.03,0.17,Matches,2018-2019
175,Jordan Ferri,fr FRA,MF,Lyon,26,1992,4,1,116,1.3,0,0,0,0,0,0,0,0,0,0,0,0,4,12,7,0,0,0,0,0,0,0,0,0,0,Matches,2018-2019
176,Guessouma Fofana,mr MTN,MF,Amiens,25,1992,3,2,186,2.1,0,0,0,0,0,0,1,0,0,0,0,0,1,5,5,0,0,0,0,0,0,0,0,0,0,Matches,2018-2019
177,Guessouma Fofana,mr MTN,MF,Guingamp,25,1992,10,4,479,5.3,0,0,0,0,0,0,2,0,0.8,0.8,0,0.8,3,19,4,0,0,0,0,0,0.14,0.01,0.15,0.14,0.15,Matches,2018-2019
178,Wesley Fofana,fr FRA,DF,Saint-Étienne,17,2000,2,1,161,1.8,0,0,0,0,0,0,0,0,0,0,0,0,0,2,1,0,0,0,0,0,0,0,0,0,0,Matches,2018-2019
179,Youssouf Fofana,fr FRA,MF,Strasbourg,19,1999,17,10,912,10.1,2,1,3,2,0,0,0,0,1.2,1.2,0.6,1.8,21,27,21,0.2,0.1,0.3,0.2,0.3,0.12,0.06,0.17,0.12,0.17,Matches,2018-2019
180,Thomas Foket,be BEL,DF,Reims,23,1994,32,32,"2,880",32,0,0,0,0,0,0,7,0,0.1,0.1,0.9,1,43,104,110,0,0,0,0,0,0,0.03,0.03,0,0.03,Matches,2018-2019
181,Thomas Fontaine,mg MAD,"DF,MF",Reims,27,1991,7,4,420,4.7,0,1,1,0,0,0,1,0,0,0,0.4,0.4,2,8,0,0,0.21,0.21,0,0.21,0,0.08,0.08,0,0.08,Matches,2018-2019
182,José Fonte,pt POR,DF,Lille,34,1983,36,36,"3,110",34.6,3,1,4,3,0,0,5,1,4.6,4.6,0.4,5,39,159,12,0.09,0.03,0.12,0.09,0.12,0.13,0.01,0.15,0.13,0.15,Matches,2018-2019
183,Rui Fonte,pt POR,"FW,MF",Lille,28,1990,18,5,627,7,1,0,1,1,0,0,1,0,0.6,0.6,0.3,1,6,17,40,0.14,0,0.14,0.14,0.14,0.09,0.04,0.14,0.09,0.14,Matches,2018-2019
184,Steven Fortes,cv CPV,DF,Toulouse,26,1992,3,1,136,1.5,0,0,0,0,0,0,0,0,0,0,0,0,1,5,0,0,0,0,0,0,0,0,0,0,0,Matches,2018-2019
185,Angelo Fulgini,fr FRA,"MF,FW",Angers,21,1996,31,18,"1,635",18.2,4,1,5,4,0,0,1,0,3.1,3.1,3.6,6.7,43,87,127,0.22,0.06,0.28,0.22,0.28,0.17,0.2,0.37,0.17,0.37,Matches,2018-2019
186,Milan Gajić,rs SRB,DF,Bordeaux,22,1996,1,1,90,1,0,0,0,0,0,0,0,0,0,0,0,0,0,2,2,0,0,0,0,0,0,0,0,0,0,Matches,2018-2019
187,Ignatius Ganago,cm CMR,FW,Nice,19,1999,20,9,"1,036",11.5,2,0,2,2,0,0,1,0,2.9,2.9,1,3.9,21,14,74,0.17,0,0.17,0.17,0.17,0.25,0.09,0.34,0.25,0.34,Matches,2018-2019
188,Ganso,br BRA,"MF,FW",Amiens,28,1989,12,5,520,5.8,0,2,2,0,0,0,0,0,0.4,0.4,1.1,1.5,7,43,26,0,0.35,0.35,0,0.35,0.06,0.19,0.25,0.06,0.25,Matches,2018-2019
189,Manu García,es ESP,MF,Toulouse,20,1998,31,21,"1,843",20.5,0,4,4,0,0,0,2,1,0.8,0.8,1.8,2.6,36,139,65,0,0.2,0.2,0,0.2,0.04,0.09,0.12,0.04,0.12,Matches,2018-2019
190,Jérémy Gélin,fr FRA,"DF,MF",Rennes,21,1997,22,12,"1,278",14.2,0,0,0,0,0,0,3,1,0.9,0.9,0.1,1,5,79,1,0,0,0,0,0,0.06,0.01,0.07,0.06,0.07,Matches,2018-2019
191,Romain Genevois,ht HAI,DF,Caen,30,1987,6,5,357,4,0,0,0,0,0,0,0,0,0,0,0,0,2,11,3,0,0,0,0,0,0,0,0,0,0,Matches,2018-2019
192,Valère Germain,fr FRA,FW,Marseille,28,1990,36,23,"2,170",24.1,8,2,10,8,0,0,1,0,4.8,4.8,3.2,7.9,9,29,111,0.33,0.08,0.41,0.33,0.41,0.2,0.13,0.33,0.2,0.33,Matches,2018-2019
193,Willem Geubbels,fr FRA,MF,Monaco,16,2001,1,0,8,0.1,0,0,0,0,0,0,0,0,0,0,0,0,0,0,1,0,0,0,0,0,0,0,0,0,0,Matches,2018-2019
194,Lamine Ghezali,fr FRA,"FW,MF",Saint-Étienne,19,1999,6,0,44,0.5,1,0,1,1,0,0,1,0,0.3,0.3,0,0.3,6,3,11,2.05,0,2.05,2.05,2.05,0.71,0,0.71,0.71,0.71,Matches,2018-2019
195,Saman Ghoddos,ir IRN,"FW,MF",Amiens,24,1993,27,20,"1,827",20.3,4,4,8,4,0,0,4,0,2.6,2.6,2.6,5.2,40,44,124,0.2,0.2,0.39,0.2,0.39,0.13,0.13,0.26,0.13,0.26,Matches,2018-2019
196,Andrei Girotto,br BRA,MF,Nantes,26,1992,20,18,"1,475",16.4,2,0,2,2,0,0,6,3,1.1,1.1,0.4,1.5,17,81,10,0.12,0,0.12,0.12,0.12,0.07,0.03,0.09,0.07,0.09,Matches,2018-2019
197,Kamil Glik,pl POL,DF,Monaco,30,1988,33,33,"2,970",33,1,0,1,1,0,0,10,0,1.4,1.4,0.1,1.5,30,107,2,0.03,0,0.03,0.03,0.03,0.04,0,0.04,0.04,0.04,Matches,2018-2019
198,Eddy Gnahoré,fr FRA,MF,Amiens,24,1993,34,24,"2,243",24.9,4,2,6,4,0,0,4,2,4.3,4.3,2.5,6.8,45,88,63,0.16,0.08,0.24,0.16,0.24,0.17,0.1,0.27,0.17,0.27,Matches,2018-2019
199,Mauro Goicoechea,uy URU,GK,Toulouse,30,1988,8,7,713,7.9,0,0,0,0,0,0,0,0,0,0,0,0,0,0,0,0,0,0,0,0,0,0,0,0,0,Matches,2018-2019
200,Aleksandr Golovin,ru RUS,"MF,FW",Monaco,22,1996,30,27,"2,290",25.4,3,3,6,3,0,0,7,1,4.3,4.3,2,6.3,80,120,151,0.12,0.12,0.24,0.12,0.24,0.17,0.08,0.25,0.17,0.25,Matches,2018-2019
201,Anthony Gonçalves,fr FRA,"MF,FW",Strasbourg,32,1986,18,12,"1,058",11.8,5,2,7,5,0,0,3,0,1.5,1.5,1.3,2.7,50,45,77,0.43,0.17,0.6,0.43,0.6,0.12,0.11,0.23,0.12,0.23,Matches,2018-2019
202,Mathieu Gorgelin,fr FRA,GK,Lyon,27,1990,4,4,360,4,0,0,0,0,0,0,0,0,0,0,0,0,0,0,0,0,0,0,0,0,0,0,0,0,0,Matches,2018-2019
203,Prince-Désir Gouano,fr FRA,DF,Amiens,24,1993,30,30,"2,620",29.1,1,0,1,1,0,0,2,0,0.5,0.5,0.2,0.8,5,52,1,0.03,0,0.03,0.03,0.03,0.02,0.01,0.03,0.02,0.03,Matches,2018-2019
204,Yoann Gourcuff,fr FRA,"MF,FW",Dijon,32,1986,8,0,134,1.5,0,0,0,0,0,0,0,0,0.4,0.4,0.1,0.5,9,9,11,0,0,0,0,0,0.26,0.09,0.35,0.26,0.35,Matches,2018-2019
205,Max Gradel,ci CIV,"FW,MF",Toulouse,30,1987,36,36,"3,240",36,11,5,16,7,4,8,6,0,14.8,8.5,7.1,15.6,174,127,349,0.31,0.14,0.44,0.19,0.33,0.41,0.2,0.61,0.24,0.43,Matches,2018-2019
206,Jonathan Gradit,fr FRA,DF,Caen,25,1992,24,23,"2,010",22.3,0,0,0,0,0,0,1,0,0.1,0.1,0.8,0.9,42,66,24,0,0,0,0,0,0,0.04,0.04,0,0.04,Matches,2018-2019
207,Samuel Grandsir,fr FRA,"MF,FW",Strasbourg,21,1996,8,2,237,2.6,0,0,0,0,0,0,0,1,0,0,0.4,0.4,9,6,21,0,0,0,0,0,0.01,0.14,0.15,0.01,0.15,Matches,2018-2019
208,Samuel Grandsir,fr FRA,"FW,MF",Monaco,21,1996,12,4,469,5.2,0,1,1,0,0,0,1,1,0.2,0.2,2.1,2.3,16,9,74,0,0.19,0.19,0,0.19,0.04,0.41,0.44,0.04,0.44,Matches,2018-2019
209,Clément Grenier,fr FRA,MF,Rennes,27,1991,33,29,"2,668",29.6,2,5,7,2,0,1,6,0,3.8,2.9,5.3,8.2,41,225,62,0.07,0.17,0.24,0.07,0.24,0.13,0.18,0.31,0.1,0.28,Matches,2018-2019
210,Jérémy Grimm,fr FRA,MF,Strasbourg,31,1987,5,2,168,1.9,0,0,0,0,0,0,2,0,0,0,0,0.1,1,6,3,0,0,0,0,0,0.02,0.02,0.05,0.02,0.05,Matches,2018-2019
211,Metehan Güçlü,tr TUR,MF,Paris S-G,19,1999,1,0,17,0.2,1,0,1,1,0,0,0,0,0.2,0.2,0.1,0.3,0,1,3,5.29,0,5.29,5.29,5.29,0.92,0.74,1.67,0.92,1.67,Matches,2018-2019
212,Makhtar Gueye,sn SEN,"FW,MF",Saint-Étienne,20,1997,5,0,50,0.6,1,1,2,1,0,0,0,0,0.2,0.2,0.4,0.6,1,1,8,1.8,1.8,3.6,1.8,3.6,0.33,0.8,1.14,0.33,1.14,Matches,2018-2019
213,Frederic Guilbert,fr FRA,DF,Caen,23,1994,34,33,"2,916",32.4,1,2,3,1,0,0,10,1,0.3,0.3,2.7,3.1,57,87,86,0.03,0.06,0.09,0.03,0.09,0.01,0.08,0.09,0.01,0.09,Matches,2018-2019
214,Baptiste Guillaume,be BEL,FW,Nîmes,23,1995,24,15,"1,183",13.1,2,1,3,2,0,0,4,0,3.3,3.3,0.8,4.1,9,26,61,0.15,0.08,0.23,0.15,0.23,0.25,0.06,0.31,0.25,0.31,Matches,2018-2019
215,Serhou Guirassy,gn GUI,FW,Amiens,22,1996,13,13,"1,111",12.3,3,1,4,3,0,0,0,1,4.1,4.1,1.4,5.5,16,31,93,0.24,0.08,0.32,0.24,0.32,0.34,0.11,0.45,0.34,0.45,Matches,2018-2019
216,Régis Gurtner,fr FRA,GK,Amiens,31,1986,38,38,"3,420",38,0,0,0,0,0,0,4,0,0,0,0.1,0.1,0,0,0,0,0,0,0,0,0,0,0,0,0,Matches,2018-2019
217,Luiz Gustavo,br BRA,"MF,DF",Marseille,31,1987,30,26,"2,436",27.1,2,0,2,2,0,0,8,0,2.2,2.2,0.5,2.7,32,108,14,0.07,0,0.07,0.07,0.07,0.08,0.02,0.1,0.08,0.1,Matches,2018-2019
218,Oussama Haddadi,tn TUN,DF,Dijon,26,1992,32,30,"2,674",29.7,2,2,4,2,0,0,6,1,0.6,0.6,2.7,3.4,95,102,183,0.07,0.07,0.13,0.07,0.13,0.02,0.09,0.11,0.02,0.11,Matches,2018-2019
219,Oualid El Hajjam,ma MAR,"DF,MF",Amiens,27,1991,11,6,544,6,0,0,0,0,0,0,1,0,0.1,0.1,0.1,0.1,10,25,18,0,0,0,0,0,0.01,0.01,0.02,0.01,0.02,Matches,2018-2019
220,Romain Hamouma,fr FRA,"FW,MF",Saint-Étienne,31,1987,27,19,"1,586",17.6,4,4,8,4,0,0,3,1,3.2,3.2,4.4,7.6,59,51,152,0.23,0.23,0.45,0.23,0.45,0.18,0.25,0.43,0.18,0.43,Matches,2018-2019
221,Féthi Harek,dz ALG,DF,Nîmes,35,1982,3,2,177,2,0,0,0,0,0,0,1,0,0,0,0,0,0,3,0,0,0,0,0,0,0,0,0,0,0,Matches,2018-2019
222,Benjamin Henrichs,de GER,"DF,MF",Monaco,21,1997,22,21,"1,824",20.3,1,2,3,1,0,0,3,0,0.4,0.4,2.4,2.9,52,102,135,0.05,0.1,0.15,0.05,0.15,0.02,0.12,0.14,0.02,0.14,Matches,2018-2019
223,Christophe Hérelle,mq MTQ,DF,Nice,25,1992,33,33,"2,937",32.6,0,0,0,0,0,0,9,1,2.2,2.2,0.3,2.5,16,140,4,0,0,0,0,0,0.07,0.01,0.08,0.07,0.08,Matches,2018-2019
224,Vitorino Hilton,br BRA,DF,Montpellier,40,1977,36,36,"3,232",35.9,0,2,2,0,0,0,5,1,2.2,2.2,0.8,3,12,114,5,0,0.06,0.06,0,0.06,0.06,0.02,0.08,0.06,0.08,Matches,2018-2019
225,Tomáš Hubočan,sk SVK,DF,Marseille,32,1985,2,0,69,0.8,0,0,0,0,0,0,1,0,0,0,0,0,0,2,0,0,0,0,0,0,0.02,0,0.02,0.02,0.02,Matches,2018-2019
226,Adrien Hunou,fr FRA,"FW,MF",Rennes,24,1994,19,14,"1,240",13.8,7,1,8,7,0,0,1,0,7.7,7.6,0.5,8.1,18,16,78,0.51,0.07,0.58,0.51,0.58,0.56,0.04,0.6,0.55,0.59,Matches,2018-2019
227,Suk Hyun-jun,kr KOR,FW,Reims,27,1991,22,7,793,8.8,3,0,3,3,0,0,3,0,3.3,3.3,0.5,3.8,11,15,46,0.34,0,0.34,0.34,0.34,0.38,0.06,0.43,0.38,0.43,Matches,2018-2019
228,Didier Ibrahim Ndong,ga GAB,MF,Guingamp,24,1994,11,8,744,8.3,0,0,0,0,0,0,3,0,0.1,0.1,0.1,0.2,13,33,12,0,0,0,0,0,0.01,0.01,0.03,0.01,0.03,Matches,2018-2019
229,Edgar Ié,gw GNB,DF,Lille,24,1994,7,1,239,2.7,0,0,0,0,0,0,1,0,0,0,0,0,4,7,3,0,0,0,0,0,0,0.01,0.01,0,0.01,Matches,2018-2019
230,Edgar Ié,gw GNB,DF,Nantes,24,1994,9,9,776,8.6,0,0,0,0,0,0,2,0,0.2,0.2,0,0.2,7,21,9,0,0,0,0,0,0.03,0,0.03,0.03,0.03,Matches,2018-2019
231,Jordan Ikoko,cd COD,DF,Guingamp,24,1994,20,19,"1,707",19,0,0,0,0,0,0,3,0,0.2,0.2,1,1.2,49,63,73,0,0,0,0,0,0.01,0.05,0.06,0.01,0.06,Matches,2018-2019
232,Jonathan Ikone,fr FRA,"MF,FW",Lille,20,1998,38,34,"2,796",31.1,3,9,12,3,0,0,3,0,5.1,5.1,6.2,11.2,112,96,199,0.1,0.29,0.39,0.1,0.39,0.16,0.2,0.36,0.16,0.36,Matches,2018-2019
233,Emmanuel Imorou,bj BEN,DF,Caen,29,1988,16,12,"1,119",12.4,0,1,1,0,0,0,2,0,0.1,0.1,0.2,0.3,21,23,30,0,0.08,0.08,0,0.08,0.01,0.01,0.02,0.01,0.02,Matches,2018-2019
234,Wilson Isidor,fr FRA,FW,Monaco,17,2000,1,0,42,0.5,0,0,0,0,0,0,0,0,0.1,0.1,0,0.1,1,0,4,0,0,0,0,0,0.14,0,0.14,0.14,0.14,Matches,2018-2019
235,Christophe Jallet,fr FRA,DF,Nice,34,1983,14,11,885,9.8,1,0,1,1,0,0,3,0,0.5,0.5,0.2,0.7,10,83,46,0.1,0,0.1,0.1,0.1,0.05,0.02,0.07,0.05,0.07,Matches,2018-2019
236,Nicolas Janvier,fr FRA,MF,Rennes,19,1998,1,0,3,0,0,0,0,0,0,0,0,0,0,0,0,0,0,1,0,0,0,0,0,0,0,0,0,0,0,Matches,2018-2019
237,Assil Jaziri,tn TUN,FW,Nice,18,1999,3,0,37,0.4,0,0,0,0,0,0,0,0,0.3,0.3,0.1,0.4,3,4,6,0,0,0,0,0,0.82,0.14,0.96,0.82,0.96,Matches,2018-2019
238,Corentin Jean,fr FRA,"FW,MF",Toulouse,23,1995,19,6,629,7,0,0,0,0,0,0,1,0,1.5,1.5,1.5,2.9,17,12,54,0,0,0,0,0,0.21,0.21,0.42,0.21,0.42,Matches,2018-2019
239,Benjamin Jeannot,fr FRA,"FW,MF",Dijon,26,1992,21,19,"1,436",16,2,0,2,2,0,0,3,0,3.5,3.5,0.5,4,6,45,87,0.13,0,0.13,0.13,0.13,0.22,0.03,0.25,0.22,0.25,Matches,2018-2019
240,Jemerson,br BRA,"DF,MF",Monaco,25,1992,25,25,"2,224",24.7,0,1,1,0,0,0,9,1,0.4,0.4,0.3,0.7,10,62,1,0,0.04,0.04,0,0.04,0.02,0.01,0.03,0.02,0.03,Matches,2018-2019
241,Jakob Johansson,se SWE,MF,Rennes,28,1990,16,7,712,7.9,1,0,1,1,0,0,0,0,0.6,0.6,0.5,1,10,38,3,0.13,0,0.13,0.13,0.13,0.07,0.06,0.13,0.07,0.13,Matches,2018-2019
242,Karl-Johan Johnsson,se SWE,GK,Guingamp,28,1990,17,17,"1,530",17,0,0,0,0,0,0,0,0,0,0,0,0,0,0,0,0,0,0,0,0,0,0,0,0,0,Matches,2018-2019
243,Evens Joseph,fr FRA,"MF,FW",Caen,19,1999,13,2,340,3.8,0,0,0,0,0,0,0,0,0.2,0.2,0.1,0.3,11,4,38,0,0,0,0,0,0.05,0.03,0.08,0.05,0.08,Matches,2018-2019
244,Vukašin Jovanović,rs SRB,DF,Bordeaux,22,1996,16,15,"1,377",15.3,0,0,0,0,0,0,7,1,0.2,0.2,0,0.3,11,72,0,0,0,0,0,0,0.02,0,0.02,0.02,0.02,Matches,2018-2019
245,Stevan Jovetić,me MNE,"MF,FW",Monaco,28,1989,8,4,399,4.4,2,0,2,2,0,0,1,0,2.2,2.2,0.5,2.8,7,14,17,0.45,0,0.45,0.45,0.45,0.51,0.12,0.63,0.51,0.63,Matches,2018-2019
246,Nathaël Julan,fr FRA,"FW,MF",Guingamp,22,1996,10,3,434,4.8,0,0,0,0,0,0,1,0,1.9,1.9,0.5,2.4,5,11,31,0,0,0,0,0,0.39,0.11,0.49,0.39,0.49,Matches,2018-2019
247,Christopher Jullien,fr FRA,DF,Toulouse,25,1993,34,34,"3,015",33.5,1,0,1,1,0,0,8,0,3.1,3.1,1.2,4.3,10,124,11,0.03,0,0.03,0.03,0.03,0.09,0.04,0.13,0.09,0.13,Matches,2018-2019
248,Sory Kaba,gn GUI,"FW,MF",Dijon,23,1995,9,2,232,2.6,0,0,0,0,0,0,0,0,0,0,0.4,0.4,2,6,28,0,0,0,0,0,0,0.16,0.16,0,0.16,Matches,2018-2019
249,Samuel Kalu,ng NGA,FW,Bordeaux,20,1997,21,14,"1,281",14.2,3,2,5,3,0,1,3,1,3.4,2.6,4.8,7.4,62,49,134,0.21,0.14,0.35,0.21,0.35,0.24,0.34,0.58,0.18,0.52,Matches,2018-2019
250,François Kamano,gn GUI,"FW,MF",Bordeaux,22,1996,37,29,"2,561",28.5,10,1,11,6,4,4,6,0,9.8,6.5,3.1,9.6,109,75,221,0.35,0.04,0.39,0.21,0.25,0.34,0.11,0.45,0.23,0.34,Matches,2018-2019
251,Boubacar Kamara,fr FRA,DF,Marseille,18,1999,31,27,"2,411",26.8,1,0,1,1,0,0,6,0,1,1,0.5,1.4,19,88,7,0.04,0,0.04,0.04,0.04,0.04,0.02,0.05,0.04,0.05,Matches,2018-2019
252,Hassane Kamara,ci CIV,"DF,FW",Reims,24,1994,16,9,926,10.3,0,0,0,0,0,0,1,0,0.9,0.9,0.5,1.4,24,31,17,0,0,0,0,0,0.09,0.05,0.13,0.09,0.13,Matches,2018-2019
253,Wilfried Kanga,ci CIV,FW,Angers,20,1998,18,4,493,5.5,2,0,2,2,0,0,3,0,2.2,2.2,0.2,2.5,7,4,46,0.37,0,0.37,0.37,0.37,0.41,0.04,0.45,0.41,0.45,Matches,2018-2019
254,Yann Karamoh,fr FRA,FW,Bordeaux,20,1998,22,13,"1,224",13.6,3,1,4,3,0,0,2,0,4.3,4.3,2.3,6.6,59,46,102,0.22,0.07,0.29,0.22,0.29,0.32,0.17,0.49,0.32,0.49,Matches,2018-2019
255,Eiji Kawashima,jp JPN,GK,Strasbourg,35,1983,1,1,90,1,0,0,0,0,0,0,0,0,0,0,0,0,0,0,0,0,0,0,0,0,0,0,0,0,0,Matches,2018-2019
256,Thilo Kehrer,de GER,DF,Paris S-G,21,1996,27,19,"1,902",21.1,1,2,3,1,0,0,4,0,2.2,2.2,0.5,2.8,31,91,44,0.05,0.09,0.14,0.05,0.14,0.11,0.02,0.13,0.11,0.13,Matches,2018-2019
257,Jules Keita,gn GUI,"FW,MF",Dijon,20,1998,17,2,456,5.1,2,1,3,2,0,0,3,0,2.1,2.1,0.7,2.8,25,17,63,0.39,0.2,0.59,0.39,0.59,0.42,0.13,0.55,0.42,0.55,Matches,2018-2019
258,Christophe Kerbrat,fr FRA,DF,Guingamp,31,1986,25,25,"2,095",23.3,0,0,0,0,0,0,3,1,0.1,0.1,0.2,0.3,10,75,3,0,0,0,0,0,0.01,0.01,0.01,0.01,0.01,Matches,2018-2019
259,Saîf-Eddine Khaoui,tn TUN,"MF,FW",Caen,23,1995,25,17,"1,353",15,3,1,4,3,0,0,0,0,1.7,1.7,0.6,2.4,21,56,60,0.2,0.07,0.27,0.2,0.27,0.11,0.04,0.16,0.11,0.16,Matches,2018-2019
260,Wahbi Khazri,tn TUN,"FW,MF",Saint-Étienne,27,1991,32,32,"2,817",31.3,13,6,19,9,4,4,10,1,12.4,9.2,6.9,16.1,80,120,235,0.42,0.19,0.61,0.29,0.48,0.4,0.22,0.62,0.29,0.52,Matches,2018-2019
261,Presnel Kimpembe,fr FRA,DF,Paris S-G,22,1995,24,23,"2,005",22.3,0,1,1,0,0,0,4,1,0.4,0.4,0.6,1.1,23,92,6,0,0.04,0.04,0,0.04,0.02,0.03,0.05,0.02,0.05,Matches,2018-2019
262,Djégui Koita,fr FRA,DF,Guingamp,18,1999,2,1,173,1.9,0,0,0,0,0,0,0,0,0,0,0,0,0,6,0,0,0,0,0,0,0,0,0,0,0,Matches,2018-2019
263,Randal Kolo Muani,fr FRA,FW,Nantes,19,1998,6,1,122,1.4,0,0,0,0,0,0,1,0,0.5,0.5,0,0.5,3,4,15,0,0,0,0,0,0.36,0,0.36,0.36,0.36,Matches,2018-2019
264,Timothée Kolodziejczak,fr FRA,DF,Saint-Étienne,26,1991,36,35,"3,184",35.4,3,3,6,3,0,0,7,0,2.5,2.5,0.9,3.4,43,148,56,0.08,0.08,0.17,0.08,0.17,0.07,0.03,0.1,0.07,0.1,Matches,2018-2019
265,Ghislain Konan,ci CIV,DF,Reims,22,1995,20,20,"1,800",20,0,1,1,0,0,0,0,0,0,0,1.4,1.5,88,87,57,0,0.05,0.05,0,0.05,0,0.07,0.07,0,0.07,Matches,2018-2019
266,Moussa Konaté,sn SEN,FW,Amiens,25,1993,27,21,"1,876",20.8,7,2,9,5,2,3,2,0,8.3,6,2.3,8.2,25,34,133,0.34,0.1,0.43,0.24,0.34,0.4,0.11,0.51,0.29,0.4,Matches,2018-2019
267,Lamine Koné,ci CIV,DF,Strasbourg,29,1989,27,23,"2,152",23.9,1,1,2,1,0,0,2,0,0.7,0.7,0.7,1.4,33,91,6,0.04,0.04,0.08,0.04,0.08,0.03,0.03,0.06,0.03,0.06,Matches,2018-2019
268,Manu Koné,fr FRA,MF,Toulouse,17,2001,1,1,68,0.8,0,0,0,0,0,0,0,0,0,0,0,0,0,5,3,0,0,0,0,0,0,0.04,0.04,0,0.04,Matches,2018-2019
269,Youssouf Koné,ml MLI,DF,Lille,23,1995,20,19,"1,709",19,0,1,1,0,0,0,3,0,0.1,0.1,0.9,1,49,95,76,0,0.05,0.05,0,0.05,0.01,0.05,0.05,0.01,0.05,Matches,2018-2019
270,Tomáš Koubek,cz CZE,GK,Rennes,25,1992,33,32,"2,925",32.5,0,0,0,0,0,0,1,0,0,0,0,0,0,0,0,0,0,0,0,0,0,0,0,0,0,Matches,2018-2019
271,Jules Koundé,fr FRA,DF,Bordeaux,19,1998,37,37,"3,330",37,0,1,1,0,0,0,4,0,1,1,0.8,1.8,32,149,3,0,0.03,0.03,0,0.03,0.03,0.02,0.05,0.03,0.05,Matches,2018-2019
272,Emil Krafth,se SWE,DF,Amiens,23,1994,35,33,"2,974",33,1,1,2,1,0,0,2,0,0.7,0.7,3.2,3.8,53,102,74,0.03,0.03,0.06,0.03,0.06,0.02,0.1,0.12,0.02,0.12,Matches,2018-2019
273,Rene Krhin,si SVN,MF,Nantes,28,1990,16,12,"1,057",11.7,0,0,0,0,0,0,2,0,0.4,0.4,0,0.4,7,42,0,0,0,0,0,0,0.03,0,0.04,0.03,0.04,Matches,2018-2019
274,Layvin Kurzawa,fr FRA,"DF,MF",Paris S-G,25,1992,19,11,"1,010",11.2,1,2,3,1,0,0,4,0,1,1,3.1,4.2,18,38,110,0.09,0.18,0.27,0.09,0.27,0.09,0.28,0.37,0.09,0.37,Matches,2018-2019
275,Rafał Kurzawa,pl POL,FW,Amiens,25,1993,11,2,239,2.7,1,0,1,1,0,0,0,0,0.4,0.4,0.2,0.6,2,6,20,0.38,0,0.38,0.38,0.38,0.16,0.08,0.24,0.16,0.24,Matches,2018-2019
276,Enock Kwateng,fr FRA,DF,Nantes,21,1997,30,22,"2,040",22.7,0,1,1,0,0,0,4,0,0.5,0.5,1.6,2,37,114,108,0,0.04,0.04,0,0.04,0.02,0.07,0.09,0.02,0.09,Matches,2018-2019
277,Grejohn Kyei,fr FRA,FW,Reims,22,1995,1,0,2,0,0,0,0,0,0,0,0,0,0,0,0,0,0,0,0,0,0,0,0,0,0,0,0,0,0,Matches,2018-2019
278,Gaëtan Laborde,fr FRA,FW,Bordeaux,24,1994,1,1,90,1,0,0,0,0,0,0,0,0,0,0,0,0,2,0,1,0,0,0,0,0,0,0.03,0.03,0,0.03,Matches,2018-2019
279,Gaëtan Laborde,fr FRA,"FW,MF",Montpellier,24,1994,36,35,"2,895",32.2,11,4,15,11,0,0,1,1,9.8,9.8,5.8,15.6,100,95,246,0.34,0.12,0.47,0.34,0.47,0.3,0.18,0.49,0.3,0.49,Matches,2018-2019
280,Kenny Lala,mg MAD,"DF,FW",Strasbourg,26,1991,34,34,"3,060",34,5,9,14,4,1,2,4,0,3.1,1.3,4.8,6.2,132,189,169,0.15,0.26,0.41,0.12,0.38,0.09,0.14,0.23,0.04,0.18,Matches,2018-2019
281,Mohamed Lamine Diaby,fr FRA,FW,Nice,17,2001,6,2,162,1.8,0,0,0,0,0,0,0,0,0.2,0.2,0,0.2,1,2,12,0,0,0,0,0,0.11,0.02,0.13,0.11,0.13,Matches,2018-2019
282,Loïck Landre,fr FRA,DF,Nîmes,26,1992,22,19,"1,591",17.7,3,0,3,3,0,0,6,1,1.6,1.6,0,1.6,6,26,2,0.17,0,0.17,0.17,0.17,0.09,0,0.09,0.09,0.09,Matches,2018-2019
283,Johan Larsson,se SWE,DF,Guingamp,28,1990,1,1,90,1,0,0,0,0,0,0,0,0,0,0,0.1,0.1,6,5,2,0,0,0,0,0,0,0.05,0.05,0,0.05,Matches,2018-2019
284,Paul Lasne,fr FRA,"MF,DF",Montpellier,29,1989,35,18,"1,789",19.9,2,0,2,2,0,0,5,0,1.4,1.4,1.7,3.1,28,103,72,0.1,0,0.1,0.1,0.1,0.07,0.09,0.16,0.07,0.16,Matches,2018-2019
285,Alexandre Lauray,fr FRA,DF,Bordeaux,21,1997,3,3,257,2.9,0,0,0,0,0,0,1,0,0,0,0,0,3,12,1,0,0,0,0,0,0,0,0,0,0,Matches,2018-2019
286,Armand Lauriente,fr FRA,MF,Rennes,19,1998,1,0,4,0,0,0,0,0,0,0,0,0,0,0,0,0,2,1,2,0,0,0,0,0,0,0,0,0,0,Matches,2018-2019
287,Wesley Lautoa,nc NCL,"DF,MF",Dijon,30,1987,34,34,"3,024",33.6,0,0,0,0,0,0,12,1,0.8,0.8,0.2,1,46,118,8,0,0,0,0,0,0.03,0.01,0.03,0.03,0.03,Matches,2018-2019
288,Mickaël Le Bihan,fr FRA,FW,Nice,28,1990,5,2,204,2.3,1,0,1,0,1,1,2,0,1.3,0.5,0.1,0.6,1,2,12,0.44,0,0.44,0,0,0.57,0.03,0.6,0.22,0.25,Matches,2018-2019
289,Damien Le Tallec,fr FRA,MF,Montpellier,28,1990,36,31,"2,805",31.2,3,0,3,3,0,0,3,0,4.1,4.1,1.1,5.1,9,125,28,0.1,0,0.1,0.1,0.1,0.13,0.03,0.16,0.13,0.16,Matches,2018-2019
290,James Lea Siliki,cm CMR,"MF,FW",Rennes,22,1996,24,14,"1,220",13.6,0,3,3,0,0,0,2,0,1.5,1.5,3.5,5,37,58,75,0,0.22,0.22,0,0.22,0.11,0.25,0.37,0.11,0.37,Matches,2018-2019
291,Rafael Leão,pt POR,FW,Lille,19,1999,24,16,"1,287",14.3,8,3,11,8,0,0,3,0,4.3,4.3,1.7,6,17,17,76,0.56,0.21,0.77,0.56,0.77,0.3,0.12,0.42,0.3,0.42,Matches,2018-2019
292,Benjamin Lecomte,fr FRA,GK,Montpellier,27,1991,37,37,"3,330",37,0,0,0,0,0,0,1,0,0,0,0,0,0,0,0,0,0,0,0,0,0,0,0,0,0,Matches,2018-2019
293,Pierre Lees-Melou,fr FRA,MF,Nice,25,1993,30,26,"2,394",26.6,2,1,3,2,0,0,5,1,3.3,3.3,2.3,5.6,35,143,81,0.08,0.04,0.11,0.08,0.11,0.12,0.09,0.21,0.12,0.21,Matches,2018-2019
294,Jordan Lefort,fr FRA,DF,Amiens,24,1993,23,21,"1,802",20,0,1,1,0,0,0,4,1,0.4,0.4,0.2,0.7,17,56,40,0,0.05,0.05,0,0.05,0.02,0.01,0.03,0.02,0.03,Matches,2018-2019
295,Lukas Lerager,dk DEN,MF,Bordeaux,25,1993,18,15,"1,298",14.4,0,1,1,0,0,0,4,0,0.5,0.5,0.5,0.9,18,74,22,0,0.07,0.07,0,0.07,0.03,0.03,0.06,0.03,0.06,Matches,2018-2019
296,Igor Lewczuk,pl POL,DF,Bordeaux,33,1985,6,3,449,5,0,0,0,0,0,0,0,0,0,0,0,0,4,9,2,0,0,0,0,0,0,0,0,0,0,Matches,2018-2019
297,Aaron Leya Iseka,be BEL,FW,Toulouse,20,1997,28,15,"1,444",16,4,0,4,4,0,0,2,1,3.9,3.9,0.5,4.4,15,20,95,0.25,0,0.25,0.25,0.25,0.24,0.03,0.27,0.24,0.27,Matches,2018-2019
298,Dimitri Liénard,fr FRA,"MF,DF",Strasbourg,30,1988,22,15,"1,291",14.3,0,2,2,0,0,0,1,0,1,1,0.9,1.9,35,58,68,0,0.14,0.14,0,0.14,0.07,0.06,0.13,0.07,0.13,Matches,2018-2019
299,Lucas Lima,br BRA,"DF,FW",Nantes,26,1991,31,28,"2,496",27.7,0,4,4,0,0,0,6,0,1,1,5,5.9,83,154,177,0,0.14,0.14,0,0.14,0.03,0.18,0.21,0.03,0.21,Matches,2018-2019
300,Anthony Limbombe,be BEL,FW,Nantes,24,1994,29,12,"1,237",13.7,1,1,2,1,0,0,2,0,2.5,2.5,3.3,5.8,53,32,125,0.07,0.07,0.15,0.07,0.15,0.18,0.24,0.42,0.18,0.42,Matches,2018-2019
301,Giovani Lo Celso,ar ARG,MF,Paris S-G,22,1996,1,0,11,0.1,0,0,0,0,0,0,0,0,0,0,0,0,0,1,0,0,0,0,0,0,0,0,0,0,0,Matches,2018-2019
302,Enzo Loiodice,fr FRA,MF,Dijon,17,2000,12,10,850,9.4,0,1,1,0,0,0,4,1,0.2,0.2,0.2,0.4,9,40,5,0,0.11,0.11,0,0.11,0.02,0.03,0.04,0.02,0.04,Matches,2018-2019
303,Anthony Lopes,pt POR,GK,Lyon,27,1990,34,34,"3,060",34,0,0,0,0,0,0,0,0,0,0,0,0,0,1,0,0,0,0,0,0,0,0,0,0,0,Matches,2018-2019
304,Rony Lopes,pt POR,"FW,MF",Monaco,22,1995,24,22,"1,849",20.5,2,2,4,2,0,0,1,0,4,4,4.7,8.6,74,66,168,0.1,0.1,0.19,0.1,0.19,0.19,0.23,0.42,0.19,0.42,Matches,2018-2019
305,Cristian López,es ESP,FW,Angers,29,1989,19,2,372,4.1,2,0,2,2,0,1,2,0,2.1,1.3,0.6,1.9,2,6,24,0.48,0,0.48,0.48,0.48,0.51,0.15,0.66,0.32,0.47,Matches,2018-2019
306,Maxime Lopez,fr FRA,MF,Marseille,20,1997,32,25,"2,180",24.2,1,3,4,1,0,0,4,0,0.5,0.5,3.3,3.8,61,268,44,0.04,0.12,0.17,0.04,0.17,0.02,0.14,0.15,0.02,0.15,Matches,2018-2019
307,Albert Lottin,fr FRA,"MF,FW",Bordeaux,16,2001,2,0,22,0.2,0,0,0,0,0,0,0,0,0,0,0,0,0,3,1,0,0,0,0,0,0,0,0,0,0,Matches,2018-2019
308,Imran Louza,ma MAR,MF,Nantes,19,1999,1,1,88,1,0,0,0,0,0,0,1,0,0,0,0,0,3,4,0,0,0,0,0,0,0.03,0,0.03,0.03,0.03,Matches,2018-2019
309,Hervé Lybohy,ne NIG,DF,Nîmes,35,1983,17,15,"1,480",16.4,2,0,2,2,0,0,3,0,0.5,0.5,0,0.5,8,18,1,0.12,0,0.12,0.12,0.12,0.03,0,0.03,0.03,0.03,Matches,2018-2019
310,Yann M'Vila,fr FRA,MF,Saint-Étienne,28,1990,37,37,"3,258",36.2,0,1,1,0,0,0,5,1,0.4,0.4,1,1.5,9,227,8,0,0.03,0.03,0,0.03,0.01,0.03,0.04,0.01,0.04,Matches,2018-2019
311,Gabriel Magalhães,br BRA,DF,Lille,20,1997,14,11,"1,066",11.8,1,0,1,1,0,0,1,0,0.8,0.8,0.1,0.9,5,40,0,0.08,0,0.08,0.08,0.08,0.06,0.01,0.07,0.06,0.07,Matches,2018-2019
312,Thiago Maia,br BRA,MF,Lille,21,1997,24,10,"1,021",11.3,0,1,1,0,0,0,4,0,0.7,0.5,0.5,1,7,71,8,0,0.09,0.09,0,0.09,0.06,0.04,0.1,0.05,0.09,Matches,2018-2019
313,Mike Maignan,fr FRA,GK,Lille,23,1995,38,38,"3,420",38,0,0,0,0,0,0,1,0,0,0,0,0,0,0,0,0,0,0,0,0,0,0,0,0,0,Matches,2018-2019
314,Josh Maja,ng NGA,FW,Bordeaux,19,1998,7,3,198,2.2,1,0,1,1,0,0,1,0,0.8,0.8,0.1,0.8,1,5,17,0.45,0,0.45,0.45,0.45,0.35,0.03,0.38,0.35,0.38,Matches,2018-2019
315,Abdul Majeed Waris,gh GHA,"FW,MF",Nantes,26,1991,33,25,"2,246",25,5,3,8,4,1,1,3,0,5.7,4.9,2.6,7.5,70,54,239,0.2,0.12,0.32,0.16,0.28,0.23,0.1,0.33,0.2,0.3,Matches,2018-2019
316,Jean-Victor Makengo,fr FRA,"MF,FW",Nice,20,1998,25,11,"1,029",11.4,1,0,1,1,0,0,3,0,1.4,1.4,1,2.5,34,43,55,0.09,0,0.09,0.09,0.09,0.13,0.09,0.22,0.13,0.22,Matches,2018-2019
317,Antonio Mance,hr CRO,FW,Nantes,22,1995,5,0,50,0.6,0,0,0,0,0,0,1,0,0,0,0,0,1,0,6,0,0,0,0,0,0,0,0,0,0,Matches,2018-2019
318,Vincent Manceau,fr FRA,DF,Angers,29,1989,31,31,"2,790",31,1,1,2,1,0,0,2,0,0.8,0.8,1.2,2,45,130,98,0.03,0.03,0.06,0.03,0.06,0.03,0.04,0.07,0.03,0.07,Matches,2018-2019
319,Steve Mandanda,fr FRA,GK,Marseille,33,1985,31,31,"2,735",30.4,0,0,0,0,0,0,1,1,0,0,0,0,0,1,0,0,0,0,0,0,0,0,0,0,0,Matches,2018-2019
320,Reinildo Mandava,mz MOZ,DF,Lille,24,1994,3,1,97,1.1,0,0,0,0,0,0,0,0,0,0,0.3,0.3,2,4,8,0,0,0,0,0,0,0.25,0.25,0,0.25,Matches,2018-2019
321,Thomas Mangani,fr FRA,MF,Angers,31,1987,29,18,"1,598",17.8,3,0,3,0,3,4,2,1,3.9,0.8,3.1,3.8,16,125,42,0.17,0,0.17,0,0,0.22,0.17,0.39,0.04,0.22,Matches,2018-2019
322,Harrison Manzala,cd COD,"MF,FW",Angers,24,1994,8,0,74,0.8,0,0,0,0,0,0,0,0,0.6,0.6,0,0.6,2,2,11,0,0,0,0,0,0.78,0,0.78,0.78,0.78,Matches,2018-2019
323,Myziane Maolida,km COM,FW,Nice,19,1999,14,10,952,10.6,0,3,3,0,0,0,2,0,2.5,2.5,1.8,4.3,35,46,113,0,0.28,0.28,0,0.28,0.23,0.17,0.4,0.23,0.4,Matches,2018-2019
324,Faitout Maouassa,fr FRA,DF,Nîmes,20,1998,27,25,"2,137",23.7,0,1,1,0,0,0,2,1,0.7,0.7,0.7,1.4,75,76,67,0,0.04,0.04,0,0.04,0.03,0.03,0.06,0.03,0.06,Matches,2018-2019
325,Fernando Marçal,br BRA,DF,Lyon,29,1989,12,12,878,9.8,0,0,0,0,0,0,2,0,0.2,0.2,0.2,0.4,25,89,39,0,0,0,0,0,0.02,0.02,0.04,0.02,0.04,Matches,2018-2019
326,Marcelo,br BRA,DF,Lyon,31,1987,33,33,"2,878",32,0,1,1,0,0,0,6,0,2.3,2.3,1.4,3.7,22,190,4,0,0.03,0.03,0,0.03,0.07,0.04,0.11,0.07,0.11,Matches,2018-2019
327,Mariano,do DOM,FW,Lyon,24,1993,3,2,143,1.6,0,0,0,0,0,0,0,0,0.2,0.2,0.1,0.3,4,0,8,0,0,0,0,0,0.15,0.05,0.2,0.15,0.2,Matches,2018-2019
328,Jordan Marié,fr FRA,MF,Dijon,26,1991,26,20,"1,803",20,1,1,2,1,0,0,4,0,1.1,1.1,0.6,1.7,17,101,44,0.05,0.05,0.1,0.05,0.1,0.05,0.03,0.08,0.05,0.08,Matches,2018-2019
329,Marquinhos,br BRA,"DF,MF",Paris S-G,24,1994,30,30,"2,693",29.9,3,2,5,3,0,0,2,1,2,2,1.3,3.4,19,179,13,0.1,0.07,0.17,0.1,0.17,0.07,0.04,0.11,0.07,0.11,Matches,2018-2019
330,Jonas Martin,fr FRA,MF,Strasbourg,28,1990,23,23,"2,059",22.9,3,1,4,1,2,3,9,0,3.9,1.5,1.7,3.2,46,153,46,0.13,0.04,0.17,0.04,0.09,0.17,0.07,0.24,0.07,0.14,Matches,2018-2019
331,Marvin Martin,fr FRA,MF,Reims,30,1988,13,8,623,6.9,0,1,1,0,0,0,1,0,0.3,0.3,1.1,1.4,6,36,30,0,0.14,0.14,0,0.14,0.04,0.15,0.2,0.04,0.2,Matches,2018-2019
332,Pablo Martinez,fr FRA,DF,Strasbourg,29,1989,32,32,"2,815",31.3,3,1,4,3,0,0,7,0,1.3,1.3,0.6,1.9,28,148,7,0.1,0.03,0.13,0.1,0.13,0.04,0.02,0.06,0.04,0.06,Matches,2018-2019
333,Gelson Martins,pt POR,"FW,MF",Monaco,23,1995,16,16,"1,389",15.4,4,2,6,4,0,0,1,0,3.3,3.3,2.3,5.6,69,54,152,0.26,0.13,0.39,0.26,0.39,0.22,0.15,0.36,0.22,0.36,Matches,2018-2019
334,Han-Noah Massengo,fr FRA,MF,Monaco,17,2001,3,0,61,0.7,0,0,0,0,0,0,0,0,0,0,0,0,4,5,2,0,0,0,0,0,0,0,0,0,0,Matches,2018-2019
335,Eric Maxim Choupo-Moting,cm CMR,FW,Paris S-G,29,1989,22,8,802,8.9,3,0,3,3,0,0,0,0,4.2,4.2,0.3,4.4,22,20,81,0.34,0,0.34,0.34,0.34,0.47,0.03,0.5,0.47,0.5,Matches,2018-2019
336,Kylian Mbappé,fr FRA,FW,Paris S-G,19,1998,29,24,"2,343",26,33,7,40,32,1,2,5,1,28,26.4,5.4,31.8,114,97,311,1.27,0.27,1.54,1.23,1.5,1.08,0.21,1.28,1.01,1.22,Matches,2018-2019
337,Loïc Mbe Soh,fr FRA,DF,Paris S-G,17,2001,2,2,180,2,0,0,0,0,0,0,0,0,0.2,0.2,0,0.2,0,4,1,0,0,0,0,0,0.1,0,0.1,0.1,0.1,Matches,2018-2019
338,Nolan Mbemba,cg CGO,"MF,DF",Reims,23,1995,8,4,357,4,0,0,0,0,0,0,0,0,0.1,0.1,0,0.1,6,26,7,0,0,0,0,0,0.03,0.01,0.03,0.03,0.03,Matches,2018-2019
339,Adama Mbengue,sn SEN,DF,Caen,24,1993,11,8,739,8.2,0,0,0,0,0,0,3,0,0.2,0.2,0.1,0.3,17,21,20,0,0,0,0,0,0.02,0.02,0.04,0.02,0.04,Matches,2018-2019
340,Stéphane Mbia,cm CMR,"DF,MF",Toulouse,32,1986,5,5,446,5,0,0,0,0,0,0,1,0,0,0,0,0.1,1,8,1,0,0,0,0,0,0.01,0.01,0.01,0.01,0.01,Matches,2018-2019
341,Kara Mbodji,sn SEN,DF,Nantes,28,1989,6,6,506,5.6,0,0,0,0,0,0,0,0,0.2,0.2,0.1,0.3,5,17,1,0,0,0,0,0,0.04,0.02,0.06,0.04,0.06,Matches,2018-2019
342,Jordi Mboula,es ESP,"FW,MF",Monaco,19,1999,7,3,276,3.1,0,0,0,0,0,0,1,0,1.2,1.2,0.1,1.3,15,3,37,0,0,0,0,0,0.39,0.02,0.42,0.39,0.42,Matches,2018-2019
343,Farid El Melali,dz ALG,"MF,FW",Angers,21,1997,18,0,328,3.6,0,1,1,0,0,0,1,0,0.4,0.4,0.2,0.6,13,12,34,0,0.27,0.27,0,0.27,0.1,0.06,0.15,0.1,0.15,Matches,2018-2019
344,Memphis,nl NED,"FW,MF",Lyon,24,1994,36,29,"2,737",30.4,10,10,20,10,0,2,5,0,14.3,12.7,10.7,23.4,108,176,281,0.33,0.33,0.66,0.33,0.66,0.47,0.35,0.82,0.42,0.77,Matches,2018-2019
345,Pedro Mendes,pt POR,DF,Montpellier,27,1990,31,31,"2,667",29.6,1,0,1,1,0,0,7,0,0.9,0.9,0.4,1.2,23,93,5,0.03,0,0.03,0.03,0.03,0.03,0.01,0.04,0.03,0.04,Matches,2018-2019
346,Thiago Mendes,br BRA,MF,Lille,26,1992,35,35,"3,074",34.2,0,5,5,0,0,0,10,0,1.5,1.5,4.8,6.3,39,231,44,0,0.15,0.15,0,0.15,0.04,0.14,0.18,0.04,0.18,Matches,2018-2019
347,Stiven Mendoza,co COL,"FW,MF",Amiens,26,1992,25,22,"1,877",20.9,2,2,4,2,0,0,4,0,2.9,2.9,1.3,4.2,62,80,140,0.1,0.1,0.19,0.1,0.19,0.14,0.06,0.2,0.14,0.2,Matches,2018-2019
348,Alexandre Mendy,gw GNB,FW,Guingamp,24,1994,16,8,767,8.5,3,0,3,3,0,0,2,0,3,3,1,3.9,5,7,37,0.35,0,0.35,0.35,0.35,0.35,0.11,0.46,0.35,0.46,Matches,2018-2019
349,Edouard Mendy,sn SEN,GK,Reims,26,1992,38,38,"3,420",38,0,0,0,0,0,0,3,0,0,0,0.1,0.1,0,2,0,0,0,0,0,0,0,0,0,0,0,Matches,2018-2019
350,Ferland Mendy,fr FRA,DF,Lyon,23,1995,30,27,"2,531",28.1,2,1,3,2,0,0,2,0,0.9,0.9,3.2,4.1,111,163,212,0.07,0.04,0.11,0.07,0.11,0.03,0.11,0.14,0.03,0.14,Matches,2018-2019
351,Mehdi Merghem,dz ALG,"FW,MF",Guingamp,21,1997,9,9,721,8,0,1,1,0,0,0,3,0,1.6,1.6,0.1,1.7,20,31,49,0,0.12,0.12,0,0.12,0.2,0.02,0.21,0.2,0.21,Matches,2018-2019
352,Romain Métanire,mg MAD,DF,Reims,28,1990,5,4,313,3.5,0,0,0,0,0,0,1,1,0.5,0.5,0,0.5,6,10,4,0,0,0,0,0,0.13,0.01,0.14,0.13,0.14,Matches,2018-2019
353,Thomas Meunier,be BEL,DF,Paris S-G,26,1991,22,19,"1,610",17.9,3,3,6,3,0,0,2,0,2.5,2.5,3.3,5.8,62,81,151,0.17,0.17,0.34,0.17,0.34,0.14,0.18,0.32,0.14,0.32,Matches,2018-2019
354,Mexer,mz MOZ,DF,Rennes,29,1988,29,29,"2,469",27.4,0,0,0,0,0,0,3,0,0.6,0.6,0.2,0.8,4,41,2,0,0,0,0,0,0.02,0.01,0.03,0.02,0.03,Matches,2018-2019
355,Matt Miazga,us USA,DF,Nantes,23,1995,8,8,720,8,0,0,0,0,0,0,5,0,0.3,0.3,0.3,0.6,1,32,0,0,0,0,0,0,0.04,0.04,0.08,0.04,0.08,Matches,2018-2019
356,Clément Michelin,fr FRA,DF,Toulouse,21,1997,1,1,90,1,0,0,0,0,0,0,0,0,0,0,0,0,1,4,2,0,0,0,0,0,0,0,0,0,0,Matches,2018-2019
357,Florian Miguel,fr FRA,DF,Nîmes,21,1996,13,12,"1,117",12.4,0,1,1,0,0,0,2,1,1.2,1.2,1.1,2.3,13,16,19,0,0.08,0.08,0,0.08,0.09,0.09,0.18,0.09,0.18,Matches,2018-2019
358,Kostas Mitroglou,gr GRE,FW,Marseille,30,1988,14,7,580,6.4,3,0,3,3,0,0,0,0,4.4,4.4,0.2,4.6,3,5,22,0.47,0,0.47,0.47,0.47,0.69,0.03,0.72,0.69,0.72,Matches,2018-2019
359,Stefan Mitrović,rs SRB,DF,Strasbourg,28,1990,34,34,"3,026",33.6,0,0,0,0,0,0,8,2,1.3,1.3,0.3,1.7,6,50,0,0,0,0,0,0,0.04,0.01,0.05,0.04,0.05,Matches,2018-2019
360,Hakim El Mokeddem,,"FW,MF",Toulouse,19,1999,2,0,25,0.3,0,0,0,0,0,0,0,0,0,0,0.3,0.3,0,1,3,0,0,0,0,0,0,1.09,1.09,0,1.09,Matches,2018-2019
361,Florent Mollet,fr FRA,MF,Montpellier,26,1991,32,31,"2,564",28.5,6,4,10,6,0,0,6,1,3.9,3.9,7.1,11.1,67,168,228,0.21,0.14,0.35,0.21,0.35,0.14,0.25,0.39,0.14,0.39,Matches,2018-2019
362,Thomas Monconduit,fr FRA,MF,Amiens,27,1991,33,32,"2,818",31.3,0,1,1,0,0,0,6,0,0.6,0.6,2.1,2.6,25,199,31,0,0.03,0.03,0,0.03,0.02,0.07,0.08,0.02,0.08,Matches,2018-2019
363,Kévin Monnet-Paquet,fr FRA,"DF,MF",Saint-Étienne,29,1988,23,16,"1,482",16.5,1,1,2,1,0,0,4,0,1.8,1.8,1,2.8,51,56,97,0.06,0.06,0.12,0.06,0.12,0.11,0.06,0.17,0.11,0.17,Matches,2018-2019
364,Steven Moreira,cv CPV,"DF,MF",Toulouse,23,1994,10,10,863,9.6,0,0,0,0,0,0,2,0,0.5,0.5,0.2,0.7,19,29,38,0,0,0,0,0,0.05,0.02,0.07,0.05,0.07,Matches,2018-2019
365,Jérémy Morel,mg MAD,DF,Lyon,34,1984,12,12,"1,064",11.8,0,0,0,0,0,0,4,0,0.1,0.1,0.1,0.2,8,67,0,0,0,0,0,0,0.01,0.01,0.02,0.01,0.02,Matches,2018-2019
366,Lebo Mothiba,za RSA,FW,Strasbourg,22,1996,32,18,"1,771",19.7,9,2,11,8,1,1,3,0,7,6.2,1.4,7.6,28,22,164,0.46,0.1,0.56,0.41,0.51,0.36,0.07,0.43,0.32,0.39,Matches,2018-2019
367,Lebo Mothiba,za RSA,FW,Lille,22,1996,3,3,253,2.8,1,0,1,1,0,0,0,0,0.1,0.1,0.1,0.2,2,2,9,0.36,0,0.36,0.36,0.36,0.03,0.05,0.08,0.03,0.08,Matches,2018-2019
368,François Moubandje,ch SUI,DF,Toulouse,28,1990,22,21,"1,935",21.5,0,0,0,0,0,0,3,0,0.4,0.4,1,1.4,35,75,79,0,0,0,0,0,0.02,0.05,0.06,0.02,0.06,Matches,2018-2019
369,Jessy Moulin,fr FRA,GK,Saint-Étienne,32,1986,1,1,90,1,0,0,0,0,0,0,0,0,0,0,0,0,0,0,0,0,0,0,0,0,0,0,0,0,0,Matches,2018-2019
370,Herman Moussaki,fr FRA,"MF,FW",Caen,19,1999,6,2,204,2.3,0,1,1,0,0,0,1,0,0.2,0.2,0.2,0.4,5,1,14,0,0.44,0.44,0,0.44,0.11,0.07,0.18,0.11,0.18,Matches,2018-2019
371,Samuel Moutoussamy,cd COD,"MF,FW",Nantes,21,1996,28,19,"1,648",18.3,2,3,5,2,0,0,0,0,2.3,2.3,1.9,4.2,38,61,93,0.11,0.16,0.27,0.11,0.27,0.13,0.1,0.23,0.13,0.23,Matches,2018-2019
372,Ndombe Mubele,cd COD,FW,Toulouse,24,1994,15,4,465,5.2,1,0,1,1,0,0,0,0,0.9,0.9,0.3,1.3,12,5,39,0.19,0,0.19,0.19,0.19,0.18,0.06,0.24,0.18,0.24,Matches,2018-2019
373,Kévin N'Doram,fr FRA,"DF,MF",Monaco,22,1996,4,2,195,2.2,0,0,0,0,0,0,2,0,0.2,0.2,0,0.2,5,15,0,0,0,0,0,0,0.09,0,0.09,0.09,0.09,Matches,2018-2019
374,Abdallah N'dour,sn SEN,DF,Strasbourg,24,1993,4,4,292,3.2,0,0,0,0,0,0,0,0,0,0,0.1,0.1,7,5,10,0,0,0,0,0,0.01,0.03,0.04,0.01,0.04,Matches,2018-2019
375,Cheikh N'Doye,sn SEN,MF,Angers,32,1986,27,26,"2,334",25.9,0,3,3,0,0,0,4,0,2.8,2.3,1.7,3.9,23,94,91,0,0.12,0.12,0,0.12,0.11,0.06,0.17,0.09,0.15,Matches,2018-2019
376,Nathan N'Goumou,cm CMR,FW,Toulouse,18,2000,1,1,70,0.8,0,0,0,0,0,0,0,0,0,0,0,0,0,0,3,0,0,0,0,0,0.04,0,0.04,0.04,0.04,Matches,2018-2019
377,Clinton N'Jie,cm CMR,FW,Marseille,24,1993,17,3,364,4,3,2,5,3,0,0,0,0,1,1,0.9,1.9,15,5,36,0.74,0.49,1.24,0.74,1.24,0.24,0.23,0.47,0.24,0.47,Matches,2018-2019
378,Georges-Kévin N'Koudou,cm CMR,FW,Monaco,23,1995,3,0,23,0.3,0,0,0,0,0,0,0,0,0.1,0.1,0,0.1,2,1,5,0,0,0,0,0,0.36,0,0.36,0.36,0.36,Matches,2018-2019
379,Stanley N'Soki,fr FRA,DF,Paris S-G,19,1999,12,8,698,7.8,0,0,0,0,0,0,2,0,0,0,0.1,0.1,19,32,43,0,0,0,0,0,0,0.02,0.02,0,0.02,Matches,2018-2019
380,Naldo,br BRA,DF,Monaco,35,1982,7,5,301,3.3,0,0,0,0,0,0,0,2,0.6,0.6,0,0.6,2,7,0,0,0,0,0,0,0.16,0.01,0.17,0.16,0.17,Matches,2018-2019
381,Aly Ndom,fr FRA,MF,Caen,22,1996,1,1,45,0.5,0,0,0,0,0,0,1,0,0,0,0,0,0,0,0,0,0,0,0,0,0,0,0,0,0,Matches,2018-2019
382,Aly Ndom,fr FRA,MF,Reims,22,1996,11,3,363,4,0,0,0,0,0,0,1,0,0.1,0.1,0,0.1,11,27,3,0,0,0,0,0,0.03,0.01,0.03,0.03,0.03,Matches,2018-2019
383,Tanguy Ndombele,fr FRA,MF,Lyon,21,1996,34,31,"2,690",29.9,1,7,8,1,0,0,3,0,1.9,1.9,3.6,5.5,81,266,61,0.03,0.23,0.27,0.03,0.27,0.06,0.12,0.18,0.06,0.18,Matches,2018-2019
384,Neymar,br BRA,"MF,FW",Paris S-G,26,1992,17,16,"1,439",16,15,7,22,10,5,5,2,0,11,7.1,6.9,14,125,177,138,0.94,0.44,1.38,0.63,1.06,0.69,0.43,1.12,0.44,0.87,Matches,2018-2019
385,Yeni Ngbakoto,cd COD,"MF,FW",Guingamp,26,1992,15,4,566,6.3,1,0,1,1,0,0,0,0,1.6,1.6,0.8,2.4,8,13,36,0.16,0,0.16,0.16,0.16,0.25,0.14,0.39,0.25,0.39,Matches,2018-2019
386,M'Baye Niang,sn SEN,"FW,MF",Rennes,23,1994,29,19,"1,793",19.9,11,4,15,9,2,2,5,0,7.8,6.3,1.7,8,63,44,115,0.55,0.2,0.75,0.45,0.65,0.39,0.09,0.48,0.31,0.4,Matches,2018-2019
387,Casimir Ninga,td CHA,"FW,MF",Caen,25,1993,33,28,"2,468",27.4,6,3,9,5,1,1,9,0,5.6,4.8,2.5,7.3,95,27,185,0.22,0.11,0.33,0.18,0.29,0.2,0.09,0.3,0.18,0.27,Matches,2018-2019
388,Christopher Nkunku,fr FRA,"MF,FW",Paris S-G,20,1997,22,13,"1,156",12.8,3,2,5,3,0,0,0,0,2.6,2.6,3.1,5.7,52,61,130,0.23,0.16,0.39,0.23,0.39,0.21,0.24,0.44,0.21,0.44,Matches,2018-2019
389,Arnaud Nordin,fr FRA,"FW,MF",Saint-Étienne,20,1998,25,11,"1,050",11.7,3,1,4,3,0,0,2,0,3.7,3.7,2.1,5.8,53,30,95,0.26,0.09,0.34,0.26,0.34,0.32,0.18,0.49,0.32,0.49,Matches,2018-2019
390,Gerzino Nyamsi,fr FRA,DF,Rennes,21,1997,8,6,539,6,0,0,0,0,0,0,1,1,0,0,0,0,6,13,1,0,0,0,0,0,0,0,0,0,0,Matches,2018-2019
391,Lucas Ocampos,ar ARG,"FW,MF",Marseille,24,1994,34,31,"2,708",30.1,4,8,12,4,0,0,11,0,5.7,5.7,3.4,9.1,85,54,210,0.13,0.27,0.4,0.13,0.4,0.19,0.11,0.3,0.19,0.3,Matches,2018-2019
392,Sheyi Ojo,eng ENG,"FW,MF",Reims,21,1997,15,3,468,5.2,0,0,0,0,0,0,0,0,1.3,1.3,0.2,1.4,14,7,47,0,0,0,0,0,0.24,0.03,0.28,0.24,0.28,Matches,2018-2019
393,Alexandre Olliero,fr FRA,GK,Nantes,22,1996,1,1,90,1,0,0,0,0,0,0,0,0,0,0,0,0,0,0,0,0,0,0,0,0,0,0,0,0,0,Matches,2018-2019
394,Prince Oniangué,cg CGO,MF,Caen,29,1988,31,26,"2,343",26,2,0,2,2,0,0,3,0,3.6,3.6,0.6,4.2,15,100,20,0.08,0,0.08,0.08,0.08,0.14,0.02,0.16,0.14,0.16,Matches,2018-2019
395,Otávio,br BRA,MF,Bordeaux,24,1994,33,33,"2,875",31.9,0,2,2,0,0,0,4,0,0.8,0.8,0.4,1.2,20,151,20,0,0.06,0.06,0,0.06,0.02,0.01,0.04,0.02,0.04,Matches,2018-2019
396,Remi Oudin,fr FRA,"FW,MF",Reims,21,1996,37,32,"2,612",29,10,4,14,10,0,0,4,0,8.5,8.5,3,11.5,42,58,202,0.34,0.14,0.48,0.34,0.48,0.29,0.1,0.4,0.29,0.4,Matches,2018-2019
397,Ambroise Oyongo,cm CMR,DF,Montpellier,27,1991,26,25,"2,136",23.7,2,0,2,2,0,0,5,0,1.1,1.1,1.2,2.3,52,87,109,0.08,0,0.08,0.08,0.08,0.05,0.05,0.1,0.05,0.1,Matches,2018-2019
398,Pablo,br BRA,DF,Bordeaux,27,1991,25,25,"1,936",21.5,1,1,2,1,0,0,2,3,1.2,1.2,0.3,1.5,5,25,1,0.05,0.05,0.09,0.05,0.09,0.06,0.01,0.07,0.06,0.07,Matches,2018-2019
399,Vincent Pajot,fr FRA,MF,Angers,27,1990,13,10,713,7.9,0,0,0,0,0,0,2,0,0.9,0.9,0.7,1.5,6,30,17,0,0,0,0,0,0.11,0.09,0.19,0.11,0.19,Matches,2018-2019
400,Sergi Palencia,es ESP,DF,Bordeaux,22,1996,25,22,"1,986",22.1,0,3,3,0,0,0,6,0,0.2,0.2,1.7,1.8,49,84,82,0,0.14,0.14,0,0.14,0.01,0.07,0.08,0.01,0.08,Matches,2018-2019
401,Nicolas Pallois,fr FRA,DF,Nantes,30,1987,24,24,"2,160",24,2,0,2,2,0,0,8,0,1.3,1.3,0.1,1.4,22,90,7,0.08,0,0.08,0.08,0.08,0.05,0.01,0.06,0.05,0.06,Matches,2018-2019
402,Mickaël Panos,fr FRA,DF,Saint-Étienne,21,1997,1,0,25,0.3,0,0,0,0,0,0,0,0,0,0,0,0,0,0,1,0,0,0,0,0,0,0,0,0,0,Matches,2018-2019
403,Elhadji Pape Diaw,sn SEN,DF,Angers,23,1994,1,0,15,0.2,0,0,0,0,0,0,0,0,0,0,0,0,0,1,0,0,0,0,0,0,0,0,0,0,0,Matches,2018-2019
404,Gaëtan Paquiez,fr FRA,DF,Nîmes,24,1994,20,14,"1,329",14.8,0,0,0,0,0,0,5,0,0.1,0.1,0.3,0.4,10,40,30,0,0,0,0,0,0.01,0.02,0.03,0.01,0.03,Matches,2018-2019
405,Leandro Paredes,ar ARG,MF,Paris S-G,24,1994,16,14,"1,249",13.9,0,2,2,0,0,0,1,0,0.6,0.6,2.7,3.3,10,112,6,0,0.14,0.14,0,0.14,0.04,0.2,0.24,0.04,0.24,Matches,2018-2019
406,Mateo Pavlović,ba BIH,DF,Angers,28,1990,30,28,"2,490",27.7,2,1,3,2,0,0,7,1,3.6,3.6,0.2,3.8,1,31,4,0.07,0.04,0.11,0.07,0.11,0.13,0.01,0.14,0.13,0.14,Matches,2018-2019
407,Dimitri Payet,fr FRA,"MF,FW",Marseille,31,1987,31,23,"1,904",21.2,4,6,10,2,2,3,3,0,5.6,3.2,6.7,9.9,55,119,149,0.19,0.28,0.47,0.09,0.38,0.26,0.32,0.58,0.15,0.47,Matches,2018-2019
408,Stef Peeters,be BEL,MF,Caen,26,1992,7,5,407,4.5,0,0,0,0,0,0,0,0,0.2,0.2,0.3,0.5,6,22,7,0,0,0,0,0,0.05,0.06,0.11,0.05,0.11,Matches,2018-2019
409,Jordan Pefok,us USA,FW,Rennes,22,1996,15,7,608,6.8,3,1,4,3,0,0,0,0,4.2,4.2,0.2,4.3,3,4,36,0.44,0.15,0.59,0.44,0.59,0.62,0.02,0.64,0.62,0.64,Matches,2018-2019
410,Pelé,gw GNB,MF,Monaco,26,1991,8,4,469,5.2,0,0,0,0,0,0,1,0,0.1,0.1,0.1,0.2,6,33,7,0,0,0,0,0,0.02,0.01,0.04,0.02,0.04,Matches,2018-2019
411,Yohann Pelé,fr FRA,GK,Marseille,35,1982,9,7,682,7.6,0,0,0,0,0,0,0,0,0,0,0,0,0,0,0,0,0,0,0,0,0,0,0,0,0,Matches,2018-2019
412,Maxime Pélican,fr FRA,"FW,MF",Nice,20,1998,2,1,91,1,0,0,0,0,0,0,0,0,0,0,0,0,1,0,1,0,0,0,0,0,0,0,0,0,0,Matches,2018-2019
413,Pietro Pellegri,it ITA,"FW,MF",Monaco,17,2001,3,0,82,0.9,1,0,1,1,0,0,1,0,0.1,0.1,0.1,0.1,2,1,4,1.1,0,1.1,1.1,1.1,0.06,0.06,0.12,0.06,0.12,Matches,2018-2019
414,Théo Pellenard,fr FRA,DF,Angers,24,1994,6,6,495,5.5,0,0,0,0,0,0,0,0,0,0,0.3,0.3,20,28,30,0,0,0,0,0,0.01,0.05,0.06,0.01,0.06,Matches,2018-2019
415,Andy Pelmard,mg MAD,DF,Nice,18,2000,4,4,275,3.1,0,0,0,0,0,0,0,0,0,0,0,0,4,10,0,0,0,0,0,0,0,0.01,0.01,0,0.01,Matches,2018-2019
416,Nicolas Pépé,ci CIV,"FW,MF",Lille,23,1995,38,37,"3,324",36.9,22,11,33,13,9,10,1,0,21.1,13.3,9.6,22.8,139,116,293,0.6,0.3,0.89,0.35,0.65,0.57,0.26,0.83,0.36,0.62,Matches,2018-2019
417,Loïc Perrin,fr FRA,DF,Saint-Étienne,32,1985,31,31,"2,700",30,1,1,2,1,0,0,2,0,1.4,1.4,0.8,2.2,15,102,3,0.03,0.03,0.07,0.03,0.07,0.05,0.03,0.07,0.05,0.07,Matches,2018-2019
418,Matthias Phaeton,gp GLP,"FW,MF",Guingamp,18,2000,4,0,56,0.6,0,0,0,0,0,0,0,0,0,0,0.2,0.2,2,1,4,0,0,0,0,0,0,0.35,0.35,0,0.35,Matches,2018-2019
419,Lebogang Phiri,za RSA,MF,Guingamp,23,1994,24,23,"1,928",21.4,0,0,0,0,0,0,3,0,0.5,0.5,0.6,1.1,19,126,16,0,0,0,0,0,0.03,0.03,0.05,0.03,0.05,Matches,2018-2019
420,Jérémy Pied,fr FRA,DF,Lille,29,1989,11,4,469,5.2,0,2,2,0,0,0,0,0,0,0,1.1,1.1,14,21,30,0,0.38,0.38,0,0.38,0,0.2,0.2,0,0.2,Matches,2018-2019
421,Ronaël Pierre-Gabriel,fr FRA,DF,Monaco,20,1998,4,4,355,3.9,0,0,0,0,0,0,1,0,0,0,0,0,5,14,2,0,0,0,0,0,0,0.01,0.01,0,0.01,Matches,2018-2019
422,Erik Pieters,nl NED,DF,Amiens,29,1988,15,14,"1,261",14,1,1,2,1,0,0,2,0,1.1,1.1,0.7,1.8,20,60,23,0.07,0.07,0.14,0.07,0.14,0.08,0.05,0.13,0.08,0.13,Matches,2018-2019
423,Virgile Pinson,fr FRA,MF,Reims,22,1996,1,0,5,0.1,0,0,0,0,0,0,0,0,0,0,0,0,0,0,1,0,0,0,0,0,0,0,0,0,0,Matches,2018-2019
424,Lenny Pintor,fr FRA,FW,Lyon,17,2000,1,0,1,0,0,0,0,0,0,0,0,0,0,0,0,0,0,0,1,0,0,0,0,0,0,0,0,0,0,Matches,2018-2019
425,Facundo Píriz,uy URU,"MF,FW",Montpellier,28,1990,6,0,116,1.3,0,0,0,0,0,0,0,0,0,0,0,0,0,7,0,0,0,0,0,0,0,0,0,0,0,Matches,2018-2019
426,Jaroslav Plašil,cz CZE,MF,Bordeaux,36,1982,23,16,"1,443",16,0,1,1,0,0,0,2,0,1.3,1.3,0.6,1.9,25,89,31,0,0.06,0.06,0,0.06,0.08,0.04,0.12,0.08,0.12,Matches,2018-2019
427,Morgan Poaty,cg CGO,MF,Montpellier,21,1997,1,1,90,1,0,0,0,0,0,0,0,0,0,0,0,0.1,4,3,5,0,0,0,0,0,0.05,0.05,0.09,0.05,0.09,Matches,2018-2019
428,Denis-Will Poha,fr FRA,MF,Rennes,21,1997,2,0,29,0.3,0,0,0,0,0,0,0,0,0,0,0,0,1,2,2,0,0,0,0,0,0,0,0,0,0,Matches,2018-2019
429,Pierre-Yves Polomat,fr FRA,DF,Saint-Étienne,24,1993,18,11,950,10.6,0,2,2,0,0,0,2,0,0.2,0.2,1.8,2,27,51,65,0,0.19,0.19,0,0.19,0.02,0.17,0.19,0.02,0.19,Matches,2018-2019
430,Maxime Poundjé,fr FRA,DF,Bordeaux,25,1992,30,28,"2,537",28.2,0,2,2,0,0,0,4,0,0.4,0.4,1.6,2,93,125,107,0,0.07,0.07,0,0.07,0.01,0.06,0.07,0.01,0.07,Matches,2018-2019
431,Gaëtan Poussin,fr FRA,GK,Bordeaux,19,1999,1,1,90,1,0,0,0,0,0,0,0,0,0,0,0,0,0,0,0,0,0,0,0,0,0,0,0,0,0,Matches,2018-2019
432,Sanjin Prcić,ba BIH,MF,Strasbourg,24,1993,13,12,"1,053",11.7,2,1,3,2,0,0,1,0,0.5,0.5,1.3,1.8,19,104,11,0.17,0.09,0.26,0.17,0.26,0.04,0.11,0.16,0.04,0.16,Matches,2018-2019
433,Nicolas de Préville,fr FRA,"FW,MF",Bordeaux,27,1991,23,14,"1,271",14.1,3,3,6,3,0,0,5,0,2.3,2.3,3.8,6.1,58,46,115,0.21,0.21,0.42,0.21,0.42,0.16,0.27,0.43,0.16,0.43,Matches,2018-2019
434,Adrien Rabiot,fr FRA,MF,Paris S-G,23,1995,14,12,"1,063",11.8,2,1,3,2,0,0,3,0,1.5,1.5,0.3,1.8,47,122,24,0.17,0.08,0.25,0.17,0.25,0.13,0.03,0.15,0.13,0.15,Matches,2018-2019
435,Nemanja Radonjić,rs SRB,"FW,MF",Marseille,22,1996,17,7,681,7.6,0,0,0,0,0,0,2,0,1.1,1.1,0.2,1.3,28,15,65,0,0,0,0,0,0.15,0.02,0.17,0.15,0.17,Matches,2018-2019
436,Rafael,br BRA,DF,Lyon,28,1990,18,11,"1,023",11.4,0,1,1,0,0,0,4,1,0.1,0.1,0.7,0.8,48,63,63,0,0.09,0.09,0,0.09,0.01,0.06,0.07,0.01,0.07,Matches,2018-2019
437,Andrea Raggi,it ITA,DF,Monaco,34,1984,6,6,494,5.5,0,0,0,0,0,0,1,1,0.1,0.1,0.2,0.3,4,19,14,0,0,0,0,0,0.02,0.04,0.06,0.02,0.06,Matches,2018-2019
438,Baba Rahman,gh GHA,DF,Reims,24,1994,11,11,964,10.7,1,1,2,1,0,0,3,0,0.2,0.2,0.7,0.9,23,46,21,0.09,0.09,0.19,0.09,0.19,0.02,0.06,0.08,0.02,0.08,Matches,2018-2019
439,Adil Rami,fr FRA,DF,Marseille,32,1985,16,16,"1,412",15.7,1,1,2,1,0,0,2,0,1.6,1.6,1.6,3.3,11,44,6,0.06,0.06,0.13,0.06,0.13,0.1,0.1,0.21,0.1,0.21,Matches,2018-2019
440,Pedro Rebocho,pt POR,DF,Guingamp,23,1995,36,36,"3,240",36,0,8,8,0,0,0,4,0,0.8,0.8,6.3,7.1,74,165,129,0,0.22,0.22,0,0.22,0.02,0.17,0.2,0.02,0.2,Matches,2018-2019
441,Jeff Reine-Adélaïde,fr FRA,"FW,MF",Angers,20,1998,35,29,"2,556",28.4,3,3,6,3,0,1,2,0,5.5,4.7,3,7.7,135,136,145,0.11,0.11,0.21,0.11,0.21,0.19,0.1,0.3,0.17,0.27,Matches,2018-2019
442,Loïc Rémy,fr FRA,FW,Lille,31,1987,26,14,"1,204",13.4,7,2,9,6,1,2,3,0,6.4,4.9,0.7,5.6,18,18,60,0.52,0.15,0.67,0.45,0.6,0.48,0.06,0.53,0.37,0.42,Matches,2018-2019
443,Baptiste Reynet,fr FRA,GK,Toulouse,27,1990,31,31,"2,704",30,0,0,0,0,0,0,0,1,0,0,0.5,0.5,0,1,0,0,0,0,0,0,0,0.02,0.02,0,0.02,Matches,2018-2019
444,Kévin Rimane,gf GUF,MF,Paris S-G,27,1991,1,0,5,0.1,0,0,0,0,0,0,0,0,0,0,0,0,0,2,0,0,0,0,0,0,0,0,0,0,0,Matches,2018-2019
445,Renaud Ripart,fr FRA,"FW,DF",Nîmes,25,1993,38,34,"3,006",33.4,8,4,12,8,0,0,2,0,6.8,6.8,3.7,10.5,63,85,187,0.24,0.12,0.36,0.24,0.36,0.2,0.11,0.31,0.2,0.31,Matches,2018-2019
446,Mihailo Ristić,rs SRB,"DF,MF",Montpellier,22,1995,10,3,326,3.6,1,0,1,1,0,0,0,0,1,1,0.1,1.2,10,8,30,0.28,0,0.28,0.28,0.28,0.29,0.03,0.32,0.29,0.32,Matches,2018-2019
447,Christopher Rocchia,fr FRA,DF,Marseille,20,1998,1,0,3,0,0,0,0,0,0,0,0,0,0,0,0,0,0,1,3,0,0,0,0,0,0,0,0,0,0,Matches,2018-2019
448,Kenny Rocha Santos,cv CPV,MF,Saint-Étienne,18,2000,1,0,1,0,0,0,0,0,0,0,0,0,0,0,0,0,0,0,0,0,0,0,0,0,0,0,0,0,0,Matches,2018-2019
449,Ronny Rodelin,fr FRA,"MF,FW",Guingamp,28,1989,17,8,788,8.8,0,0,0,0,0,0,0,0,1.6,1.6,0.4,2,10,45,48,0,0,0,0,0,0.18,0.05,0.23,0.18,0.23,Matches,2018-2019
450,Rolando,pt POR,DF,Marseille,32,1985,10,9,804,8.9,0,0,0,0,0,0,2,0,1.1,1.1,0,1.1,2,13,2,0,0,0,0,0,0.12,0.01,0.12,0.12,0.12,Matches,2018-2019
451,Alaixys Romao,tg TOG,MF,Reims,34,1984,36,36,"3,160",35.1,0,3,3,0,0,0,8,1,1.7,1.7,2.6,4.4,25,155,12,0,0.09,0.09,0,0.09,0.05,0.08,0.12,0.05,0.12,Matches,2018-2019
452,Valentin Rongier,fr FRA,MF,Nantes,23,1994,36,36,"3,226",35.8,4,5,9,3,1,2,3,0,6,4.4,5.6,9.9,72,232,126,0.11,0.14,0.25,0.08,0.22,0.17,0.16,0.32,0.12,0.28,Matches,2018-2019
453,Valentin Rosier,fr FRA,"DF,MF",Dijon,21,1996,18,16,"1,460",16.2,0,4,4,0,0,0,2,0,0.6,0.6,1,1.6,41,53,79,0,0.25,0.25,0,0.25,0.04,0.06,0.1,0.04,0.1,Matches,2018-2019
454,Nolan Roux,fr FRA,FW,Guingamp,30,1988,26,17,"1,536",17.1,2,0,2,2,0,0,2,0,4.6,4.6,0.8,5.4,10,30,103,0.12,0,0.12,0.12,0.12,0.27,0.05,0.31,0.27,0.31,Matches,2018-2019
455,Stéphane Ruffier,fr FRA,GK,Saint-Étienne,31,1986,37,37,"3,330",37,0,0,0,0,0,0,1,0,0,0,0,0,0,0,0,0,0,0,0,0,0,0,0,0,0,Matches,2018-2019
456,Idriss Saadi,dz ALG,"FW,MF",Strasbourg,26,1992,1,0,10,0.1,0,0,0,0,0,0,0,0,0,0,0,0,0,0,0,0,0,0,0,0,0,0,0,0,0,Matches,2018-2019
457,Youssouf Sabaly,sn SEN,DF,Bordeaux,25,1993,23,21,"1,908",21.2,0,1,1,0,0,0,3,0,0.6,0.6,2.1,2.7,75,75,109,0,0.05,0.05,0,0.05,0.03,0.1,0.13,0.03,0.13,Matches,2018-2019
458,Ihsan Sacko,fr FRA,FW,Nice,21,1997,13,4,442,4.9,0,1,1,0,0,0,0,1,0.8,0.7,0.8,1.5,7,8,38,0,0.2,0.2,0,0.2,0.16,0.16,0.33,0.13,0.3,Matches,2018-2019
459,Wesley Saïd,fr FRA,"FW,MF",Dijon,23,1995,34,25,"2,253",25,4,1,5,4,0,1,4,0,5.1,4.3,2.8,7.1,68,78,160,0.16,0.04,0.2,0.16,0.2,0.2,0.11,0.32,0.17,0.28,Matches,2018-2019
460,Allan Saint-Maximin,fr FRA,FW,Nice,21,1997,34,34,"2,900",32.2,6,3,9,5,1,2,2,0,7.8,6.3,6.6,12.8,202,93,309,0.19,0.09,0.28,0.16,0.25,0.24,0.2,0.45,0.19,0.4,Matches,2018-2019
461,Théo Sainte-Luce,fr FRA,MF,Nîmes,19,1998,1,0,1,0,0,0,0,0,0,0,0,0,0,0,0,0,0,1,0,0,0,0,0,0,0,0,0,0,0,Matches,2018-2019
462,Hiroki Sakai,jp JPN,DF,Marseille,28,1990,27,26,"2,374",26.4,1,4,5,1,0,0,3,0,0.4,0.4,2.9,3.3,37,100,111,0.04,0.15,0.19,0.04,0.19,0.01,0.11,0.12,0.01,0.12,Matches,2018-2019
463,Diafra Sakho,sn SEN,FW,Rennes,28,1989,2,2,144,1.6,0,0,0,0,0,0,0,0,0.1,0.1,0,0.1,2,1,16,0,0,0,0,0,0.05,0,0.05,0.05,0.05,Matches,2018-2019
464,Emiliano Sala,ar ARG,FW,Nantes,27,1990,19,16,"1,369",15.2,12,2,14,10,2,2,0,0,6.5,4.9,1.7,6.6,15,26,99,0.79,0.13,0.92,0.66,0.79,0.43,0.11,0.54,0.32,0.43,Matches,2018-2019
465,William Saliba,fr FRA,DF,Saint-Étienne,17,2001,16,13,"1,277",14.2,0,0,0,0,0,0,1,0,0.3,0.3,0,0.3,7,21,4,0,0,0,0,0,0.02,0,0.02,0.02,0.02,Matches,2018-2019
466,Yannis Salibur,fr FRA,"FW,MF",Saint-Étienne,27,1991,21,9,885,9.8,1,3,4,1,0,0,2,1,2.1,2.1,2.6,4.7,57,39,88,0.1,0.31,0.41,0.1,0.41,0.21,0.26,0.47,0.21,0.47,Matches,2018-2019
467,Yannis Salibur,fr FRA,MF,Guingamp,27,1991,1,0,16,0.2,0,0,0,0,0,0,0,0,0,0,0,0,0,0,0,0,0,0,0,0,0,0,0,0,0,Matches,2018-2019
468,Brice Samba,fr FRA,GK,Caen,24,1994,38,38,"3,420",38,0,0,0,0,0,0,1,0,0,0,0,0,0,0,0,0,0,0,0,0,0,0,0,0,0,Matches,2018-2019
469,Junior Sambia,fr FRA,"MF,FW",Montpellier,21,1996,30,7,926,10.3,0,1,1,0,0,0,3,0,2.1,2.1,1.6,3.7,35,38,77,0,0.1,0.1,0,0.1,0.21,0.16,0.36,0.21,0.36,Matches,2018-2019
470,Frédéric Sammaritano,fr FRA,"FW,MF",Dijon,32,1986,14,6,538,6,0,0,0,0,0,0,3,1,0.6,0.6,0.6,1.2,16,31,31,0,0,0,0,0,0.1,0.11,0.2,0.1,0.2,Matches,2018-2019
471,Ibrahim Sangaré,ci CIV,MF,Toulouse,20,1997,28,27,"2,467",27.4,1,3,4,1,0,0,7,0,2.3,2.3,1.7,4.1,37,227,36,0.04,0.11,0.15,0.04,0.15,0.09,0.06,0.15,0.09,0.15,Matches,2018-2019
472,Younousse Sankharé,sn SEN,MF,Bordeaux,28,1989,22,17,"1,476",16.4,1,3,4,1,0,0,6,0,2,2,1,3.1,29,71,52,0.06,0.18,0.24,0.06,0.24,0.12,0.06,0.19,0.12,0.19,Matches,2018-2019
473,Baissama Sankoh,gn GUI,"MF,FW",Caen,26,1992,15,6,651,7.2,0,0,0,0,0,0,2,1,0.3,0.3,0.1,0.3,10,15,21,0,0,0,0,0,0.04,0.01,0.04,0.04,0.04,Matches,2018-2019
474,Yaya Sanogo,fr FRA,FW,Toulouse,25,1993,21,13,"1,243",13.8,3,0,3,2,1,1,3,0,7.9,7.1,0.8,7.8,8,14,90,0.22,0,0.22,0.14,0.14,0.57,0.05,0.62,0.51,0.57,Matches,2018-2019
475,Morgan Sanson,fr FRA,MF,Marseille,23,1994,33,27,"2,403",26.7,5,3,8,5,0,0,9,0,2.3,2.3,2.2,4.5,72,147,96,0.19,0.11,0.3,0.19,0.3,0.08,0.08,0.17,0.08,0.17,Matches,2018-2019
476,Baptiste Santamaria,fr FRA,MF,Angers,23,1995,38,37,"3,245",36.1,1,0,1,1,0,0,2,0,1.4,1.4,0.5,1.9,37,140,20,0.03,0,0.03,0.03,0.03,0.04,0.02,0.05,0.04,0.05,Matches,2018-2019
477,Bouna Sarr,sn SEN,"DF,MF",Marseille,26,1992,29,25,"2,242",24.9,1,1,2,1,0,0,3,1,1.4,1.4,2,3.4,111,99,115,0.04,0.04,0.08,0.04,0.08,0.05,0.08,0.13,0.05,0.13,Matches,2018-2019
478,Ismaila Sarr,sn SEN,"FW,MF",Rennes,20,1998,35,32,"2,788",31,8,6,14,7,1,1,6,0,6,5.2,6.1,11.3,163,93,272,0.26,0.19,0.45,0.23,0.42,0.19,0.2,0.39,0.17,0.36,Matches,2018-2019
479,Malang Sarr,fr FRA,DF,Nice,19,1999,35,34,"2,994",33.3,1,1,2,1,0,0,1,0,1,1,0.5,1.5,21,140,25,0.03,0.03,0.06,0.03,0.06,0.03,0.02,0.05,0.03,0.05,Matches,2018-2019
480,Téji Savanier,fr FRA,MF,Nîmes,26,1991,32,32,"2,864",31.8,6,14,20,2,4,4,6,1,5.6,2.4,10.4,12.8,61,244,41,0.19,0.44,0.63,0.06,0.5,0.17,0.33,0.5,0.08,0.4,Matches,2018-2019
481,Stanley Segarel,mf SMN,FW,Amiens,24,1994,3,0,15,0.2,0,0,0,0,0,0,0,0,0,0,0,0,0,0,1,0,0,0,0,0,0,0,0,0,0,Matches,2018-2019
482,Ole Selnæs,no NOR,MF,Saint-Étienne,24,1994,20,19,"1,669",18.5,0,5,5,0,0,0,6,0,0.4,0.4,2.5,2.9,17,104,19,0,0.27,0.27,0,0.27,0.02,0.14,0.16,0.02,0.16,Matches,2018-2019
483,Matz Sels,be BEL,GK,Strasbourg,26,1992,37,37,"3,330",37,0,0,0,0,0,0,2,0,0,0,0,0,0,0,0,0,0,0,0,0,0,0,0,0,0,Matches,2018-2019
484,Julien Serrano,fr FRA,"MF,DF",Monaco,20,1998,3,1,119,1.3,0,0,0,0,0,0,1,0,0.3,0.3,0.1,0.4,3,3,9,0,0,0,0,0,0.23,0.05,0.28,0.23,0.28,Matches,2018-2019
485,Grégory Sertic,fr FRA,MF,Marseille,28,1989,4,1,108,1.2,0,0,0,0,0,0,1,0,0.1,0.1,0,0.1,0,1,0,0,0,0,0,0,0.07,0,0.07,0.07,0.07,Matches,2018-2019
486,Gen Shoji,jp JPN,DF,Toulouse,25,1992,18,18,"1,620",18,0,0,0,0,0,0,2,0,0.1,0.1,1.2,1.3,3,71,1,0,0,0,0,0,0,0.07,0.07,0,0.07,Matches,2018-2019
487,Djibril Sidibé,fr FRA,"DF,MF",Monaco,26,1992,26,22,"2,076",23.1,0,2,2,0,0,0,5,0,1.3,1.3,3,4.3,58,133,166,0,0.09,0.09,0,0.09,0.05,0.13,0.19,0.05,0.19,Matches,2018-2019
488,Kalidou Sidibé,ml MLI,MF,Toulouse,19,1999,20,18,"1,259",14,1,0,1,1,0,0,8,0,0.3,0.3,0.2,0.5,6,52,4,0.07,0,0.07,0.07,0.07,0.02,0.02,0.03,0.02,0.03,Matches,2018-2019
489,Adrien Silva,pt POR,MF,Monaco,29,1989,15,13,"1,184",13.2,0,0,0,0,0,0,6,0,0.3,0.3,0.7,1,11,102,9,0,0,0,0,0,0.02,0.05,0.07,0.02,0.07,Matches,2018-2019
490,Gabriel Silva,br BRA,DF,Saint-Étienne,27,1991,19,16,"1,429",15.9,0,2,2,0,0,0,1,0,0.2,0.2,1.4,1.6,16,38,75,0,0.13,0.13,0,0.13,0.01,0.09,0.1,0.01,0.1,Matches,2018-2019
491,Thiago Silva,br BRA,DF,Paris S-G,33,1984,25,24,"2,077",23.1,0,1,1,0,0,0,4,0,1,1,0.7,1.6,19,144,4,0,0.04,0.04,0,0.04,0.04,0.03,0.07,0.04,0.07,Matches,2018-2019
492,Giovanni Sio,ci CIV,FW,Montpellier,29,1989,1,1,63,0.7,0,0,0,0,0,0,0,0,0,0,0,0,1,2,7,0,0,0,0,0,0,0.07,0.07,0,0.07,Matches,2018-2019
493,Ibrahima Sissoko,ml MLI,MF,Strasbourg,20,1997,32,30,"2,665",29.6,3,2,5,3,0,0,9,0,1.5,1.5,2.3,3.8,58,141,76,0.1,0.07,0.17,0.1,0.17,0.05,0.08,0.13,0.05,0.13,Matches,2018-2019
494,Ellyes Skhiri,tn TUN,MF,Montpellier,23,1995,37,35,"3,090",34.3,3,2,5,3,0,0,5,0,1.2,1.2,1.2,2.3,38,175,52,0.09,0.06,0.15,0.09,0.15,0.03,0.03,0.07,0.03,0.07,Matches,2018-2019
495,Petar Škuletić,rs SRB,FW,Montpellier,28,1990,28,4,603,6.7,1,1,2,1,0,0,0,0,3.8,3.8,1.7,5.6,5,13,38,0.15,0.15,0.3,0.15,0.3,0.58,0.26,0.83,0.58,0.83,Matches,2018-2019
496,Naïm Sliti,tn TUN,"MF,FW",Dijon,26,1992,35,25,"2,286",25.4,3,4,7,2,1,1,2,0,5.2,4.4,6.9,11.3,107,119,157,0.12,0.16,0.28,0.08,0.24,0.21,0.27,0.48,0.17,0.44,Matches,2018-2019
497,Oumar Solet,fr FRA,DF,Lyon,18,2000,1,1,59,0.7,0,0,0,0,0,0,1,0,0,0,0,0,1,7,1,0,0,0,0,0,0,0,0,0,0,Matches,2018-2019
498,Jérémy Sorbon,fr FRA,DF,Guingamp,34,1983,33,29,"2,647",29.4,1,0,1,1,0,0,2,0,0.9,0.9,0.2,1.1,3,64,0,0.03,0,0.03,0.03,0.03,0.03,0.01,0.04,0.03,0.04,Matches,2018-2019
499,Adama Soumaoro,fr FRA,DF,Lille,26,1992,20,20,"1,723",19.1,0,1,1,0,0,0,6,1,0.5,0.5,0.3,0.8,9,25,1,0,0.05,0.05,0,0.05,0.03,0.01,0.04,0.03,0.04,Matches,2018-2019
500,Boubakary Soumaré,fr FRA,MF,Lille,19,1999,18,5,564,6.3,1,1,2,1,0,0,2,0,0.4,0.4,0.6,1,13,51,10,0.16,0.16,0.32,0.16,0.32,0.07,0.09,0.16,0.07,0.16,Matches,2018-2019
501,Bassem Srarfi,tn TUN,"FW,MF",Nice,21,1997,22,8,817,9.1,1,0,1,1,0,0,2,0,1.6,1.6,1.1,2.7,32,26,85,0.11,0,0.11,0.11,0.11,0.18,0.12,0.29,0.18,0.29,Matches,2018-2019
502,Timo Stavitski,fi FIN,"MF,FW",Caen,19,1999,1,0,14,0.2,0,0,0,0,0,0,0,0,0,0,0,0,0,0,1,0,0,0,0,0,0,0,0,0,0,Matches,2018-2019
503,Kevin Strootman,nl NED,MF,Marseille,28,1990,28,21,"1,942",21.6,1,5,6,1,0,0,7,0,2,2,2.6,4.6,24,116,33,0.05,0.23,0.28,0.05,0.28,0.09,0.12,0.21,0.09,0.21,Matches,2018-2019
504,Mathías Suárez,uy URU,DF,Montpellier,22,1996,10,7,550,6.1,0,0,0,0,0,0,2,0,0,0,0.2,0.2,6,17,21,0,0,0,0,0,0,0.02,0.02,0,0.02,Matches,2018-2019
505,Danijel Subašić,hr CRO,GK,Monaco,33,1984,14,14,"1,136",12.6,0,0,0,0,0,0,1,0,0,0,0,0,0,0,0,0,0,0,0,0,0,0,0,0,0,Matches,2018-2019
506,Neven Subotić,rs SRB,DF,Saint-Étienne,29,1988,26,26,"2,149",23.9,1,0,1,1,0,0,2,1,2,2,0.3,2.3,1,47,2,0.04,0,0.04,0.04,0.04,0.08,0.01,0.1,0.08,0.1,Matches,2018-2019
507,Sanasi Sy,fr FRA,MF,Amiens,19,1999,1,0,1,0,0,0,0,0,0,0,0,0,0,0,0,0,0,0,0,0,0,0,0,0,0,0,0,0,0,Matches,2018-2019
508,Seydou Sy,sn SEN,GK,Monaco,22,1995,3,2,226,2.5,0,0,0,0,0,0,0,0,0,0,0,0,0,0,0,0,0,0,0,0,0,0,0,0,0,Matches,2018-2019
509,Issiaga Sylla,gn GUI,"DF,MF",Toulouse,24,1994,24,23,"1,994",22.2,2,0,2,2,0,0,5,0,2,2,1.5,3.4,60,98,105,0.09,0,0.09,0.09,0.09,0.09,0.07,0.16,0.09,0.16,Matches,2018-2019
510,Moussa Sylla,ml MLI,"FW,MF",Monaco,18,1999,18,7,769,8.5,0,0,0,0,0,0,1,0,2.2,2.2,0.5,2.7,19,7,74,0,0,0,0,0,0.25,0.06,0.32,0.25,0.32,Matches,2018-2019
511,Eddy Sylvestre,fr FRA,"FW,MF",Nice,18,1999,5,3,266,3,0,1,1,0,0,0,0,0,0.6,0.6,0.1,0.7,5,10,23,0,0.34,0.34,0,0.34,0.2,0.04,0.24,0.2,0.24,Matches,2018-2019
512,Franck Tabanou,fr FRA,DF,Guingamp,29,1989,2,2,180,2,0,0,0,0,0,0,0,0,0,0,0,0,1,5,0,0,0,0,0,0,0,0,0,0,0,Matches,2018-2019
513,Flavien Tait,fr FRA,"MF,FW",Angers,25,1993,36,34,"2,985",33.2,5,7,12,5,0,1,2,0,7,6.1,9.3,15.5,184,159,279,0.15,0.21,0.36,0.15,0.36,0.21,0.28,0.49,0.19,0.47,Matches,2018-2019
514,Adrien Tameze,cm CMR,MF,Nice,24,1994,37,34,"2,942",32.7,0,3,3,0,0,0,7,0,1,1,1.4,2.4,31,163,60,0,0.09,0.09,0,0.09,0.03,0.04,0.07,0.03,0.07,Matches,2018-2019
515,Ciprian Tătărușanu,ro ROU,GK,Nantes,32,1986,27,27,"2,390",26.6,0,0,0,0,0,0,0,0,0,0,0,0,0,0,0,0,0,0,0,0,0,0,0,0,0,Matches,2018-2019
516,Júlio Tavares,cv CPV,FW,Dijon,29,1988,36,31,"2,805",31.2,5,4,9,4,1,1,4,0,9.5,8.7,3.7,12.4,17,40,150,0.16,0.13,0.29,0.13,0.26,0.3,0.12,0.42,0.28,0.4,Matches,2018-2019
517,Malik Tchokounté,fr FRA,"FW,MF",Caen,29,1988,29,16,"1,473",16.4,0,2,2,0,0,0,3,0,1.8,1.8,1.2,3,14,28,61,0,0.12,0.12,0,0.12,0.11,0.07,0.18,0.11,0.18,Matches,2018-2019
518,Aurélien Tchouaméni,fr FRA,MF,Bordeaux,18,2000,10,8,704,7.8,0,0,0,0,0,0,3,0,0.3,0.3,0.1,0.4,5,25,7,0,0,0,0,0,0.04,0.01,0.05,0.04,0.05,Matches,2018-2019
519,Martin Terrier,fr FRA,FW,Lyon,21,1997,32,16,"1,486",16.5,9,0,9,9,0,0,2,0,4.1,4.1,2.6,6.6,32,55,116,0.55,0,0.55,0.55,0.55,0.25,0.15,0.4,0.25,0.4,Matches,2018-2019
520,Kenny Tete,nl NED,DF,Lyon,22,1995,13,12,"1,048",11.6,0,3,3,0,0,0,1,0,0.7,0.7,1.8,2.5,35,64,99,0,0.26,0.26,0,0.26,0.06,0.15,0.21,0.06,0.21,Matches,2018-2019
521,Florian Thauvin,fr FRA,"FW,MF",Marseille,25,1993,33,30,"2,613",29,16,8,24,14,2,2,5,1,11.3,9.8,6.1,15.8,141,119,299,0.55,0.28,0.83,0.48,0.76,0.39,0.21,0.6,0.34,0.55,Matches,2018-2019
522,Sada Thioub,sn SEN,"MF,FW",Nîmes,23,1995,38,27,"2,476",27.5,3,5,8,3,0,0,3,0,3.8,3.8,2.8,6.6,149,89,225,0.11,0.18,0.29,0.11,0.29,0.14,0.1,0.24,0.14,0.24,Matches,2018-2019
523,Romain Thomas,fr FRA,DF,Angers,30,1988,28,27,"2,394",26.6,2,1,3,2,0,0,4,0,1.7,1.7,1,2.6,9,70,3,0.08,0.04,0.11,0.08,0.11,0.06,0.04,0.1,0.06,0.1,Matches,2018-2019
524,Adrien Thomasson,fr FRA,"MF,FW",Strasbourg,24,1993,34,28,"2,479",27.5,5,8,13,5,0,0,5,1,4.5,4.4,3.7,8.1,47,104,193,0.18,0.29,0.47,0.18,0.47,0.16,0.14,0.3,0.16,0.29,Matches,2018-2019
525,Marcus Thuram,fr FRA,"FW,MF",Guingamp,20,1997,32,32,"2,571",28.6,9,1,10,5,4,5,4,2,10,6,3,9,133,76,221,0.32,0.04,0.35,0.18,0.21,0.35,0.1,0.45,0.21,0.32,Matches,2018-2019
526,Youri Tielemans,be BEL,MF,Monaco,21,1997,20,20,"1,680",18.7,5,1,6,4,1,1,5,0,2.6,1.8,2.2,4.1,37,146,41,0.27,0.05,0.32,0.21,0.27,0.14,0.12,0.26,0.1,0.22,Matches,2018-2019
527,Cheick Timite,ci CIV,"FW,MF",Amiens,20,1997,27,15,"1,456",16.2,1,1,2,1,0,0,2,0,2.7,2.7,1.3,4,32,19,118,0.06,0.06,0.12,0.06,0.12,0.17,0.08,0.24,0.17,0.24,Matches,2018-2019
528,Jean-Clair Todibo,fr FRA,DF,Toulouse,18,1999,10,10,834,9.3,1,0,1,1,0,0,3,1,0.2,0.2,0.1,0.3,6,23,0,0.11,0,0.11,0.11,0.11,0.02,0.01,0.03,0.02,0.03,Matches,2018-2019
529,Abdoulaye Touré,gn GUI,MF,Nantes,24,1994,34,30,"2,749",30.5,3,1,4,3,0,0,4,1,2.2,2.2,1.8,4,38,146,55,0.1,0.03,0.13,0.1,0.13,0.07,0.06,0.13,0.07,0.13,Matches,2018-2019
530,Almamy Touré,ml MLI,DF,Monaco,22,1996,4,4,346,3.8,0,0,0,0,0,0,0,0,0.1,0.1,0.1,0.2,10,28,14,0,0,0,0,0,0.03,0.03,0.06,0.03,0.06,Matches,2018-2019
531,Lucas Tousart,fr FRA,MF,Lyon,21,1997,30,20,"1,727",19.2,0,0,0,0,0,0,3,2,0.9,0.9,0.5,1.4,9,94,16,0,0,0,0,0,0.05,0.02,0.07,0.05,0.07,Matches,2018-2019
532,Adama Traoré,ml MLI,MF,Monaco,23,1995,6,3,240,2.7,0,1,1,0,0,0,0,0,0.3,0.3,0.3,0.6,5,7,13,0,0.37,0.37,0,0.37,0.12,0.1,0.22,0.12,0.22,Matches,2018-2019
533,Bertrand Traoré,bf BFA,FW,Lyon,22,1995,34,24,"2,117",23.5,7,2,9,7,0,0,5,0,6,6,2.6,8.6,96,113,288,0.3,0.09,0.38,0.3,0.38,0.25,0.11,0.36,0.25,0.36,Matches,2018-2019
534,Charles Traore,ml MLI,"DF,FW",Nantes,26,1992,13,13,"1,163",12.9,0,0,0,0,0,0,3,0,0.2,0.2,1.1,1.3,27,46,34,0,0,0,0,0,0.02,0.08,0.1,0.02,0.1,Matches,2018-2019
535,Cheick Traoré,ml MLI,DF,Guingamp,23,1995,20,16,"1,508",16.8,0,0,0,0,0,0,3,0,0.4,0.4,1.3,1.7,44,57,99,0,0,0,0,0,0.03,0.08,0.1,0.03,0.1,Matches,2018-2019
536,Gaoussou Traoré,ml MLI,MF,Amiens,18,1999,3,1,107,1.2,0,0,0,0,0,0,1,0,0,0,0,0,0,4,2,0,0,0,0,0,0.04,0,0.04,0.04,0.04,Matches,2018-2019
537,Hamari Traoré,ml MLI,DF,Rennes,26,1992,34,33,"2,972",33,0,2,2,0,0,0,7,0,2,2,3.3,5.3,97,168,142,0,0.06,0.06,0,0.06,0.06,0.1,0.16,0.06,0.16,Matches,2018-2019
538,Ismaël Traoré,ci CIV,DF,Angers,31,1986,30,29,"2,636",29.3,3,1,4,3,0,0,2,1,3.6,3.6,0.1,3.8,18,66,5,0.1,0.03,0.14,0.1,0.14,0.12,0.01,0.13,0.12,0.13,Matches,2018-2019
539,Driss Trichard,fr FRA,DF,Bordeaux,23,1995,1,1,90,1,0,0,0,0,0,0,0,0,0,0,0,0,2,4,5,0,0,0,0,0,0,0,0,0,0,Matches,2018-2019
540,Valentín Vada,ar ARG,MF,Bordeaux,22,1996,2,0,36,0.4,0,0,0,0,0,0,0,0,0,0,0,0,0,3,3,0,0,0,0,0,0,0.06,0.06,0,0.06,Matches,2018-2019
541,Valentín Vada,ar ARG,MF,Saint-Étienne,22,1996,12,3,404,4.5,1,1,2,1,0,0,1,0,0.3,0.3,0.9,1.2,4,28,8,0.22,0.22,0.45,0.22,0.45,0.07,0.2,0.27,0.07,0.27,Matches,2018-2019
542,William Vainqueur,fr FRA,MF,Monaco,29,1988,3,1,80,0.9,0,0,0,0,0,0,0,0,0,0,0,0,1,7,1,0,0,0,0,0,0,0,0,0,0,Matches,2018-2019
543,Pierrick Valdivia,fr FRA,MF,Nîmes,30,1988,2,0,31,0.3,0,0,0,0,0,0,0,0,0,0,0,0,0,0,0,0,0,0,0,0,0,0,0,0,0,Matches,2018-2019
544,Theo Valls,fr FRA,MF,Nîmes,22,1995,31,20,"1,770",19.7,0,0,0,0,0,0,2,0,1.2,1.2,1,2.2,21,76,35,0,0,0,0,0,0.06,0.05,0.11,0.06,0.11,Matches,2018-2019
545,Marco Verratti,it ITA,MF,Paris S-G,25,1992,26,23,"1,879",20.9,0,2,2,0,0,0,7,0,0.1,0.1,3.5,3.6,52,261,38,0,0.1,0.1,0,0.1,0.01,0.17,0.17,0.01,0.17,Matches,2018-2019
546,Carlos Vinícius,br BRA,"FW,MF",Monaco,23,1995,16,3,523,5.8,2,1,3,2,0,0,3,0,2.7,2.7,0.9,3.6,8,9,31,0.34,0.17,0.52,0.34,0.52,0.47,0.15,0.63,0.47,0.63,Matches,2018-2019
547,Paul Wade,fr FRA,MF,Nice,18,2000,1,0,8,0.1,0,0,0,0,0,0,0,0,0,0,0,0,0,0,0,0,0,0,0,0,0,0,0,0,0,Matches,2018-2019
548,Anthony Walongwa,,DF,Nantes,24,1993,1,1,90,1,0,0,0,0,0,0,0,0,0.1,0.1,0,0.1,0,3,0,0,0,0,0,0,0.14,0,0.14,0.14,0.14,Matches,2018-2019
549,Rémi Walter,fr FRA,MF,Nice,23,1995,19,8,833,9.3,2,0,2,0,2,3,1,0,2.6,0.2,0.4,0.6,19,39,23,0.22,0,0.22,0,0,0.28,0.04,0.32,0.02,0.06,Matches,2018-2019
550,Timothy Weah,us USA,FW,Paris S-G,18,2000,2,1,54,0.6,1,0,1,1,0,0,1,0,1,1,0.1,1.1,0,0,4,1.67,0,1.67,1.67,1.67,1.62,0.14,1.76,1.62,1.76,Matches,2018-2019
551,Xeka,pt POR,MF,Lille,23,1994,27,26,"2,260",25.1,2,0,2,2,0,0,10,0,1.7,1.7,0.8,2.5,40,113,19,0.08,0,0.08,0.08,0.08,0.07,0.03,0.1,0.07,0.1,Matches,2018-2019
552,Cédric Yamberé,cf CTA,DF,Dijon,27,1990,33,30,"2,805",31.2,0,0,0,0,0,0,4,0,2.3,2.3,0.2,2.5,13,56,4,0,0,0,0,0,0.07,0.01,0.08,0.07,0.08,Matches,2018-2019
553,Elie Youan,fr FRA,FW,Nantes,19,1999,1,0,19,0.2,0,0,0,0,0,0,0,0,0,0,0,0,0,0,3,0,0,0,0,0,0,0,0,0,0,Matches,2018-2019
554,Zaydou Youssouf,km COM,"MF,FW",Bordeaux,19,1999,11,7,422,4.7,0,0,0,0,0,0,1,0,0.3,0.3,0.1,0.5,8,12,19,0,0,0,0,0,0.07,0.03,0.1,0.07,0.1,Matches,2018-2019
555,Younn Zahary,km COM,DF,Caen,19,1998,12,7,736,8.2,0,0,0,0,0,0,3,0,0,0,0.1,0.1,1,6,0,0,0,0,0,0,0,0.01,0.01,0,0.01,Matches,2018-2019
556,Mehdi Zeffane,dz ALG,"DF,MF",Rennes,26,1992,20,14,"1,214",13.5,1,0,1,1,0,0,4,0,0.6,0.6,0.8,1.4,31,54,61,0.07,0,0.07,0.07,0.07,0.04,0.06,0.1,0.04,0.1,Matches,2018-2019
557,Arton Zekaj,xk KVX,FW,Lille,18,2000,1,0,1,0,0,0,0,0,0,0,0,0,0,0,0,0,0,1,0,0,0,0,0,0,0,0,0,0,0,Matches,2018-2019
558,Mootaz Zemzemi,tn TUN,"FW,MF",Strasbourg,18,1999,2,0,3,0,0,0,0,0,0,0,0,0,0,0,0,0,0,0,0,0,0,0,0,0,0,0,0,0,0,Matches,2018-2019
559,Arber Zeneli,xk KVX,FW,Reims,23,1995,15,8,810,9,3,3,6,1,2,2,0,0,3.1,1.6,2.1,3.7,39,37,94,0.33,0.33,0.67,0.11,0.44,0.35,0.24,0.58,0.17,0.41,Matches,2018-2019
560,Kévin Zohi,ml MLI,"FW,MF",Strasbourg,21,1996,20,6,627,7,1,1,2,1,0,0,0,0,1,1,0.4,1.4,23,22,68,0.14,0.14,0.29,0.14,0.29,0.14,0.05,0.2,0.14,0.2,Matches,2018-2019
561,Bongani Zungu,za RSA,MF,Amiens,25,1992,5,3,230,2.6,0,0,0,0,0,0,2,0,0.1,0.1,0.1,0.1,2,12,1,0,0,0,0,0,0.04,0.02,0.06,0.04,0.06,Matches,2018-2019
