UCL_progress,Squad,MP,W,D,L,GF,GA,GD,Pts,Top Team Scorer,Goalkeeper,Notes,Season
W,es  Barcelona,13,8,4,1,30,9,21,28,Lionel Messi - 12,Víctor Valdés,→ Champions League via playoff win,2010-2011
F,eng  Manchester Utd,13,6,6,1,19,7,12,24,"Javier Hernández, Wayne Rooney - 4",Edwin van der Sar,,2010-2011
SF,es  Real Madrid,12,7,4,1,25,6,19,25,"Karim Benzema, Cristiano Ronaldo - 6",Iker Casillas,,2010-2011
SF,de  Schalke 04,12,5,4,3,22,14,8,19,Raúl - 5,Manuel Neuer,,2010-2011
QF,ua  Shakhtar,10,6,2,2,19,14,5,20,"Eduardo da Silva, Luiz Adriano - 4",Andriy Pyatov,,2010-2011
QF,eng  Chelsea,10,6,1,3,17,7,10,19,Nicolas Anelka - 7,Petr Čech,,2010-2011
QF,eng  Tottenham,12,4,5,3,25,19,6,17,"Gareth Bale, Peter Crouch - 4",Heurelho Gomes,,2010-2011
QF,it  Inter,10,4,1,5,18,21,-3,13,Samuel Eto'o - 8,Júlio César,,2010-2011
R16,de  Bayern Munich,8,6,1,1,19,9,10,19,Mario Gómez - 8,"Hans-Jörg Butt, Thomas Kraft",,2010-2011
R16,eng  Arsenal,8,5,0,3,21,11,10,15,"Cesc Fàbregas, Andrey Arshavin... - 3",Łukasz Fabiański,,2010-2011
R16,dk  FC Copenhagen,12,3,5,4,12,11,1,14,"Dame N'Doye, Martin Vingaard - 2",Johan Wiland,,2010-2011
R16,fr  Marseille,8,4,1,3,13,5,8,13,André-Pierre Gignac - 3,Steve Mandanda,,2010-2011
R16,es  Valencia,8,3,3,2,17,8,9,12,Roberto Soldado - 6,César Sánchez,,2010-2011
R16,fr  Lyon,8,3,2,3,12,14,-2,11,Michel Bastos - 3,Hugo Lloris,,2010-2011
R16,it  Roma,8,3,1,4,12,17,-5,10,Marco Borriello - 4,"Bogdan Lobonț, Júlio Sérgio",,2010-2011
R16,it  Milan,8,2,3,3,7,8,-1,9,Zlatan Ibrahimović - 4,Christian Abbiati,,2010-2011
GR,pt  Braga,10,6,0,4,14,16,-2,18,Matheus Leite Nascimento - 3,Felipe,,2010-2011
GR,il  Hapoel Tel Aviv,12,4,4,4,20,15,5,16,Eran Zahavi - 3,Vincent Enyeama,,2010-2011
GR,ch  Basel,10,5,1,4,17,12,5,16,Alexander Frei - 3,Franco Costanzo,,2010-2011
GR,rs  Partizan,12,4,2,6,15,19,-4,14,Cléo - 2,Vladimir Stojković,,2010-2011
GR,nl  Ajax,10,2,5,3,13,16,-3,11,"Toby Alderweireld, Demy de Zeeuw - 2",Maarten Stekelenburg,,2010-2011
GR,ru  Spartak Moscow,6,3,0,3,7,10,-3,9,"Ari, Ibson - 2",Andriy Dykan,,2010-2011
GR,de  Werder Bremen,8,2,2,4,11,16,-5,8,Marko Arnautović - 2,Tim Wiese,,2010-2011
GR,sk  MŠK Žilina,12,1,4,7,13,22,-9,7,"Bello Babatounde, Tomáš Majtán... - 1",Martin Dúbravka,,2010-2011
GR,nl  Twente,6,1,3,2,9,11,-2,6,Nacer Chadli - 3,Nikolay Mihaylov,,2010-2011
GR,ru  Rubin Kazan,6,1,3,2,2,4,-2,6,Christian Noboa - 2,Sergey Ryzhikov,,2010-2011
GR,sct  Rangers,6,1,3,2,3,6,-3,6,"Maurice Edu, Kenny Miller... - 1",Allan McGregor,,2010-2011
GR,pt  Benfica,6,2,0,4,7,12,-5,6,"Fábio Coentrão, Luisão - 2",Roberto,,2010-2011
GR,ro  CFR Cluj,6,1,1,4,6,12,-6,4,"Ionuț Rada, Lacina Traoré - 2","Nuno Claro, Eduard Stăncioiu",,2010-2011
GR,fr  Auxerre,8,1,1,6,5,13,-8,4,"Valter Birsa, Steeven Langil... - 1",Olivier Sorin,,2010-2011
GR,gr  Panathinaikos,6,0,2,4,2,13,-11,2,"Cédric Kanté, Sidney Govou - 1",Alexandros Tzorvas,,2010-2011
GR,tr  Bursaspor,6,0,1,5,2,16,-14,1,"Pablo Batalla, Sercan Yıldırım - 1",Dimitar Ivankov,,2010-2011
W,eng  Chelsea,13,5,6,2,25,12,13,21,Didier Drogba - 6,Petr Čech,→ Champions League via playoff win,2011-2012
F,de  Bayern Munich,15,8,4,3,29,11,18,28,Mario Gómez - 12,Manuel Neuer,,2011-2012
SF,es  Real Madrid,12,7,4,1,35,9,26,25,Cristiano Ronaldo - 10,Iker Casillas,,2011-2012
SF,es  Barcelona,12,6,5,1,35,10,25,23,Lionel Messi - 14,Víctor Valdés,,2011-2012
QF,pt  Benfica,14,4,7,3,21,14,7,19,Óscar Cardozo - 4,Artur Moraes,,2011-2012
QF,cy  APOEL FC,16,4,7,5,20,17,3,19,Gustavo Manduca - 4,Dionisis Chiotis,,2011-2012
QF,it  Milan,10,3,4,3,16,14,2,13,Zlatan Ibrahimović - 5,Christian Abbiati,,2011-2012
QF,fr  Marseille,10,4,1,5,9,10,-1,13,André Ayew - 4,Steve Mandanda,,2011-2012
R16,eng  Arsenal,10,5,3,2,13,11,2,18,Robin van Persie - 4,Wojciech Szczęsny,,2011-2012
R16,fr  Lyon,10,4,3,3,14,10,4,15,Bafétimbi Gomis - 5,Hugo Lloris,,2011-2012
R16,it  Napoli,8,4,2,2,14,11,3,14,Edinson Cavani - 5,Morgan De Sanctis,,2011-2012
R16,ch  Basel,8,4,2,2,12,17,-5,14,Alexander Frei - 5,Yann Sommer,,2011-2012
R16,ru  Zenit,8,3,3,2,10,9,1,12,Roman Shirokov - 5,Vyacheslav Malafeev,,2011-2012
R16,it  Inter,8,3,2,3,10,9,1,11,Giampaolo Pazzini - 3,Júlio César,,2011-2012
R16,de  Leverkusen,8,3,1,4,10,18,-8,10,Eren Derdiyok - 2,Bernd Leno,,2011-2012
R16,ru  CSKA Moscow,8,2,3,3,11,13,-2,9,Seydou Doumbia - 5,Vladimir Gabulov,,2011-2012
GR,cz  Viktoria Plzeň,12,4,5,3,22,16,6,17,Marek Bakoš - 2,Marek Čech,,2011-2012
GR,hr  Dinamo Zagreb,12,3,2,7,13,26,-13,11,"Fatos Bećiraj, Mateo Kovačić... - 1",Ivan Kelava,,2011-2012
GR,eng  Manchester City,6,3,1,2,9,6,3,10,Yaya Touré - 3,Joe Hart,,2011-2012
GR,by  BATE Borisov,12,1,7,4,11,17,-6,10,Renan Bardini Bressan - 2,Alyaksandr Hutar,,2011-2012
GR,eng  Manchester Utd,6,2,3,1,11,8,3,9,"Wayne Rooney, Danny Welbeck - 2",David de Gea,,2011-2012
GR,gr  Olympiacos,6,3,0,3,8,6,2,9,"David Fuster, François Modesto... - 2","Franco Costanzo, Balázs Megyeri",,2011-2012
GR,es  Valencia,6,2,2,2,12,7,5,8,Roberto Soldado - 5,Diego Alves,,2011-2012
GR,pt  Porto,6,2,2,2,7,7,0,8,Hulk - 4,Helton Arruda,,2011-2012
GR,nl  Ajax,6,2,2,2,6,6,0,8,"Christian Eriksen, Derk Boerrigter... - 1",Kenneth Vermeer,,2011-2012
GR,tr  Trabzonspor,8,1,5,2,4,8,-4,8,"Halil Altıntop, Ondřej Čelůstka... - 1",Tolga Zengin,,2011-2012
GR,be  Genk,10,1,5,4,8,21,-13,8,Jelle Vossen - 2,László Köteles,,2011-2012
GR,fr  Lille,6,1,3,2,6,6,0,6,Moussa Sow - 3,Mickaël Landreau,,2011-2012
GR,ua  Shakhtar,6,1,2,3,6,8,-2,5,Luiz Adriano - 3,Oleksandr Rybka,,2011-2012
GR,de  Dortmund,6,1,1,4,6,12,-6,4,"Jakub Błaszczykowski, Shinji Kagawa... - 1",Roman Weidenfeller,,2011-2012
GR,es  Villarreal,8,0,1,7,5,15,-10,1,"Cani, Jonathan de Guzmán - 1",Diego López,,2011-2012
GR,ro  Oțelul Galați,6,0,0,6,3,11,-8,0,"Liviu Antal, Gabriel Giurgiu... - 1",Branko Grahovac,,2011-2012
W,de  Bayern Munich,13,10,2,1,31,11,20,32,Thomas Müller - 8,Manuel Neuer,→ Champions League via playoff win,2012-2013
F,de  Dortmund,13,5,6,2,24,14,10,21,Robert Lewandowski - 10,Roman Weidenfeller,,2012-2013
SF,es  Real Madrid,12,5,4,3,26,18,8,19,Cristiano Ronaldo - 12,Diego López,,2012-2013
SF,es  Barcelona,12,4,5,3,18,17,1,17,Lionel Messi - 8,Víctor Valdés,,2012-2013
QF,fr  Paris S-G,10,6,3,1,20,8,12,21,Ezequiel Lavezzi - 5,Salvatore Sirigu,,2012-2013
QF,es  Málaga,12,4,6,2,18,9,9,18,Eliseu - 4,Willy Caballero,,2012-2013
QF,it  Juventus,10,4,5,1,17,8,9,17,Fabio Quagliarella - 4,Gianluigi Buffon,,2012-2013
QF,tr  Galatasaray,10,4,3,3,14,14,0,15,Burak Yılmaz - 8,Fernando Muslera,,2012-2013
R16,sct  Celtic,12,6,2,4,17,14,3,20,Georgios Samaras - 3,Fraser Forster,,2012-2013
R16,pt  Porto,8,5,1,2,11,6,5,16,Jackson Martínez - 3,Helton Arruda,,2012-2013
R16,es  Valencia,8,4,2,2,14,8,6,14,Jonas - 5,Vicente Guaita,,2012-2013
R16,de  Schalke 04,8,3,5,0,13,10,3,14,Klaas-Jan Huntelaar - 4,Lars Unnerstall,,2012-2013
R16,eng  Manchester Utd,8,4,2,2,11,9,2,14,"Javier Hernández, Robin van Persie - 3",David de Gea,,2012-2013
R16,eng  Arsenal,8,4,1,3,13,11,2,13,Lukas Podolski - 4,Vito Mannone,,2012-2013
R16,ua  Shakhtar,8,3,2,3,14,13,1,11,Willian - 4,Andriy Pyatov,,2012-2013
R16,it  Milan,8,3,2,3,9,10,-1,11,"Stephan El Shaarawy, Alexandre Pato - 2",Christian Abbiati,,2012-2013
GR,ro  CFR Cluj,10,6,2,2,15,9,6,20,Rui Pedro - 3,Mário Felgueiras,,2012-2013
GR,by  BATE Borisov,12,5,3,4,18,19,-1,18,"Vitali Rodionov, Renan Bardini Bressan - 2",Andrey Harbunow,,2012-2013
GR,ua  Dynamo Kyiv,10,4,3,3,13,14,-1,15,Oleh Husyev - 2,Maksym Koval,,2012-2013
GR,hr  Dinamo Zagreb,12,3,4,5,13,18,-5,13,Ivan Krstanović - 1,Ivan Kelava,,2012-2013
GR,be  Anderlecht,10,3,3,4,18,11,7,12,Dieumerci Mbokani - 2,Silvio Proto,,2012-2013
GR,eng  Chelsea,6,3,1,2,16,10,6,10,Oscar - 5,Petr Čech,,2012-2013
GR,gr  Olympiacos,6,3,0,3,9,9,0,9,Kostas Mitroglou - 4,Roy Carroll,,2012-2013
GR,pt  Benfica,6,2,2,2,5,5,0,8,Óscar Cardozo - 2,Artur Moraes,,2012-2013
GR,ru  Zenit,6,2,1,3,6,9,-3,7,Danny - 2,Vyacheslav Malafeev,,2012-2013
GR,ru  Spartak Moscow,8,2,1,5,10,16,-6,7,Emmanuel Emenike - 2,"Andriy Dykan, Sergei Pesyakov...",,2012-2013
GR,pt  Braga,8,1,2,5,9,15,-6,5,Alan - 5,Beto,,2012-2013
GR,nl  Ajax,6,1,1,4,8,16,-8,4,Siem de Jong - 3,Kenneth Vermeer,,2012-2013
GR,fr  Lille,8,1,1,6,6,14,-8,4,"Salomon Kalou, Gianni Bruno... - 1",Mickaël Landreau,,2012-2013
GR,eng  Manchester City,6,0,3,3,7,11,-4,3,Sergio Agüero - 2,Joe Hart,,2012-2013
GR,fr  Montpellier,6,0,2,4,6,12,-6,2,Younès Belhanda - 2,Geoffrey Jourdren,,2012-2013
GR,dk  Nordsjælland,6,0,1,5,4,22,-18,1,"Joshua John, Mikkel Beckmann... - 1",Jesper Hansen,,2012-2013
W,es  Real Madrid,13,10,2,1,41,10,31,32,Cristiano Ronaldo - 17,Iker Casillas,→ Champions League via playoff win,2013-2014
F,es  Atlético Madrid,13,7,5,1,26,10,16,26,Diego Costa - 8,Thibaut Courtois,,2013-2014
SF,de  Bayern Munich,12,6,4,2,24,13,11,22,Thomas Müller - 5,Manuel Neuer,,2013-2014
SF,eng  Chelsea,12,4,5,3,19,10,9,17,Fernando Torres - 4,Petr Čech,,2013-2014
QF,fr  Paris S-G,10,6,2,2,25,9,16,20,Zlatan Ibrahimović - 10,Salvatore Sirigu,,2013-2014
QF,es  Barcelona,10,5,3,2,21,8,13,18,Lionel Messi - 8,Víctor Valdés,,2013-2014
QF,eng  Manchester Utd,10,5,3,2,17,9,8,18,Robin van Persie - 4,David de Gea,,2013-2014
QF,de  Dortmund,10,5,2,3,18,13,5,17,Robert Lewandowski - 6,Roman Weidenfeller,,2013-2014
R16,ru  Zenit,12,4,5,3,23,17,6,17,Hulk - 4,Yuri Lodygin,,2013-2014
R16,eng  Arsenal,10,5,2,3,14,8,6,17,"Olivier Giroud, Jack Wilshere... - 2",Wojciech Szczęsny,,2013-2014
R16,eng  Manchester City,8,5,0,3,19,14,5,15,Sergio Agüero - 6,Joe Hart,,2013-2014
R16,de  Schalke 04,10,4,2,4,12,18,-6,14,Julian Draxler - 3,"Ralf Fährmann, Timo Hildebrand",,2013-2014
R16,gr  Olympiacos,8,4,1,3,12,11,1,13,"Kostas Mitroglou, Chori Domínguez - 3",Roberto,,2013-2014
R16,it  Milan,10,2,5,3,13,11,2,11,"Kaká, Mario Balotelli - 2",Christian Abbiati,,2013-2014
R16,de  Leverkusen,8,3,1,4,10,16,-6,10,Simon Rolfes - 3,Bernd Leno,,2013-2014
R16,tr  Galatasaray,8,2,2,4,9,17,-8,8,Umut Bulut - 3,Fernando Muslera,,2013-2014
GR,cz  Viktoria Plzeň,12,6,1,5,26,24,2,19,"Daniel Kolář, Marek Bakoš... - 1",Matúš Kozáčik,,2013-2014
GR,ch  Basel,10,4,4,2,15,11,4,16,Mohamed Salah - 2,Yann Sommer,,2013-2014
GR,ro  Steaua,12,3,6,3,13,15,-2,15,"Federico Piovaccari, Leandro Tatu - 1",Ciprian Tătărușanu,,2013-2014
GR,at  Austria Wien,10,3,4,3,10,13,-3,13,"Roman Kienast, Philipp Hosiner - 2",Heinz Lindner,,2013-2014
GR,it  Napoli,6,4,0,2,10,9,1,12,Gonzalo Higuaín - 4,Pepe Reina,,2013-2014
GR,sct  Celtic,12,3,3,6,12,16,-4,12,"Beram Kayal, James Forrest... - 1",Fraser Forster,,2013-2014
GR,pt  Benfica,6,3,1,2,8,8,0,10,"Filip Đuričić, Nicolás Gaitán... - 1",Artur Moraes,,2013-2014
GR,ua  Shakhtar,6,2,2,2,7,6,1,8,Alex Teixeira - 3,Andriy Pyatov,,2013-2014
GR,nl  Ajax,6,2,2,2,5,8,-3,8,Lasse Schöne - 2,Jasper Cillessen,,2013-2014
GR,it  Juventus,6,1,3,2,9,9,0,6,Arturo Vidal - 5,Gianluigi Buffon,,2013-2014
GR,pt  Porto,6,1,2,3,4,7,-3,5,"Lucho González, Jackson Martínez - 2",Helton Arruda,,2013-2014
GR,es  Real Sociedad,8,1,2,5,5,10,-5,5,Carlos Vela - 1,Claudio Bravo,,2013-2014
GR,dk  FC Copenhagen,6,1,1,4,4,13,-9,4,"Nicolai Jørgensen, Daniel Braaten... - 1",Johan Wiland,,2013-2014
GR,ru  CSKA Moscow,6,1,0,5,8,17,-9,3,"Keisuke Honda, Seydou Doumbia... - 2",Igor Akinfeev,,2013-2014
GR,be  Anderlecht,6,0,1,5,4,17,-13,1,"Massimo Bruno, Sacha Kljestan... - 1","Thomas Kaminski, Silvio Proto",,2013-2014
GR,fr  Marseille,6,0,0,6,5,14,-9,0,André Ayew - 2,Steve Mandanda,,2013-2014
W,es  Barcelona,13,11,0,2,31,11,20,33,"Lionel Messi, Neymar - 10",Marc-André ter Stegen,→ Champions League via playoff win,2014-2015
F,it  Juventus,13,7,3,3,17,10,7,24,Carlos Tevez - 7,Gianluigi Buffon,,2014-2015
SF,es  Real Madrid,12,8,2,2,24,9,15,26,Cristiano Ronaldo - 10,Iker Casillas,,2014-2015
SF,de  Bayern Munich,12,8,1,3,33,13,20,25,Thomas Müller - 7,Manuel Neuer,,2014-2015
QF,pt  Porto,12,8,3,1,28,12,16,27,Jackson Martínez - 7,Fabiano,,2014-2015
QF,es  Atlético Madrid,10,5,2,3,15,5,10,17,Mario Mandžukić - 5,Miguel Ángel Moyá,,2014-2015
QF,fr  Monaco,10,4,3,3,7,5,2,15,"Aymen Abdennour, Dimitar Berbatov... - 1",Danijel Subašić,,2014-2015
QF,fr  Paris S-G,10,4,3,3,14,15,-1,15,Edinson Cavani - 6,Salvatore Sirigu,,2014-2015
R16,eng  Arsenal,10,6,2,2,19,11,8,20,"Danny Welbeck, Alexis Sánchez... - 3",Wojciech Szczęsny,,2014-2015
R16,de  Leverkusen,10,6,1,3,15,7,8,19,Son Heung-min - 3,Bernd Leno,,2014-2015
R16,eng  Chelsea,8,4,4,0,20,6,14,16,Eden Hazard - 3,Thibaut Courtois,,2014-2015
R16,de  Dortmund,8,4,1,3,15,9,6,13,Ciro Immobile - 4,Roman Weidenfeller,,2014-2015
R16,de  Schalke 04,8,3,2,3,13,19,-6,11,Klaas-Jan Huntelaar - 5,Ralf Fährmann,,2014-2015
R16,ua  Shakhtar,8,2,4,2,15,11,4,10,Luiz Adriano - 9,Andriy Pyatov,,2014-2015
R16,eng  Manchester City,8,2,2,4,10,11,-1,8,Sergio Agüero - 6,Joe Hart,,2014-2015
R16,ch  Basel,8,2,2,4,8,13,-5,8,Derlis González - 3,Tomáš Vaclík,,2014-2015
GR,ru  Zenit,10,5,1,4,11,7,4,16,"Danny, Hulk... - 1",Yuri Lodygin,,2014-2015
GR,si  NK Maribor,12,3,6,3,11,16,-5,15,"Damjan Bohar, Agim Ibraimi... - 1",Jasmin Handanović,,2014-2015
GR,bg  Ludogorets,12,3,4,5,13,18,-5,13,Dani Abalo - 2,Vladislav Stoyanov,,2014-2015
GR,se  Malmö,12,4,1,7,13,21,-8,13,Markus Rosenberg - 3,Robin Olsen,,2014-2015
GR,by  BATE Borisov,12,3,3,6,10,28,-18,12,"Alyaksandr Karnitsky, Dzyanis Palyakow - 1",Sergei Chernik,,2014-2015
GR,es  Athletic Club,8,3,2,3,9,8,1,11,Mikel San José - 2,Gorka Iraizoz,,2014-2015
GR,gr  Olympiacos,6,3,0,3,10,13,-3,9,"Ibrahim Afellay, Kostas Mitroglou - 2",Roberto,,2014-2015
GR,cy  APOEL FC,10,2,3,5,10,15,-5,9,Gustavo Manduca - 1,Urko Pardo,,2014-2015
GR,pt  Sporting CP,6,2,1,3,12,12,0,7,Nani - 4,Rui Patrício,,2014-2015
GR,be  Anderlecht,6,1,3,2,8,10,-2,6,"Aleksandar Mitrović, Chancel Mbemba... - 2",Silvio Proto,,2014-2015
GR,nl  Ajax,6,1,2,3,8,10,-2,5,Lasse Schöne - 3,Jasper Cillessen,,2014-2015
GR,eng  Liverpool,6,1,2,3,5,9,-4,5,Steven Gerrard - 2,Simon Mignolet,,2014-2015
GR,pt  Benfica,6,1,2,3,2,6,-4,5,"Eduardo Salvio, Talisca - 1",Júlio César,,2014-2015
GR,it  Roma,6,1,2,3,8,14,-6,5,Gervinho - 3,Morgan De Sanctis,,2014-2015
GR,ru  CSKA Moscow,6,1,2,3,6,13,-7,5,Seydou Doumbia - 3,Igor Akinfeev,,2014-2015
GR,tr  Galatasaray,6,0,1,5,4,19,-15,1,Burak Yılmaz - 2,Fernando Muslera,,2014-2015
W,es  Real Madrid,13,9,3,1,28,6,22,30,Cristiano Ronaldo - 16,Keylor Navas,→ Champions League via playoff win,2015-2016
F,es  Atlético Madrid,13,6,4,3,17,8,9,22,Antoine Griezmann - 7,Jan Oblak,,2015-2016
SF,de  Bayern Munich,12,8,2,2,30,11,19,26,Robert Lewandowski - 9,Manuel Neuer,,2015-2016
SF,eng  Manchester City,12,6,3,3,18,12,6,21,"Kevin De Bruyne, Raheem Sterling - 3",Joe Hart,,2015-2016
QF,es  Barcelona,10,7,2,1,22,8,14,23,Luis Suárez - 8,Marc-André ter Stegen,,2015-2016
QF,de  Wolfsburg,10,7,0,3,15,11,4,21,Julian Draxler - 3,Diego Benaglio,,2015-2016
QF,fr  Paris S-G,10,6,2,2,18,6,12,20,Zlatan Ibrahimović - 5,Kevin Trapp,,2015-2016
QF,pt  Benfica,10,5,2,3,15,12,3,17,Nicolás Gaitán - 4,Júlio César,,2015-2016
R16,ru  Zenit,8,5,0,3,14,9,5,15,Artem Dzyuba - 6,Yuri Lodygin,,2015-2016
R16,eng  Chelsea,8,4,1,3,15,7,8,13,Willian - 5,Asmir Begović,,2015-2016
R16,ua  Dynamo Kyiv,8,3,3,2,9,7,2,12,"Andriy Yarmolenko, Vitaliy Buyalskyi - 2",Oleksandr Shovkovskiy,,2015-2016
R16,it  Juventus,8,3,3,2,10,9,1,12,"Álvaro Morata, Mario Mandžukić - 2",Gianluigi Buffon,,2015-2016
R16,nl  PSV Eindhoven,8,3,3,2,8,7,1,12,"Luuk de Jong, Maxime Lestienne - 2",Jeroen Zoet,,2015-2016
R16,be  Gent,8,3,1,4,10,11,-1,10,Danijel Milićević - 3,Matz Sels,,2015-2016
R16,eng  Arsenal,8,3,0,5,13,15,-2,9,Olivier Giroud - 5,Petr Čech,,2015-2016
R16,it  Roma,8,1,3,4,11,20,-9,6,"Miralem Pjanić, Edin Džeko... - 2",Wojciech Szczęsny,,2015-2016
GR,by  BATE Borisov,12,4,4,4,11,16,-5,16,Filip Mladenović - 2,Sergei Chernik,,2015-2016
GR,kz  FC Astana,12,3,6,3,14,17,-3,15,Patrick Twumasi - 2,Nenad Erić,,2015-2016
GR,hr  Dinamo Zagreb,12,4,3,5,17,21,-4,15,"Junior Fernándes, Josip Pivarić... - 1",Eduardo Carvalho,,2015-2016
GR,eng  Manchester Utd,8,4,2,2,14,8,6,14,Anthony Martial - 2,David de Gea,,2015-2016
GR,se  Malmö,12,4,1,7,9,26,-17,13,Markus Rosenberg - 1,Johan Wiland,,2015-2016
GR,ru  CSKA Moscow,10,3,2,5,14,16,-2,11,Seydou Doumbia - 3,Igor Akinfeev,,2015-2016
GR,ua  Shakhtar,10,3,2,5,13,16,-3,11,Alex Teixeira - 3,Andriy Pyatov,,2015-2016
GR,pt  Porto,6,3,1,2,9,8,1,10,Vincent Aboubakar - 3,Iker Casillas,,2015-2016
GR,de  Leverkusen,8,2,3,3,16,13,3,9,Javier Hernández - 5,Bernd Leno,,2015-2016
GR,es  Valencia,8,3,0,5,9,12,-3,9,"João Cancelo, Sofiane Feghouli... - 1",Jaume Doménech,,2015-2016
GR,gr  Olympiacos,6,3,0,3,6,13,-7,9,Felipe Pardo - 3,Roberto,,2015-2016
GR,il  Maccabi Tel Aviv,12,2,2,8,13,24,-11,8,Eran Zahavi - 1,Predrag Rajković,,2015-2016
GR,es  Sevilla,6,2,0,4,8,11,-3,6,"Yevhen Konoplyanka, Éver Banega - 2",Sergio Rico,,2015-2016
GR,de  Gladbach,6,1,2,3,8,12,-4,5,Lars Stindl - 3,Yann Sommer,,2015-2016
GR,tr  Galatasaray,6,1,2,3,6,10,-4,5,"Lukas Podolski, Selçuk İnan - 2",Fernando Muslera,,2015-2016
GR,fr  Lyon,6,1,1,4,5,9,-4,4,Alexandre Lacazette - 2,Anthony Lopes,,2015-2016
W,es  Real Madrid,13,9,3,1,35,18,17,30,Cristiano Ronaldo - 12,Keylor Navas,→ Champions League via playoff win,2016-2017
F,it  Juventus,13,9,3,1,22,6,16,30,Gonzalo Higuaín - 5,Gianluigi Buffon,,2016-2017
SF,es  Atlético Madrid,12,9,1,2,18,10,8,28,Antoine Griezmann - 6,Jan Oblak,,2016-2017
SF,fr  Monaco,12,5,3,4,19,19,0,18,Kylian Mbappé - 6,Danijel Subašić,,2016-2017
QF,es  Barcelona,10,6,1,3,26,12,14,19,Lionel Messi - 11,Marc-André ter Stegen,,2016-2017
QF,de  Bayern Munich,10,6,0,4,27,14,13,18,Robert Lewandowski - 8,Manuel Neuer,,2016-2017
QF,de  Dortmund,10,5,2,3,28,16,12,17,Pierre-Emerick Aubameyang - 7,Roman Bürki,,2016-2017
QF,eng  Leicester City,10,5,2,3,11,10,1,17,Riyad Mahrez - 4,Kasper Schmeichel,,2016-2017
R16,fr  Paris S-G,8,4,3,1,18,13,5,15,Edinson Cavani - 8,Alphonse Areola,,2016-2017
R16,eng  Arsenal,8,4,2,2,20,16,4,14,"Mesut Özil, Theo Walcott - 4",David Ospina,,2016-2017
R16,es  Sevilla,8,4,2,2,9,6,3,14,Wissam Ben Yedder - 2,Sergio Rico,,2016-2017
R16,eng  Manchester City,8,3,4,1,17,13,4,13,Sergio Agüero - 5,Willy Caballero,,2016-2017
R16,pt  Porto,8,3,2,3,9,6,3,11,André Silva - 4,Iker Casillas,,2016-2017
R16,it  Napoli,8,3,2,3,13,14,-1,11,Dries Mertens - 5,Pepe Reina,,2016-2017
R16,pt  Benfica,8,3,2,3,11,14,-3,11,Eduardo Salvio - 3,Ederson,,2016-2017
R16,de  Leverkusen,8,2,4,2,11,11,0,10,"Kevin Kampl, Kevin Volland... - 1",Bernd Leno,,2016-2017
GR,dk  FC Copenhagen,6,2,3,1,7,2,5,9,Mathias Jørgensen - 2,Robin Olsen,,2016-2017
GR,fr  Lyon,6,2,2,2,5,3,2,8,Corentin Tolisso - 2,Anthony Lopes,,2016-2017
GR,eng  Tottenham,6,2,1,3,6,6,0,7,Harry Kane - 2,Hugo Lloris,,2016-2017
GR,tr  Beşiktaş,6,1,4,1,9,14,-5,7,"Vincent Aboubakar, Ricardo Quaresma - 3",Tolga Zengin,,2016-2017
GR,ua  Dynamo Kyiv,6,1,2,3,8,6,2,5,"Derlis González, Vitaliy Buyalskyi... - 1",Artur Rudko,,2016-2017
GR,ru  Rostov,6,1,2,3,6,12,-6,5,Dmitry Poloz - 3,Soslan Dzhanayev,,2016-2017
GR,de  Gladbach,6,1,2,3,5,12,-7,5,Lars Stindl - 2,Yann Sommer,,2016-2017
GR,pl  Legia Warsaw,6,1,1,4,9,24,-15,4,"Aleksandar Prijović, Miroslav Radović - 2",Arkadiusz Malarz,,2016-2017
GR,pt  Sporting CP,6,1,0,5,5,8,-3,3,Bruno César - 2,Rui Patrício,,2016-2017
GR,ru  CSKA Moscow,6,0,3,3,5,11,-6,3,Alan Dzagoev - 2,Igor Akinfeev,,2016-2017
GR,bg  Ludogorets,6,0,3,3,6,15,-9,3,Jonathan Cafu - 2,Vladislav Stoyanov,,2016-2017
GR,sct  Celtic,6,0,3,3,5,16,-11,3,Moussa Dembélé - 3,Craig Gordon,,2016-2017
GR,nl  PSV Eindhoven,6,0,2,4,4,11,-7,2,"Davy Pröpper, Luuk de Jong... - 1",Jeroen Zoet,,2016-2017
GR,ch  Basel,6,0,2,4,3,12,-9,2,"Seydou Doumbia, Renato Steffen... - 1",Tomáš Vaclík,,2016-2017
GR,be  Club Brugge,6,0,0,6,2,14,-12,0,"Jelle Vossen, José Izquierdo - 1",Ludovic Butelle,,2016-2017
GR,hr  Dinamo Zagreb,6,0,0,6,0,15,-15,0,,Dominik Livaković,,2016-2017
W,es  Real Madrid,13,9,2,2,33,16,17,29,Cristiano Ronaldo - 15,Keylor Navas,→ Champions League via playoff win,2017-2018
F,eng  Liverpool,13,7,4,2,41,16,25,25,"Roberto Firmino, Sadio Mané... - 10",Loris Karius,,2017-2018
SF,de  Bayern Munich,12,8,2,2,26,12,14,26,Robert Lewandowski - 5,Sven Ulreich,,2017-2018
SF,it  Roma,12,6,2,4,21,19,2,20,Edin Džeko - 8,Alisson,,2017-2018
QF,es  Barcelona,10,6,3,1,17,6,11,21,Lionel Messi - 6,Marc-André ter Stegen,,2017-2018
QF,eng  Manchester City,10,6,0,4,20,12,8,18,"Gabriel Jesus, Raheem Sterling... - 4",Ederson,,2017-2018
QF,it  Juventus,10,5,3,2,14,12,2,18,Gonzalo Higuaín - 5,Gianluigi Buffon,,2017-2018
QF,es  Sevilla,10,3,5,2,15,15,0,14,Wissam Ben Yedder - 8,Sergio Rico,,2017-2018
R16,eng  Tottenham,8,5,2,1,18,8,10,17,Harry Kane - 7,Hugo Lloris,,2017-2018
R16,eng  Manchester Utd,8,5,1,2,13,5,8,16,Romelu Lukaku - 5,David de Gea,,2017-2018
R16,fr  Paris S-G,8,5,0,3,27,9,18,15,Edinson Cavani - 7,Alphonse Areola,,2017-2018
R16,ch  Basel,8,5,0,3,13,10,3,15,Dimitri Oberlin - 4,Tomáš Vaclík,,2017-2018
R16,ua  Shakhtar,8,5,0,3,11,11,0,15,"Facundo Ferreyra, Bernard - 3",Andriy Pyatov,,2017-2018
R16,tr  Beşiktaş,8,4,2,2,12,13,-1,14,"Talisca, Cenk Tosun - 4",Fabricio,,2017-2018
R16,eng  Chelsea,8,3,3,2,17,12,5,12,"Eden Hazard, Willian - 3",Thibaut Courtois,,2017-2018
R16,pt  Porto,8,3,2,3,15,15,0,11,Vincent Aboubakar - 5,José Sá,,2017-2018
GR,ru  CSKA Moscow,6,3,0,3,8,10,-2,9,Vitinho - 2,Igor Akinfeev,,2017-2018
GR,es  Atlético Madrid,6,1,4,1,5,4,1,7,Antoine Griezmann - 2,Jan Oblak,,2017-2018
GR,de  RB Leipzig,6,2,1,3,10,11,-1,7,Timo Werner - 3,Péter Gulácsi,,2017-2018
GR,pt  Sporting CP,6,2,1,3,8,9,-1,7,"Bas Dost, Bruno César - 2",Rui Patrício,,2017-2018
GR,it  Napoli,6,2,0,4,11,11,0,6,Lorenzo Insigne - 3,Pepe Reina,,2017-2018
GR,ru  Spartak Moscow,6,1,3,2,9,13,-4,6,"Quincy Promes, Zé Luís - 2",Aleksandr Selikhov,,2017-2018
GR,nl  Feyenoord,6,1,0,5,5,14,-9,3,Nicolai Jørgensen - 2,Brad Jones,,2017-2018
GR,sct  Celtic,6,1,0,5,5,18,-13,3,"Scott Sinclair, Callum McGregor... - 1",Craig Gordon,,2017-2018
GR,si  NK Maribor,6,0,3,3,3,16,-13,3,"Damjan Bohar, Marcos Tavares... - 1",Jasmin Handanović,,2017-2018
GR,be  Anderlecht,6,1,0,5,2,17,-15,3,Sofiane Hanni - 1,"Frank Boeckx, Matz Sels",,2017-2018
GR,de  Dortmund,6,0,2,4,7,13,-6,2,Pierre-Emerick Aubameyang - 4,Roman Bürki,,2017-2018
GR,fr  Monaco,6,0,2,4,6,16,-10,2,Radamel Falcao - 3,"Danijel Subašić, Diego Benaglio",,2017-2018
GR,az  Qarabağ,6,0,2,4,2,14,-12,2,"Míchel, Pedro Henrique - 1",Ibrahim Šehić,,2017-2018
GR,cy  APOEL FC,6,0,2,4,2,17,-15,2,Mickaël Poté - 2,Nauzet Pérez,,2017-2018
GR,gr  Olympiacos,6,0,1,5,4,13,-9,1,Felipe Pardo - 2,Silvio Proto,,2017-2018
GR,pt  Benfica,6,0,0,6,1,14,-13,0,Haris Seferović - 1,Mile Svilar,,2017-2018
W,eng  Liverpool,13,8,1,4,24,12,12,25,Mohamed Salah - 5,Alisson,→ Champions League via playoff win,2018-2019
F,eng  Tottenham,13,6,2,5,20,19,1,20,"Harry Kane, Lucas Moura - 5",Hugo Lloris,,2018-2019
SF,es  Barcelona,12,8,3,1,26,10,16,27,Lionel Messi - 12,Marc-André ter Stegen,,2018-2019
SF,nl  Ajax,12,6,4,2,22,13,9,22,Dušan Tadić - 6,André Onana,,2018-2019
QF,eng  Manchester City,10,7,1,2,30,12,18,22,Sergio Agüero - 6,Ederson,,2018-2019
QF,pt  Porto,10,6,1,3,20,15,5,19,Moussa Marega - 6,Iker Casillas,,2018-2019
QF,it  Juventus,10,5,1,4,14,9,5,16,Cristiano Ronaldo - 6,Wojciech Szczęsny,,2018-2019
QF,eng  Manchester Utd,10,4,1,5,10,11,-1,13,"Romelu Lukaku, Paul Pogba... - 2",David de Gea,,2018-2019
R16,es  Atlético Madrid,8,5,1,2,11,9,2,16,Antoine Griezmann - 4,Jan Oblak,,2018-2019
R16,de  Bayern Munich,8,4,3,1,16,8,8,15,Robert Lewandowski - 8,Manuel Neuer,,2018-2019
R16,es  Real Madrid,8,5,0,3,15,10,5,15,Karim Benzema - 4,Thibaut Courtois,,2018-2019
R16,fr  Paris S-G,8,4,2,2,20,12,8,14,Neymar - 5,Gianluigi Buffon,,2018-2019
R16,de  Dortmund,8,4,1,3,10,6,4,13,Raphaël Guerreiro - 4,Roman Bürki,,2018-2019
R16,it  Roma,8,4,0,4,14,12,2,12,Edin Džeko - 5,Robin Olsen,,2018-2019
R16,de  Schalke 04,8,3,2,3,8,14,-6,11,Nabil Bentaleb - 3,Ralf Fährmann,,2018-2019
R16,fr  Lyon,8,1,6,1,13,16,-3,9,"Nabil Fekir, Maxwel Cornet - 3",Anthony Lopes,,2018-2019
GR,it  Napoli,6,2,3,1,7,5,2,9,"Lorenzo Insigne, Dries Mertens - 3",David Ospina,,2018-2019
GR,es  Valencia,6,2,2,2,6,6,0,8,"Santi Mina, Carlos Soler - 2",Neto,,2018-2019
GR,it  Inter,6,2,2,2,6,7,-1,8,Mauro Icardi - 4,Samir Handanović,,2018-2019
GR,ru  CSKA Moscow,6,2,1,3,8,9,-1,7,Nikola Vlašić - 3,Igor Akinfeev,,2018-2019
GR,pt  Benfica,6,2,1,3,6,11,-5,7,Álex Grimaldo - 2,Odysseas Vlachodimos,,2018-2019
GR,cz  Viktoria Plzeň,6,2,1,3,7,16,-9,7,Michal Krmenčík - 2,Aleš Hruška,,2018-2019
GR,be  Club Brugge,6,1,3,2,6,5,1,6,"Hans Vanaken, Wesley Moraes - 2","Ethan Horvath, Karlo Letica",,2018-2019
GR,ua  Shakhtar,6,1,3,2,8,16,-8,6,Júnior Moraes - 3,Andriy Pyatov,,2018-2019
GR,tr  Galatasaray,6,1,1,4,5,8,-3,4,Eren Derdiyok - 2,Fernando Muslera,,2018-2019
GR,ch  Young Boys,6,1,1,4,4,12,-8,4,Guillaume Hoarau - 3,David von Ballmoos,,2018-2019
GR,rs  Red Star,6,1,1,4,5,17,-12,4,Milan Pavkov - 2,Milan Borjan,,2018-2019
GR,de  Hoffenheim,6,0,3,3,11,14,-3,3,Andrej Kramarić - 5,Oliver Baumann,,2018-2019
GR,ru  Loko Moscow,6,1,0,5,4,12,-8,3,"Vladislav Ignatyev, Anton Miranchuk... - 1",Guilherme Marinato,,2018-2019
GR,nl  PSV Eindhoven,6,0,2,4,6,13,-7,2,Luuk de Jong - 3,Jeroen Zoet,,2018-2019
GR,fr  Monaco,6,0,1,5,2,14,-12,1,"Samuel Grandsir, Moussa Sylla - 1",Diego Benaglio,,2018-2019
GR,gr  AEK Athens,6,0,0,6,2,13,-11,0,Viktor Klonaridis - 2,Vasilios Barkas,,2018-2019
W,de  Bayern Munich,11,11,0,0,43,8,35,33,Robert Lewandowski - 15,Manuel Neuer,→ Champions League via playoff win,2019-2020
F,fr  Paris S-G,11,8,1,2,25,6,19,25,"Mauro Icardi, Kylian Mbappé - 5",Keylor Navas,,2019-2020
SF,de  RB Leipzig,10,6,2,2,16,12,4,20,"Timo Werner, Marcel Sabitzer... - 4",Péter Gulácsi,,2019-2020
SF,fr  Lyon,10,4,2,4,14,14,0,14,Memphis - 6,Anthony Lopes,,2019-2020
QF,eng  Manchester City,9,6,2,1,21,9,12,20,"Raheem Sterling, Gabriel Jesus - 6",Ederson,,2019-2020
QF,es  Barcelona,9,5,3,1,15,14,1,18,Luis Suárez - 5,Marc-André ter Stegen,,2019-2020
QF,es  Atlético Madrid,9,5,1,3,13,9,4,16,"Álvaro Morata, João Félix - 3",Jan Oblak,,2019-2020
QF,it  Atalanta,9,4,1,4,17,18,-1,13,Josip Iličić - 5,Pierluigi Gollini,,2019-2020
R16,it  Juventus,8,6,1,1,14,6,8,19,Cristiano Ronaldo - 4,Wojciech Szczęsny,,2019-2020
R16,it  Napoli,8,3,4,1,13,8,5,13,Dries Mertens - 6,Alex Meret,,2019-2020
R16,eng  Liverpool,8,4,1,3,15,12,3,13,Mohamed Salah - 4,Alisson,,2019-2020
R16,de  Dortmund,8,4,1,3,10,11,-1,13,Achraf Hakimi - 4,Roman Bürki,,2019-2020
R16,es  Real Madrid,8,3,2,3,16,12,4,11,Karim Benzema - 5,Thibaut Courtois,,2019-2020
R16,es  Valencia,8,3,2,3,13,15,-2,11,"Rodrigo, Denis Cheryshev... - 2",Jasper Cillessen,,2019-2020
R16,eng  Chelsea,8,3,2,3,12,16,-4,11,Tammy Abraham - 3,Kepa Arrizabalaga,,2019-2020
R16,eng  Tottenham,8,3,1,4,18,18,0,10,Harry Kane - 6,"Hugo Lloris, Paulo Gazzaniga",,2019-2020
GR,nl  Ajax,6,3,1,2,12,6,6,10,Quincy Promes - 4,André Onana,,2019-2020
GR,at  RB Salzburg,6,2,1,3,16,13,3,7,Erling Haaland - 8,Cican Stankovic,,2019-2020
GR,it  Inter,6,2,1,3,10,9,1,7,Lautaro Martínez - 5,Samir Handanović,,2019-2020
GR,pt  Benfica,6,2,1,3,10,11,-1,7,Pizzi - 3,Odysseas Vlachodimos,,2019-2020
GR,ru  Zenit,6,2,1,3,7,9,-2,7,"Sardar Azmoun, Artem Dzyuba - 2",Mikhail Kerzhakov,,2019-2020
GR,de  Leverkusen,6,2,0,4,5,9,-4,6,"Sven Bender, Kevin Volland - 1",Lukáš Hrádecký,,2019-2020
GR,ua  Shakhtar,6,1,3,2,8,13,-5,6,"Júnior Moraes, Manor Solomon - 2",Andriy Pyatov,,2019-2020
GR,hr  Dinamo Zagreb,6,1,2,3,10,13,-3,5,Mislav Oršić - 4,Dominik Livaković,,2019-2020
GR,gr  Olympiacos,6,1,1,4,8,14,-6,4,Youssef El-Arabi - 3,José Sá,,2019-2020
GR,ru  Loko Moscow,6,1,0,5,4,11,-7,3,Aleksei Miranchuk - 2,Guilherme Marinato,,2019-2020
GR,be  Club Brugge,6,0,3,3,4,12,-8,3,Emmanuel Dennis - 2,Simon Mignolet,,2019-2020
GR,rs  Red Star,6,1,0,5,3,20,-17,3,"Richmond Boakye, Nemanja Milunović... - 1",Milan Borjan,,2019-2020
GR,cz  Slavia Prague,6,0,2,4,4,10,-6,2,Tomáš Souček - 2,Ondřej Kolář,,2019-2020
GR,tr  Galatasaray,6,0,2,4,1,14,-13,2,Adem Büyük - 1,Fernando Muslera,,2019-2020
GR,fr  Lille,6,0,1,5,4,14,-10,1,Victor Osimhen - 2,Mike Maignan,,2019-2020
GR,be  Genk,6,0,1,5,5,20,-15,1,Mbwana Samatta - 3,Gaëtan Coucke,,2019-2020
W,eng  Chelsea,13,9,3,1,23,4,19,30,Olivier Giroud - 6,Edouard Mendy,→ Champions League via playoff win,2020-2021
F,eng  Manchester City,13,11,1,1,25,5,20,34,"Riyad Mahrez, Ferrán Torres - 4",Ederson,,2020-2021
SF,es  Real Madrid,12,6,3,3,19,14,5,21,Karim Benzema - 6,Thibaut Courtois,,2020-2021
SF,fr  Paris S-G,12,6,1,5,22,15,7,19,Kylian Mbappé - 8,Keylor Navas,,2020-2021
QF,de  Bayern Munich,10,8,1,1,27,10,17,25,Robert Lewandowski - 5,Manuel Neuer,,2020-2021
QF,eng  Liverpool,10,6,2,2,15,6,9,20,Mohamed Salah - 6,Alisson,,2020-2021
QF,pt  Porto,10,6,1,3,15,9,6,19,Sérgio Oliveira - 5,Agustín Marchesín,,2020-2021
QF,de  Dortmund,10,5,2,3,19,13,6,17,Erling Haaland - 10,Marwin Hitz,,2020-2021
R16,it  Juventus,8,6,0,2,18,8,10,18,Álvaro Morata - 6,Wojciech Szczęsny,,2020-2021
R16,es  Barcelona,8,5,1,2,18,10,8,16,Lionel Messi - 5,Marc-André ter Stegen,,2020-2021
R16,es  Sevilla,8,4,2,2,13,13,0,14,Youssef En-Nesyri - 6,Yassine Bounou,,2020-2021
R16,de  RB Leipzig,8,4,0,4,11,16,-5,12,Angeliño - 3,Péter Gulácsi,,2020-2021
R16,it  Atalanta,8,3,2,3,11,12,-1,11,"Luis Muriel, Duván Zapata - 3",Marco Sportiello,,2020-2021
R16,it  Lazio,8,2,4,2,13,13,0,10,Ciro Immobile - 5,Pepe Reina,,2020-2021
R16,es  Atlético Madrid,8,2,3,3,7,11,-4,9,João Félix - 3,Jan Oblak,,2020-2021
R16,de  Gladbach,8,2,2,4,16,13,3,8,Alassane Pléa - 5,Yann Sommer,,2020-2021
GR,eng  Manchester Utd,6,3,0,3,15,10,5,9,Marcus Rashford - 6,David de Gea,,2020-2021
GR,be  Club Brugge,6,2,2,2,8,10,-2,8,Hans Vanaken - 3,Simon Mignolet,,2020-2021
GR,ua  Shakhtar,6,2,2,2,5,12,-7,8,Manor Solomon - 2,Anatolii Trubin,,2020-2021
GR,nl  Ajax,6,2,1,3,7,7,0,7,Dušan Tadić - 2,André Onana,,2020-2021
GR,it  Inter,6,1,3,2,7,9,-2,6,Romelu Lukaku - 4,Samir Handanović,,2020-2021
GR,ru  Krasnodar,6,1,2,3,6,11,-5,5,Marcus Berg - 2,Matvei Safonov,,2020-2021
GR,at  RB Salzburg,6,1,1,4,10,17,-7,4,Mergim Berisha - 4,Cican Stankovic,,2020-2021
GR,ua  Dynamo Kyiv,6,1,1,4,4,13,-9,4,Viktor Tsyhankov - 2,Heorhiy Bushchan,,2020-2021
GR,ru  Loko Moscow,6,0,3,3,5,10,-5,3,Anton Miranchuk - 3,Guilherme Marinato,,2020-2021
GR,gr  Olympiacos,6,1,0,5,2,10,-8,3,"Koka, Mohamed Camara - 1",José Sá,,2020-2021
GR,tr  Başakşehir,6,1,0,5,7,18,-11,3,İrfan Kahveci - 3,Mert Günok,,2020-2021
GR,fr  Marseille,6,1,0,5,2,13,-11,3,Dimitri Payet - 2,Steve Mandanda,,2020-2021
GR,dk  Midtjylland,6,0,2,4,4,13,-9,2,Alexander Scholz - 2,Jesper Hansen,,2020-2021
GR,fr  Rennes,6,0,1,5,3,11,-8,1,Serhou Guirassy - 2,Alfred Gomis,,2020-2021
GR,ru  Zenit,6,0,1,5,4,13,-9,1,"Artem Dzyuba, Aleksandr Erokhin... - 1",Mikhail Kerzhakov,,2020-2021
GR,hu  Ferencváros,6,0,1,5,5,17,-12,1,Franck Boli - 2,Dénes Dibusz,,2020-2021
W,es  Real Madrid,13,9,0,4,29,14,15,27,Karim Benzema - 15,Thibaut Courtois,→ Champions League via playoff win,2021-2022
F,eng  Liverpool,13,10,1,2,30,14,16,31,Mohamed Salah - 8,Alisson,,2021-2022
SF,eng  Manchester City,12,7,2,3,29,16,13,23,Riyad Mahrez - 7,Ederson,,2021-2022
SF,es  Villarreal,12,5,3,4,20,16,4,18,Arnaut Danjuma - 6,Gerónimo Rulli,,2021-2022
QF,de  Bayern Munich,10,7,2,1,31,7,24,23,Robert Lewandowski - 13,Manuel Neuer,,2021-2022
QF,eng  Chelsea,10,7,1,2,21,10,11,22,Timo Werner - 4,Edouard Mendy,,2021-2022
QF,pt  Benfica,10,3,4,3,14,17,-3,13,Darwin Núñez - 6,Odysseas Vlachodimos,,2021-2022
QF,es  Atlético Madrid,10,3,3,4,9,10,-1,12,Antoine Griezmann - 4,Jan Oblak,,2021-2022
R16,nl  Ajax,8,6,1,1,22,8,14,19,Sébastien Haller - 11,Remko Pasveer,,2021-2022
R16,it  Juventus,8,5,1,2,11,10,1,16,Paulo Dybala - 3,Wojciech Szczęsny,,2021-2022
R16,fr  Paris S-G,8,4,2,2,15,11,4,14,Kylian Mbappé - 6,Gianluigi Donnarumma,,2021-2022
R16,it  Inter,8,4,1,3,9,7,2,13,Edin Džeko - 3,Samir Handanović,,2021-2022
R16,eng  Manchester Utd,8,3,3,2,12,10,2,12,Cristiano Ronaldo - 6,David de Gea,,2021-2022
R16,fr  Lille,8,3,2,3,8,8,0,11,"Jonathan David, Burak Yılmaz - 3",Ivo Grbić,,2021-2022
R16,at  RB Salzburg,8,3,2,3,10,14,-4,11,"Karim Adeyemi, Noah Okafor - 3",Philipp Köhn,,2021-2022
R16,pt  Sporting CP,8,3,1,4,14,17,-3,10,Pedro Gonçalves - 4,Antonio Adán,,2021-2022
GR,de  Dortmund,6,3,0,3,10,11,-1,9,"Marco Reus, Donyell Malen... - 3",Gregor Kobel,,2021-2022
GR,de  RB Leipzig,6,2,1,3,15,14,1,7,Christopher Nkunku - 7,Péter Gulácsi,,2021-2022
GR,md  Sheriff Tiraspol,6,2,1,3,7,11,-4,7,"Adama Traoré, Sébastien Thill - 2",Giorgos Athanasiadis,,2021-2022
GR,es  Barcelona,6,2,1,3,2,9,-7,7,"Gerard Piqué, Ansu Fati - 1",Marc-André ter Stegen,,2021-2022
GR,es  Sevilla,6,1,3,2,5,5,0,6,Ivan Rakitić - 2,Yassine Bounou,,2021-2022
GR,it  Atalanta,6,1,3,2,12,13,-1,6,Duván Zapata - 3,Juan Musso,,2021-2022
GR,ru  Zenit,6,1,2,3,10,10,0,5,"Claudinho, Sardar Azmoun - 2",Stanislav Kritsyuk,,2021-2022
GR,ch  Young Boys,6,1,2,3,7,12,-5,5,Jordan Pefok - 2,"Guillaume Faivre, David von Ballmoos",,2021-2022
GR,de  Wolfsburg,6,1,2,3,5,10,-5,5,"Lukas Nmecha, Renato Steffen - 2",Koen Casteels,,2021-2022
GR,pt  Porto,6,1,2,3,4,11,-7,5,Luis Díaz - 2,Diogo Costa,,2021-2022
GR,it  Milan,6,1,1,4,6,9,-3,4,"Rafael Leão, Junior Messias... - 1","Mike Maignan, Ciprian Tătărușanu",,2021-2022
GR,be  Club Brugge,6,1,1,4,6,20,-14,4,Hans Vanaken - 3,Simon Mignolet,,2021-2022
GR,ua  Shakhtar,6,0,2,4,2,12,-10,2,Fernando - 2,Anatolii Trubin,,2021-2022
GR,ua  Dynamo Kyiv,6,0,1,5,1,11,-10,1,Denys Harmash - 1,Heorhiy Bushchan,,2021-2022
GR,se  Malmö,6,0,1,5,1,14,-13,1,Søren Rieks - 1,Johan Dahlin,,2021-2022
GR,tr  Beşiktaş,6,0,0,6,3,19,-16,0,"Javi Montero, Cyle Larin... - 1",Ersin Destanoğlu,,2021-2022
1,eng  Manchester City,13,8,5,0,32,5,27,29,Erling Haaland - 12,Ederson,→ Champions League via playoff win,2022-2023
2,it  Inter,13,7,3,3,19,11,8,24,Edin Džeko - 4,André Onana,,2022-2023
SF,es  Real Madrid,12,8,2,2,26,13,13,26,Vinicius Júnior - 7,Thibaut Courtois,,2022-2023
SF,it  Milan,12,5,3,4,15,11,4,18,Olivier Giroud - 5,Mike Maignan,,2022-2023
QF,de  Bayern Munich,10,8,1,1,22,6,16,25,"Leroy Sané, Eric Maxim Choupo-Moting - 4",Yann Sommer,,2022-2023
QF,it  Napoli,10,7,1,2,26,8,18,22,Victor Osimhen - 5,Alex Meret,,2022-2023
QF,pt  Benfica,10,6,3,1,26,13,13,21,João Mário - 6,Odysseas Vlachodimos,,2022-2023
QF,eng  Chelsea,10,5,1,4,12,9,3,16,Raheem Sterling - 3,Kepa Arrizabalaga,,2022-2023
R16,eng  Liverpool,8,5,0,3,19,12,7,15,Mohamed Salah - 8,Alisson,,2022-2023
R16,fr  Paris S-G,8,4,2,2,16,10,6,14,Kylian Mbappé - 7,Gianluigi Donnarumma,,2022-2023
R16,pt  Porto,8,4,1,3,12,8,4,13,Mehdi Taremi - 5,Diogo Costa,,2022-2023
R16,de  RB Leipzig,8,4,1,3,14,17,-3,13,"André Silva, Christopher Nkunku - 3",Janis Blaswich,,2022-2023
R16,de  Dortmund,8,3,3,2,11,7,4,12,Jude Bellingham - 4,Alexander Meyer,,2022-2023
R16,eng  Tottenham,8,3,3,2,8,7,1,12,"Son Heung-min, Richarlison - 2",Hugo Lloris,,2022-2023
R16,be  Club Brugge,8,3,2,3,8,11,-3,11,"Kamal Sowah, Ferran Jutglà - 2",Simon Mignolet,,2022-2023
R16,de  Eint Frankfurt,8,3,1,4,7,13,-6,10,Daichi Kamada - 3,Kevin Trapp,,2022-2023
GR,es  Barcelona,6,2,1,3,12,12,0,7,Robert Lewandowski - 5,Marc-André ter Stegen,,2022-2023
GR,pt  Sporting CP,6,2,1,3,8,9,-1,7,"Marcus Edwards, Arthur... - 2",Antonio Adán,,2022-2023
GR,fr  Marseille,6,2,0,4,8,8,0,6,"Alexis Sánchez, Chancel Mbemba... - 2",Pau López,,2022-2023
GR,ua  Shakhtar,6,1,3,2,8,10,-2,6,Mykhailo Mudryk - 3,Anatolii Trubin,,2022-2023
GR,at  RB Salzburg,6,1,3,2,5,9,-4,6,Noah Okafor - 3,Philipp Köhn,,2022-2023
GR,nl  Ajax,6,2,0,4,11,16,-5,6,Mohammed Kudus - 4,Remko Pasveer,,2022-2023
GR,es  Atlético Madrid,6,1,2,3,5,9,-4,5,"Antoine Griezmann, Yannick Carrasco... - 1",Jan Oblak,,2022-2023
GR,de  Leverkusen,6,1,2,3,4,8,-4,5,Moussa Diaby - 2,Lukáš Hrádecký,,2022-2023
GR,es  Sevilla,6,1,2,3,6,12,-6,5,Youssef En-Nesyri - 2,Yassine Bounou,,2022-2023
GR,hr  Dinamo Zagreb,6,1,1,4,4,11,-7,4,Mislav Oršić - 2,Dominik Livaković,,2022-2023
GR,it  Juventus,6,1,0,5,9,13,-4,3,"Adrien Rabiot, Arkadiusz Milik... - 2",Wojciech Szczęsny,,2022-2023
GR,dk  FC Copenhagen,6,0,3,3,1,12,-11,3,Hákon Arnar Haraldsson - 1,Kamil Grabara,,2022-2023
GR,il  Maccabi Haifa,6,1,0,5,7,21,-14,3,"Tjaronn Chery, Omer Atzili... - 2",Josh Cohen,,2022-2023
GR,sct  Celtic,6,0,2,4,4,15,-11,2,Jota - 2,Joe Hart,,2022-2023
GR,cz  Viktoria Plzeň,6,0,0,6,5,24,-19,0,Tomáš Chorý - 2,Jindřich Staněk,,2022-2023
GR,sct  Rangers,6,0,0,6,2,22,-20,0,"Scott Arfield, James Tavernier - 1",Allan McGregor,,2022-2023
1,es  Real Madrid,13,9,4,0,28,15,13,31,Vinicius Júnior - 6,Andriy Lunin,→ Champions League via playoff win,2023-2024
2,de  Dortmund,13,7,3,3,17,11,6,24,Niclas Füllkrug - 3,Gregor Kobel,,2023-2024
SF,de  Bayern Munich,12,7,3,2,21,13,8,24,Harry Kane - 8,Manuel Neuer,,2023-2024
SF,fr  Paris S-G,12,5,2,5,19,15,4,17,Kylian Mbappé - 8,Gianluigi Donnarumma,,2023-2024
QF,eng  Manchester City,10,8,2,0,28,13,15,26,Erling Haaland - 6,Ederson,,2023-2024
QF,es  Atlético Madrid,10,6,2,2,23,13,10,20,Antoine Griezmann - 6,Jan Oblak,,2023-2024
QF,es  Barcelona,10,6,1,3,20,14,6,19,"Raphinha, Robert Lewandowski... - 3",Marc-André ter Stegen,,2023-2024
QF,eng  Arsenal,10,5,2,3,19,8,11,17,"Leandro Trossard, Gabriel Jesus... - 4",David Raya,,2023-2024
R16,pt  Porto,8,5,0,3,16,9,7,15,Galeno - 5,Diogo Costa,,2023-2024
R16,it  Inter,8,4,3,1,10,7,3,15,"Alexis Sánchez, Marko Arnautović... - 2",Yann Sommer,,2023-2024
R16,de  RB Leipzig,8,4,1,3,14,12,2,13,Loïs Openda - 4,Janis Blaswich,,2023-2024
R16,it  Lazio,8,4,1,3,8,10,-2,13,Ciro Immobile - 4,Ivan Provedel,,2023-2024
R16,es  Real Sociedad,8,3,3,2,8,6,2,12,Brais Méndez - 3,Álex Remiro,,2023-2024
R16,it  Napoli,8,3,2,3,12,13,-1,11,Victor Osimhen - 2,Alex Meret,,2023-2024
R16,nl  PSV Eindhoven,8,2,4,2,9,13,-4,10,Luuk de Jong - 3,Walter Benítez,,2023-2024
R16,dk  FC Copenhagen,8,2,2,4,10,14,-4,8,"Mohamed Elyounoussi, Lukas Lerager - 3",Kamil Grabara,,2023-2024
GR,ua  Shakhtar,6,3,0,3,10,12,-2,9,Danylo Sikan - 4,Dmytro Riznyk,,2023-2024
GR,it  Milan,6,2,2,2,5,8,-3,8,Samuel Chukwueze - 2,Mike Maignan,,2023-2024
GR,fr  Lens,6,2,2,2,6,11,-5,8,"Angelo Fulgini, Elye Wahi - 2",Brice Samba,,2023-2024
GR,nl  Feyenoord,6,2,0,4,9,10,-1,6,Santiago Giménez - 2,Justin Bijlow,,2023-2024
GR,eng  Newcastle Utd,6,1,2,3,6,7,-1,5,"Dan Burn, Fabian Schär... - 1",Nick Pope,,2023-2024
GR,tr  Galatasaray,6,1,2,3,10,13,-3,5,"Mauro Icardi, Hakim Ziyech... - 2",Fernando Muslera,,2023-2024
GR,eng  Manchester Utd,6,1,1,4,12,15,-3,4,Rasmus Højlund - 5,André Onana,,2023-2024
GR,pt  Benfica,6,1,1,4,7,11,-4,4,João Mário - 3,Anatolii Trubin,,2023-2024
GR,at  RB Salzburg,6,1,1,4,4,8,-4,4,Oscar Gloukh - 2,Alexander Schlager,,2023-2024
GR,ch  Young Boys,6,1,1,4,7,13,-6,4,Meschak Elia - 2,Anthony Racioppi,,2023-2024
GR,pt  Braga,6,1,1,4,6,12,-6,4,"Bruma, Álvaro djaló - 2",Matheus,,2023-2024
GR,sct  Celtic,6,1,1,4,5,15,-10,4,"Kyogo Furuhashi, Luis Enrique Palma - 2",Joe Hart,,2023-2024
GR,be  Antwerp,6,1,0,5,6,17,-11,3,"Vincent Janssen, Arbnor Muja... - 1",Jean Butez,,2023-2024
GR,de  Union Berlin,6,0,2,4,6,10,-4,2,Sheraldo Becker - 2,Frederik Rønnow,,2023-2024
GR,es  Sevilla,6,0,2,4,7,12,-5,2,"Sergio Ramos, Nemanja Gudelj... - 2",Marko Dmitrović,,2023-2024
GR,rs  Red Star,6,0,1,5,7,15,-8,1,Osman Bukari - 2,Omri Glazer,,2023-2024
1,fr  Paris S-G,17,11,1,5,38,15,23,34,Ousmane Dembélé - 8,Gianluigi Donnarumma,→ Champions League via playoff win,2024-2025
2,it  Inter,15,10,3,2,26,16,10,33,Lautaro Martínez - 9,Yann Sommer,,2024-2025
SF,eng  Arsenal,14,9,2,3,31,10,21,29,Bukayo Saka - 6,David Raya,,2024-2025
SF,es  Barcelona,14,9,2,3,43,24,19,29,Raphinha - 13,Wojciech Szczęsny,,2024-2025
QF,de  Bayern Munich,14,8,2,4,31,18,13,26,Harry Kane - 11,Manuel Neuer,,2024-2025
QF,de  Dortmund,14,8,2,4,31,19,12,26,Serhou Guirassy - 13,Gregor Kobel,,2024-2025
QF,eng  Aston Villa,12,8,1,3,23,12,11,25,Morgan Rogers - 4,Emiliano Martínez,,2024-2025
QF,es  Real Madrid,14,8,0,6,29,22,7,24,Vinicius Júnior - 8,Thibaut Courtois,,2024-2025
R16,eng  Liverpool,10,8,0,2,18,6,12,24,"Mohamed Salah, Cody Gakpo... - 3",Alisson,,2024-2025
R16,es  Atlético Madrid,10,7,0,3,22,14,8,21,Julián Álvarez - 7,Jan Oblak,,2024-2025
R16,nl  PSV Eindhoven,12,5,3,4,23,24,-1,18,"Ivan Perišić, Malik Tillman... - 3",Walter Benítez,,2024-2025
R16,fr  Lille,10,5,2,3,19,13,6,17,Jonathan David - 7,Lucas Chevalier,,2024-2025
R16,pt  Benfica,12,5,2,5,21,19,2,17,Vangelis Pavlidis - 7,Anatolii Trubin,,2024-2025
R16,nl  Feyenoord,12,5,2,5,21,26,-5,17,Santiago Giménez - 5,Timon Wellenreuther,,2024-2025
R16,be  Club Brugge,12,5,2,5,13,19,-6,17,"Ferran Jutglà, Chemsdine Talbi - 2",Simon Mignolet,,2024-2025
R16,de  Leverkusen,10,5,1,4,15,12,3,16,Florian Wirtz - 6,Matej Kovar,,2024-2025
KO,it  Milan,10,5,1,4,15,13,2,16,Christian Pulisic - 4,Mike Maignan,,2024-2025
KO,it  Atalanta,10,4,3,3,22,11,11,15,Ademola Lookman - 5,Marco Carnesecchi,,2024-2025
KO,it  Juventus,10,4,3,3,12,11,1,15,Dušan Vlahović - 4,Michele Di Gregorio,,2024-2025
KO,fr  Monaco,10,4,2,4,16,17,-1,14,Takumi Minamino - 3,Radosław Majecki,,2024-2025
KO,sct  Celtic,10,3,4,3,15,17,-2,13,Daizen Maeda - 4,Kasper Schmeichel,,2024-2025
KO,fr  Brest,10,4,1,5,10,21,-11,13,Abdallah Sima - 3,Marco Bizot,,2024-2025
KO,pt  Sporting CP,10,3,3,4,13,15,-2,12,Viktor Gyökeres - 6,Franco Israel,,2024-2025
KO,eng  Manchester City,10,3,2,5,21,20,1,11,Erling Haaland - 8,Ederson,,2024-2025
Lg,hr  Dinamo Zagreb,8,3,2,3,12,19,-7,11,Sandro Kulenović - 3,Ivan Nevistić,,2024-2025
Lg,de  Stuttgart,8,3,1,4,13,17,-4,10,"Jamie Leweling, Enzo Millot - 2",Alexander Nübel,,2024-2025
Lg,ua  Shakhtar,8,2,1,5,8,16,-8,7,"Oleksandr Zubkov, Heorhiy Sudakov... - 2",Dmytro Riznyk,,2024-2025
Lg,it  Bologna,8,1,3,4,4,9,-5,6,"Jhon Lucumí, Thijs Dallinga... - 1",Łukasz Skorupski,,2024-2025
Lg,rs  Red Star,8,2,0,6,13,22,-9,6,Nemanja Radonjić - 3,"Omri Glazer, Ivan Guteša",,2024-2025
Lg,at  Sturm Graz,8,2,0,6,5,14,-9,6,Mika Biereth - 2,Kjell Scherpen,,2024-2025
Lg,cz  Sparta Prague,8,1,1,6,7,21,-14,4,"Kaan Kairinen, Victor Olatunji - 2",Peter Vindahl Jensen,,2024-2025
Lg,de  RB Leipzig,8,1,0,7,8,15,-7,3,Benjamin Šeško - 4,Péter Gulácsi,,2024-2025
Lg,es  Girona,8,1,0,7,5,13,-8,3,"Juanpe, David López... - 1",Paulo Gazzaniga,,2024-2025
Lg,at  RB Salzburg,8,1,0,7,5,27,-22,3,Karim Konaté - 2,Janis Blaswich,,2024-2025
Lg,sk  Slovan Bratislava,8,0,0,8,7,27,-20,0,Dávid Strelec - 2,Dominik Takáč,,2024-2025
Lg,ch  Young Boys,8,0,0,8,3,24,-21,0,"Silvère Ganvoula M'Boussy, Kastriot Imeri... - 1","Marvin Keller, David von Ballmoos",,2024-2025
