Rk,Player,Nation,Pos,Squad,Age,Born,MP,Starts,Min,90s,Gls,Ast,G+A,G-PK,PK,PKatt,CrdY,CrdR,xG,npxG,xAG,npxG+xAG,PrgC,PrgP,PrgR,Gls,Ast,G+A,G-PK,G+A-PK,xG,xAG,xG+xAG,npxG,npxG+xAG,Matches
1,Francesco Acerbi,it ITA,DF,it Inter,37-250,1988,1,1,90,1,0,0,0,0,0,0,0,0,0,0,0,0,4,6,0,0,0,0,0,0,0,0,0,0,0,Matches
2,Joshua Acheampong,eng ENG,DF,eng Chelsea,19-166,2006,1,0,10,0.1,0,0,0,0,0,0,0,0,0,0,0,0,0,0,0,0,0,0,0,0,0,0,0,0,0,Matches
3,Elias Achouri,tn TUN,MF,dk FC Copenhagen,26-250,1999,2,1,100,1.1,0,1,1,0,0,0,0,0,0,0,0.6,0.6,7,5,8,0,0.9,0.9,0,0.9,0.03,0.51,0.53,0.03,0.53,Matches
4,Tosin Adarabioyo,eng ENG,DF,eng Chelsea,28-024,1997,1,1,90,1,0,0,0,0,0,0,0,0,0,0,0,0,0,3,0,0,0,0,0,0,0,0.03,0.03,0,0.03,Matches
5,Emmanuel Addai,gh GHA,FW,az Qarabağ,24-078,2001,2,0,46,0.5,1,0,1,1,0,0,0,0,0,0,0.6,0.7,2,1,3,1.96,0,1.96,1.96,1.96,0.08,1.23,1.32,0.08,1.32,Matches
6,Karim Adeyemi,de GER,MF,de Dortmund,23-273,2002,2,2,152,1.7,1,2,3,1,0,0,0,0,0.1,0.1,0.4,0.6,5,4,12,0.59,1.18,1.78,0.59,1.78,0.08,0.25,0.33,0.08,0.33,Matches
7,Vasilije Adžić,me MNE,MF,it Juventus,19-159,2006,2,0,33,0.4,0,0,0,0,0,0,0,0,0,0,0,0,0,1,3,0,0,0,0,0,0,0,0,0,0,Matches
8,Nayef Aguerd,ma MAR,DF,fr Marseille,29-202,1996,1,1,90,1,0,0,0,0,0,0,1,0,0,0,0,0,0,0,0,0,0,0,0,0,0,0,0,0,0,Matches
9,Honest Ahanor,it ITA,DF,it Atalanta,17-237,2008,2,1,96,1.1,0,0,0,0,0,0,0,0,0.1,0.1,0,0.1,2,4,1,0,0,0,0,0,0.08,0.02,0.1,0.08,0.1,Matches
10,Manuel Akanji,ch SUI,DF,it Inter,30-091,1995,2,1,114,1.3,0,0,0,0,0,0,0,0,0,0,0,0,2,3,0,0,0,0,0,0,0,0,0,0,0,Matches
11,Nathan Aké,nl NED,DF,eng Manchester City,30-242,1995,1,0,11,0.1,0,0,0,0,0,0,0,0,0,0,0,0,0,3,0,0,0,0,0,0,0,0,0,0,0,Matches
12,Yunus Akgün,tr TUR,FW,tr Galatasaray,25-103,2000,2,2,148,1.6,1,0,1,1,0,0,0,0,0.2,0.2,0.4,0.6,0,6,10,0.61,0,0.61,0.61,0.61,0.15,0.24,0.39,0.15,0.39,Matches
13,Ilias Akhomach,ma MAR,MF,es Villarreal,21-185,2004,2,0,31,0.3,0,1,1,0,0,0,1,0,0,0,0.3,0.3,0,0,7,0,2.9,2.9,0,2.9,0,0.74,0.74,0,0.74,Matches
14,Maghnes Akliouche,fr FRA,MF,fr Monaco,23-235,2002,2,2,180,2,0,0,0,0,0,1,0,0,1,0.2,0.2,0.4,3,10,8,0,0,0,0,0,0.5,0.08,0.58,0.1,0.19,Matches
15,David Alaba,at AUT,DF,es Real Madrid,33-116,1992,1,1,90,1,0,0,0,0,0,0,0,0,0,0,0,0,0,3,0,0,0,0,0,0,0,0,0,0,0,Matches
16,Haitam Aleesami,no NOR,DF,no Bodø/Glimt,34-079,1991,2,2,173,1.9,0,0,0,0,0,0,1,0,0,0,0.1,0.1,5,5,4,0,0,0,0,0,0,0.06,0.06,0,0.06,Matches
17,Trent Alexander-Arnold,eng ENG,DF,es Real Madrid,27-011,1998,1,1,4,0,0,0,0,0,0,0,0,0,0,0,0,0,0,0,0,0,0,0,0,0,0,0,0,0,0,Matches
18,Alisson,br BRA,GK,eng Liverpool,33-016,1992,2,2,145,1.6,0,0,0,0,0,0,0,0,0,0,0,0,0,1,0,0,0,0,0,0,0,0,0,0,0,Matches
19,Barış Alper Yılmaz,tr TUR,FW,tr Galatasaray,25-148,2000,2,2,174,1.9,0,0,0,0,0,0,0,0,0.6,0.6,0.3,0.9,7,4,13,0,0,0,0,0,0.31,0.15,0.45,0.31,0.45,Matches
20,Julián Álvarez,ar ARG,FW,es Atlético Madrid,25-260,2000,1,1,89,1,1,2,3,0,1,1,0,0,1.2,0.5,1.4,1.9,3,3,5,1.01,2.02,3.03,0,2.02,1.21,1.4,2.61,0.53,1.93,Matches
21,Aurele Amenda,ch SUI,DF,de Eint Frankfurt,22-079,2003,2,0,44,0.5,0,0,0,0,0,0,0,0,0,0,0,0,0,0,0,0,0,0,0,0,0,0,0,0,0,Matches
22,Michael Amir Murillo,pa PAN,"DF,MF",fr Marseille,29-249,1996,2,0,22,0.2,0,0,0,0,0,0,0,0,0,0,0,0,0,0,3,0,0,0,0,0,0,0.08,0.08,0,0.08,Matches
23,Anderson,br BRA,FW,cy Pafos FC,27-331,1997,2,1,63,0.7,0,0,0,0,0,0,0,0,0.1,0.1,0,0.1,2,0,1,0,0,0,0,0,0.15,0,0.15,0.15,0.15,Matches
24,Leandro Andrade,cv CPV,"FW,MF",az Qarabağ,26-024,1999,2,2,142,1.6,1,0,1,1,0,0,0,0,0.4,0.4,0.1,0.5,2,4,7,0.63,0,0.63,0.63,0.63,0.26,0.08,0.34,0.26,0.34,Matches
25,Fredrik André Bjørkan,no NOR,DF,no Bodø/Glimt,27-058,1998,1,1,90,1,0,0,0,0,0,0,0,0,0,0,0,0,5,2,9,0,0,0,0,0,0,0.02,0.02,0,0.02,Matches
26,Robert Andrich,de GER,MF,de Leverkusen,31-026,1994,1,1,87,1,0,0,0,0,0,0,0,0,0.1,0.1,0.1,0.2,1,4,1,0,0,0,0,0,0.11,0.13,0.24,0.11,0.24,Matches
27,Waldemar Anton,de GER,DF,de Dortmund,29-090,1996,2,2,180,2,0,0,0,0,0,0,1,0,0,0,0,0,1,2,1,0,0,0,0,0,0,0,0,0,0,Matches
28,Ofri Arad,il ISR,MF,kz Qaırat Almaty,27-037,1998,2,2,133,1.5,0,0,0,0,0,0,1,0,0,0,0,0.1,3,10,3,0,0,0,0,0,0.03,0.02,0.05,0.03,0.05,Matches
29,Henrique Araújo,pt POR,FW,pt Benfica,23-272,2002,2,0,13,0.1,0,0,0,0,0,0,0,0,0.2,0.2,0,0.2,0,0,4,0,0,0,0,0,1.31,0,1.31,1.31,1.31,Matches
30,Maximiliano Araújo,uy URU,DF,pt Sporting CP,25-245,2000,2,2,155,1.7,0,0,0,0,0,0,0,0,0,0,0,0,5,6,11,0,0,0,0,0,0.03,0,0.03,0.03,0.03,Matches
31,Ronald Araújo,uy URU,DF,es Barcelona,26-225,1999,1,1,90,1,0,0,0,0,0,0,0,0,0,0,0,0,0,3,1,0,0,0,0,0,0,0,0,0,0,Matches
32,Tomás Araújo,pt POR,DF,pt Benfica,23-155,2002,1,0,18,0.2,0,0,0,0,0,0,1,0,0,0,0,0,0,1,0,0,0,0,0,0,0,0,0,0,0,Matches
33,Arthur,br BRA,DF,de Leverkusen,22-215,2003,1,0,49,0.5,0,0,0,0,0,0,0,0,0,0,0,0,1,0,0,0,0,0,0,0,0,0,0,0,0,Matches
34,Raúl Asencio,es ESP,DF,es Real Madrid,22-247,2003,2,1,108,1.2,0,0,0,0,0,0,0,0,0,0,0,0,1,3,3,0,0,0,0,0,0,0.01,0.01,0,0.01,Matches
35,Pierre-Emerick Aubameyang,ga GAB,"FW,MF",fr Marseille,36-122,1989,2,2,180,2,1,2,3,1,0,0,0,0,0.7,0.7,0.5,1.2,2,3,7,0.5,1,1.5,0.5,1.5,0.36,0.25,0.61,0.36,0.61,Matches
36,Lynnt Audoor,be BEL,MF,be Club Brugge,22-005,2003,1,0,10,0.1,0,0,0,0,0,0,0,0,0,0,0,0,0,1,0,0,0,0,0,0,0,0,0,0,0,Matches
37,Carlos Augusto,br BRA,DF,it Inter,26-284,1999,1,0,11,0.1,0,0,0,0,0,0,0,0,0,0,0.1,0.1,0,0,0,0,0,0,0,0,0,0.42,0.42,0,0.42,Matches
38,Sondre Auklend,no NOR,"FW,MF",no Bodø/Glimt,22-130,2003,2,2,152,1.7,0,0,0,0,0,0,1,0,0.1,0.1,0.1,0.2,5,3,8,0,0,0,0,0,0.09,0.05,0.13,0.09,0.13,Matches
39,Yann Aurel Bisseck,de GER,DF,it Inter,24-323,2000,1,1,66,0.7,0,0,0,0,0,0,1,0,0,0,0,0,2,5,2,0,0,0,0,0,0,0,0,0,0,Matches
40,Fredrik Aursnes,no NOR,"MF,FW",pt Benfica,29-312,1995,2,2,158,1.8,0,0,0,0,0,0,1,0,0.1,0.1,0,0.1,1,5,10,0,0,0,0,0,0.06,0,0.06,0.06,0.06,Matches
41,Nəriman Axundzadə,az AZE,FW,az Qarabağ,21-178,2004,1,0,13,0.1,0,1,1,0,0,0,1,0,0,0,0,0,0,0,0,0,6.92,6.92,0,6.92,0,0.3,0.3,0,0.3,Matches
42,Kaan Ayhan,tr TUR,MF,tr Galatasaray,30-342,1994,1,0,13,0.1,0,0,0,0,0,0,0,0,0,0,0,0,1,0,0,0,0,0,0,0,0,0,0,0,0,Matches
43,Youri Baas,nl NED,DF,nl Ajax,22-215,2003,2,2,144,1.6,0,0,0,0,0,0,1,0,0,0,0,0,1,10,1,0,0,0,0,0,0,0,0,0,0,Matches
44,Loïc Bade,fr FRA,DF,de Leverkusen,25-190,2000,2,2,156,1.7,0,0,0,0,0,0,0,0,0.3,0.3,0,0.3,0,3,0,0,0,0,0,0,0.18,0,0.18,0.18,0.18,Matches
45,Benoît Badiashile,fr FRA,DF,eng Chelsea,24-206,2001,1,1,80,0.9,0,0,0,0,0,0,0,0,0,0,0,0,1,4,0,0,0,0,0,0,0,0,0,0,0,Matches
46,Alex Baena,es ESP,FW,es Atlético Madrid,24-090,2001,1,0,1,0,0,0,0,0,0,0,0,0,0,0,0,0,0,0,0,0,0,0,0,0,0,0,0,0,0,Matches
47,Olzhas Baibek,kz KAZ,MF,kz Qaırat Almaty,20-249,2005,1,0,26,0.3,0,0,0,0,0,0,0,0,0,0,0,0,0,2,0,0,0,0,0,0,0,0,0,0,0,Matches
48,Esmir Bajraktarevic,ba BIH,MF,nl PSV Eindhoven,20-222,2005,1,0,18,0.2,0,0,0,0,0,0,0,0,0,0,0,0,1,1,2,0,0,0,0,0,0,0,0,0,0,Matches
49,Alejandro Balde,es ESP,DF,es Barcelona,22-000,2003,1,0,19,0.2,0,0,0,0,0,0,0,0,0,0,0,0,1,1,0,0,0,0,0,0,0,0,0,0,0,Matches
50,Leonardo Balerdi,ar ARG,DF,fr Marseille,26-265,1999,1,1,90,1,0,0,0,0,0,0,0,0,0,0,0,0,0,1,0,0,0,0,0,0,0.02,0,0.02,0.02,0.02,Matches
51,Folarin Balogun,us USA,FW,fr Monaco,24-107,2001,2,2,143,1.6,0,0,0,0,0,0,0,0,0.3,0.3,0,0.3,3,1,14,0,0,0,0,0,0.18,0,0.18,0.18,0.18,Matches
52,Aladji Bamba,fr FRA,MF,fr Monaco,19-096,2006,1,1,45,0.5,0,0,0,0,0,0,0,0,0,0,0,0,1,1,1,0,0,0,0,0,0,0,0,0,0,Matches
53,Bradley Barcola,fr FRA,FW,fr Paris S-G,23-046,2002,2,2,169,1.9,0,1,1,0,0,1,0,0,1.5,0.7,0.3,1,10,9,15,0,0.53,0.53,0,0.53,0.8,0.14,0.94,0.38,0.52,Matches
54,Abdülkerim Bardakcı,tr TUR,DF,tr Galatasaray,31-041,1994,1,1,90,1,0,0,0,0,0,0,1,0,0.1,0.1,0,0.1,0,0,0,0,0,0,0,0,0.14,0,0.14,0.14,0.14,Matches
55,Nicolò Barella,it ITA,MF,it Inter,28-253,1997,2,1,103,1.1,0,0,0,0,0,0,0,0,0,0,0.1,0.1,3,7,5,0,0,0,0,0,0,0.12,0.12,0,0.12,Matches
56,Harvey Barnes,eng ENG,"FW,MF",eng Newcastle Utd,27-313,1997,2,1,80,0.9,1,0,1,1,0,0,0,0,0.7,0.7,0,0.7,6,3,10,1.13,0,1.13,1.13,1.13,0.78,0,0.78,0.78,0.78,Matches
57,Leandro Barreiro Martins,lu LUX,MF,pt Benfica,25-288,2000,2,0,26,0.3,0,0,0,0,0,0,0,0,0,0,0,0,0,3,2,0,0,0,0,0,0,0,0,0,0,Matches
58,Enzo Barrenechea,ar ARG,MF,pt Benfica,24-149,2001,2,2,180,2,1,0,1,1,0,0,1,0,0.3,0.3,0,0.3,1,12,1,0.5,0,0.5,0.5,0.5,0.17,0,0.17,0.17,0.17,Matches
59,Pablo Barrios,es ESP,MF,es Atlético Madrid,22-125,2003,2,2,164,1.8,0,0,0,0,0,0,0,0,0.1,0.1,0,0.1,1,10,2,0,0,0,0,0,0.03,0,0.03,0.03,0.03,Matches
60,Daniel Bassi,no NOR,FW,no Bodø/Glimt,,,1,0,45,0.5,1,0,1,1,0,0,0,0,0.9,0.9,0,0.9,1,1,0,2,0,2,2,2,1.79,0,1.79,1.79,1.79,Matches
61,Mons Bassouamina,cg CGO,FW,cy Pafos FC,27-143,1998,1,0,32,0.4,0,0,0,0,0,0,0,0,0,0,0,0,0,0,2,0,0,0,0,0,0,0,0,0,0,Matches
62,Alessandro Bastoni,it ITA,DF,it Inter,26-188,1999,2,2,180,2,0,1,1,0,0,0,0,0,0.1,0.1,1.4,1.5,4,10,2,0,0.5,0.5,0,0.5,0.05,0.7,0.75,0.05,0.75,Matches
63,Michy Batshuayi,be BEL,FW,de Eint Frankfurt,32-016,1993,1,0,7,0.1,0,0,0,0,0,0,0,0,0,0,0,0,0,0,0,0,0,0,0,0,0,0,0,0,0,Matches
64,Toral Bayramov,az AZE,"DF,FW",az Qarabağ,24-237,2001,2,0,27,0.3,0,0,0,0,0,0,1,0,0,0,0,0,0,1,1,0,0,0,0,0,0,0,0,0,0,Matches
65,Maximilian Beier,de GER,MF,de Dortmund,23-001,2002,2,1,98,1.1,0,1,1,0,0,0,1,0,0.1,0.1,0.1,0.2,2,1,7,0,0.92,0.92,0,0.92,0.13,0.07,0.2,0.13,0.2,Matches
66,Raoul Bellanova,it ITA,DF,it Atalanta,25-154,2000,2,2,135,1.5,0,0,0,0,0,0,0,0,0,0,0.3,0.3,5,5,8,0,0,0,0,0,0,0.19,0.19,0,0.19,Matches
67,Jobe Bellingham,eng ENG,MF,de Dortmund,20-025,2005,2,1,88,1,0,0,0,0,0,0,0,0,0,0,0,0,0,1,3,0,0,0,0,0,0.02,0,0.02,0.02,0.02,Matches
68,Jude Bellingham,eng ENG,MF,es Real Madrid,22-111,2003,1,0,11,0.1,0,0,0,0,0,0,0,0,0.1,0.1,0,0.1,0,5,1,0,0,0,0,0,0.85,0.31,1.16,0.85,1.16,Matches
69,Eliesse Ben Seghir,ma MAR,MF,de Leverkusen,20-244,2005,2,1,84,0.9,0,0,0,0,0,0,0,0,0.2,0.2,0,0.2,0,3,8,0,0,0,0,0,0.17,0,0.17,0.17,0.17,Matches
70,Ramy Bensebaini,dz ALG,DF,de Dortmund,30-185,1995,2,2,180,2,1,0,1,0,1,1,0,0,0.8,0,0,0,0,12,0,0.5,0,0.5,0,0,0.39,0,0.39,0,0,Matches
71,Rodrigo Bentancur,uy URU,MF,eng Tottenham,28-115,1997,2,2,171,1.9,0,0,0,0,0,0,0,0,0.1,0.1,0.1,0.2,0,6,1,0,0,0,0,0,0.07,0.05,0.12,0.07,0.12,Matches
72,Yuri Berchiche,es ESP,DF,es Athletic Club,35-250,1990,1,0,23,0.3,0,0,0,0,0,0,0,0,0,0,0,0,0,3,1,0,0,0,0,0,0.11,0,0.11,0.11,0.11,Matches
73,Álex Berenguer,es ESP,FW,es Athletic Club,30-106,1995,1,1,90,1,0,0,0,0,0,0,0,0,0.1,0.1,0.1,0.2,1,5,6,0,0,0,0,0,0.09,0.07,0.17,0.09,0.17,Matches
74,Patrick Berg,no NOR,MF,no Bodø/Glimt,27-328,1997,2,2,180,2,0,0,0,0,0,0,2,0,0,0,0.1,0.1,3,8,5,0,0,0,0,0,0.02,0.04,0.06,0.02,0.06,Matches
75,Steven Berghuis,nl NED,FW,nl Ajax,33-303,1991,1,1,45,0.5,0,0,0,0,0,0,0,0,0,0,0,0,0,0,2,0,0,0,0,0,0.03,0,0.03,0.03,0.03,Matches
76,Lucas Bergvall,se SWE,MF,eng Tottenham,19-258,2006,2,2,148,1.6,0,0,0,0,0,0,0,0,0.1,0.1,0.6,0.7,7,5,5,0,0,0,0,0,0.07,0.37,0.44,0.07,0.44,Matches
77,Marc Bernal,es ESP,MF,es Barcelona,18-145,2007,1,0,12,0.1,0,0,0,0,0,0,0,0,0,0,0,0,0,0,0,0,0,0,0,0,0,0,0,0,0,Matches
78,Lorenzo Bernasconi,it ITA,DF,it Atalanta,21-336,2003,2,2,180,2,0,0,0,0,0,0,0,0,0,0,0.3,0.4,4,5,7,0,0,0,0,0,0.02,0.16,0.18,0.02,0.18,Matches
79,Sam Beukema,nl NED,DF,it Napoli,26-335,1998,2,2,180,2,0,0,0,0,0,0,0,0,0.2,0.2,0,0.2,0,10,0,0,0,0,0,0,0.08,0,0.08,0.08,0.08,Matches
80,Giulian Biancone,fr FRA,DF,gr Olympiacos,25-201,2000,2,0,21,0.2,0,0,0,0,0,0,0,0,0,0,0,0,3,6,1,0,0,0,0,0,0.14,0,0.14,0.14,0.14,Matches
81,Pedro Bicalho,br BRA,MF,az Qarabağ,24-178,2001,2,2,180,2,0,0,0,0,0,0,0,0,0,0,0,0,0,8,0,0,0,0,0,0,0.01,0,0.01,0.01,0.01,Matches
82,Mika Biereth,dk DEN,FW,fr Monaco,22-252,2003,2,1,71,0.8,0,0,0,0,0,0,0,0,0,0,0,0.1,0,0,9,0,0,0,0,0,0.04,0.05,0.09,0.04,0.09,Matches
83,Tom Bischof,de GER,"DF,MF",de Bayern Munich,20-112,2005,2,0,9,0.1,0,0,0,0,0,0,0,0,0,0,0,0,0,2,1,0,0,0,0,0,0,0.23,0.23,0,0.23,Matches
84,Myron Boadu,nl NED,FW,nl PSV Eindhoven,24-277,2001,1,0,6,0.1,0,0,0,0,0,0,0,0,0,0,0,0,0,0,0,0,0,0,0,0,0,0,0,0,0,Matches
85,Oscar Bobb,no NOR,FW,eng Manchester City,22-098,2003,1,0,11,0.1,0,0,0,0,0,0,0,0,0,0,0,0,0,0,0,0,0,0,0,0,0,0,0,0,0,Matches
86,Sacha Boey,fr FRA,DF,de Bayern Munich,25-035,2000,2,0,67,0.7,0,0,0,0,0,0,0,0,0,0,0.1,0.1,3,5,3,0,0,0,0,0,0,0.18,0.18,0,0.18,Matches
87,Adama Boiro,es ESP,DF,es Athletic Club,23-118,2002,1,1,67,0.7,0,0,0,0,0,0,0,0,0,0,0,0,0,0,1,0,0,0,0,0,0.06,0,0.06,0.06,0.06,Matches
88,Ruben van Bommel,nl NED,"MF,FW",nl PSV Eindhoven,21-076,2004,1,1,90,1,1,0,1,1,0,0,0,0,0.4,0.4,0.5,0.9,4,1,8,1,0,1,1,1,0.36,0.54,0.9,0.36,0.9,Matches
89,Ange-Yoan Bonny,fr FRA,FW,it Inter,21-358,2003,2,0,28,0.3,0,0,0,0,0,0,0,0,0,0,0,0,2,0,5,0,0,0,0,0,0,0.1,0.1,0,0.1,Matches
90,Kady Borges,br BRA,MF,az Qarabağ,29-169,1996,2,2,180,2,0,0,0,0,0,0,0,0,0.1,0.1,1,1,2,11,3,0,0,0,0,0,0.03,0.48,0.51,0.03,0.51,Matches
91,Sven Botman,nl NED,DF,eng Newcastle Utd,25-279,2000,2,1,105,1.2,0,0,0,0,0,0,0,0,0.1,0.1,0,0.1,0,0,0,0,0,0,0,0,0.05,0,0.05,0.05,0.05,Matches
92,Sofiane Boufal,ma MAR,MF,be Union SG,32-031,1993,1,0,18,0.2,0,0,0,0,0,0,0,0,0,0,0,0,0,0,1,0,0,0,0,0,0.16,0,0.16,0.16,0.16,Matches
93,Conor Bradley,nir NIR,DF,eng Liverpool,22-101,2003,2,0,62,0.7,0,0,0,0,0,0,2,0,0.1,0.1,0,0.1,1,9,5,0,0,0,0,0,0.11,0,0.11,0.11,0.11,Matches
94,Julian Brandt,de GER,MF,de Dortmund,29-169,1996,2,0,48,0.5,1,0,1,1,0,0,0,0,0.2,0.2,0.2,0.4,3,3,2,1.87,0,1.87,1.87,1.87,0.3,0.4,0.7,0.3,0.7,Matches
95,Gleison Bremer,br BRA,DF,it Juventus,28-214,1997,1,1,90,1,0,0,0,0,0,0,0,0,0,0,0,0,0,3,0,0,0,0,0,0,0,0,0,0,0,Matches
96,Marco Brescianini,it ITA,"MF,FW",it Atalanta,25-271,2000,2,0,19,0.2,0,0,0,0,0,0,0,0,0,0,0.1,0.1,3,2,0,0,0,0,0,0,0.19,0.28,0.47,0.19,0.47,Matches
97,Nathaniel Brown,de GER,DF,de Eint Frankfurt,22-124,2003,2,2,160,1.8,0,1,1,0,0,0,1,0,0,0,0.1,0.2,2,6,5,0,0.56,0.56,0,0.56,0.02,0.07,0.09,0.02,0.09,Matches
98,Sondre Brunstad Fet,no NOR,MF,no Bodø/Glimt,28-274,1997,2,1,107,1.2,1,0,1,1,0,0,0,0,0.8,0.8,0,0.8,1,6,5,0.84,0,0.84,0.84,0.84,0.64,0.02,0.66,0.64,0.66,Matches
99,Tajon Buchanan,ca CAN,"MF,FW",es Villarreal,26-252,1999,2,2,144,1.6,0,0,0,0,0,0,0,0,0.5,0.5,0,0.5,2,1,6,0,0,0,0,0,0.29,0,0.29,0.29,0.29,Matches
100,Facundo Buonanotte,ar ARG,MF,eng Chelsea,20-299,2004,1,1,53,0.6,0,0,0,0,0,0,1,0,0,0,0,0,2,1,5,0,0,0,0,0,0.04,0,0.04,0.04,0.04,Matches
101,Alessandro Buongiorno,it ITA,DF,it Napoli,26-134,1999,1,1,90,1,0,0,0,0,0,0,0,0,0,0,0,0,0,0,0,0,0,0,0,0,0,0,0,0,0,Matches
102,Christian Burgess,eng ENG,DF,be Union SG,34-011,1991,2,2,180,2,0,0,0,0,0,0,1,0,0,0,0,0,0,6,1,0,0,0,0,0,0,0,0,0,0,Matches
103,Jonathan Burkardt,de GER,FW,de Eint Frankfurt,25-099,2000,2,2,161,1.8,2,1,3,2,0,0,1,0,0.5,0.5,0.3,0.8,2,2,6,1.12,0.56,1.68,1.12,1.68,0.31,0.16,0.46,0.31,0.46,Matches
104,Dan Burn,eng ENG,DF,eng Newcastle Utd,33-162,1992,2,2,180,2,0,0,0,0,0,0,1,0,0,0,0.1,0.1,0,5,1,0,0,0,0,0,0,0.03,0.03,0,0.03,Matches
105,Pape Cabral,fr FRA,MF,fr Monaco,18-271,2007,1,0,9,0.1,0,0,0,0,0,0,0,0,0.1,0.1,0,0.1,0,0,0,0,0,0,0,0,0.63,0,0.63,0.63,0.63,Matches
106,Moisés Caicedo,ec ECU,MF,eng Chelsea,23-350,2001,2,2,180,2,0,0,0,0,0,0,0,0,0,0,0.1,0.1,0,14,1,0,0,0,0,0,0.02,0.05,0.07,0.02,0.07,Matches
107,Uğurcan Çakır,tr TUR,GK,tr Galatasaray,29-196,1996,2,2,180,2,0,0,0,0,0,0,1,0,0,0,0,0,0,0,0,0,0,0,0,0,0,0,0,0,0,Matches
108,Riccardo Calafiori,it ITA,DF,eng Arsenal,23-152,2002,1,1,89,1,0,0,0,0,0,0,0,0,0,0,0,0,2,0,4,0,0,0,0,0,0.02,0,0.02,0.02,0.02,Matches
109,Hakan Çalhanoğlu,tr TUR,MF,it Inter,31-252,1994,2,2,176,2,0,2,2,0,0,0,0,0,0.3,0.3,0.3,0.5,2,12,5,0,1.02,1.02,0,1.02,0.14,0.13,0.26,0.14,0.26,Matches
110,Lamine Camara,sn SEN,MF,fr Monaco,21-290,2004,1,1,90,1,0,0,0,0,0,0,0,0,0,0,0,0,1,11,0,0,0,0,0,0,0,0,0,0,0,Matches
111,Eduardo Camavinga,fr FRA,MF,es Real Madrid,22-342,2002,1,0,11,0.1,1,0,1,1,0,0,0,0,0.4,0.4,0,0.4,1,1,1,8.18,0,8.18,8.18,8.18,3.36,0,3.36,3.36,3.36,Matches
112,Andrea Cambiaso,it ITA,DF,it Juventus,25-240,2000,2,2,168,1.9,0,0,0,0,0,0,1,0,0.1,0.1,0.1,0.2,9,6,10,0,0,0,0,0,0.06,0.03,0.09,0.06,0.09,Matches
113,Shandre Campbell,za RSA,DF,be Club Brugge,20-095,2005,1,0,3,0,0,0,0,0,0,0,0,0,0,0,0,0,0,0,1,0,0,0,0,0,0,0,0,0,0,Matches
114,Sergi Cardona,es ESP,DF,es Villarreal,26-102,1999,2,1,89,1,0,0,0,0,0,0,0,0,0,0,0,0,0,4,4,0,0,0,0,0,0.03,0,0.03,0.03,0.03,Matches
115,Marco Carnesecchi,it ITA,GK,it Atalanta,25-109,2000,2,2,180,2,0,0,0,0,0,0,0,0,0,0,0,0,0,0,0,0,0,0,0,0,0,0,0,0,0,Matches
116,Álvaro Carreras,es ESP,DF,es Real Madrid,22-209,2003,1,1,90,1,0,0,0,0,0,0,1,0,0,0,0.1,0.1,2,3,4,0,0,0,0,0,0,0.11,0.11,0,0.11,Matches
117,Dani Carvajal,es ESP,DF,es Real Madrid,33-280,1992,1,0,67,0.7,0,0,0,0,0,0,0,1,0.1,0.1,0,0.1,2,2,4,0,0,0,0,0,0.12,0.04,0.16,0.12,0.16,Matches
118,Marc Casado,es ESP,MF,es Barcelona,22-034,2003,2,0,20,0.2,0,0,0,0,0,0,2,0,0,0,0,0,0,0,0,0,0,0,0,0,0,0,0,0,0,Matches
119,Geny Catamo,mz MOZ,FW,pt Sporting CP,24-265,2001,1,1,45,0.5,0,0,0,0,0,0,0,0,0,0,0,0,1,3,5,0,0,0,0,0,0,0,0,0,0,Matches
120,Dani Ceballos,es ESP,MF,es Real Madrid,29-072,1996,1,1,90,1,0,0,0,0,0,0,0,0,0,0,0,0,2,15,0,0,0,0,0,0,0,0.01,0.01,0,0.01,Matches
121,Fares Chaïbi,dz ALG,"MF,FW",de Eint Frankfurt,22-324,2002,2,2,180,2,0,1,1,0,0,0,0,0,0.1,0.1,0.1,0.2,5,9,0,0,0.5,0.5,0,0.5,0.03,0.06,0.08,0.03,0.08,Matches
122,Trevoh Chalobah,eng ENG,DF,eng Chelsea,26-105,1999,2,2,180,2,0,0,0,0,0,0,0,0,0,0,0,0,1,14,1,0,0,0,0,0,0,0,0,0,0,Matches
123,Štěpán Chaloupek,cz CZE,DF,cz Slavia Prague,22-224,2003,2,1,163,1.8,0,0,0,0,0,0,0,0,0,0,0.1,0.1,0,6,0,0,0,0,0,0,0,0.06,0.06,0,0.06,Matches
124,Muhammed Cham,at AUT,MF,cz Slavia Prague,25-022,2000,2,0,21,0.2,0,0,0,0,0,0,0,0,0,0,1,1.1,1,3,0,0,0,0,0,0,0.05,4.46,4.51,0.05,4.51,Matches
125,Lucas Chevalier,fr FRA,GK,fr Paris S-G,23-346,2001,2,2,180,2,0,0,0,0,0,0,0,0,0,0,0,0,0,0,0,0,0,0,0,0,0,0,0,0,0,Matches
126,Chiquinho,pt POR,MF,gr Olympiacos,30-091,1995,2,2,175,1.9,0,0,0,0,0,0,0,0,0,0,0.3,0.4,3,10,17,0,0,0,0,0,0.02,0.18,0.2,0.02,0.2,Matches
127,Tomáš Chorý,cz CZE,FW,cz Slavia Prague,30-265,1995,2,1,121,1.3,0,0,0,0,0,0,0,0,0.3,0.3,0,0.3,2,1,7,0,0,0,0,0,0.21,0.01,0.22,0.21,0.22,Matches
128,Chriso,ci CIV,MF,az Qarabağ,25-307,1999,1,0,1,0,0,0,0,0,0,0,0,0,0,0,0,0,0,0,0,0,0,0,0,0,0,0,0,0,0,Matches
129,Andreas Christensen,dk DEN,DF,es Barcelona,29-191,1996,2,0,26,0.3,0,0,0,0,0,0,0,0,0,0,0,0,0,0,0,0,0,0,0,0,0,0,0,0,0,Matches
130,Carney Chukwuemeka,eng ENG,MF,de Dortmund,21-363,2003,1,1,62,0.7,1,0,1,1,0,0,0,0,0,0,0,0.1,4,3,3,1.45,0,1.45,1.45,1.45,0.06,0.03,0.08,0.06,0.08,Matches
131,Mojmir Chytil,cz CZE,FW,cz Slavia Prague,26-172,1999,2,0,22,0.2,0,0,0,0,0,0,1,0,0.2,0.2,0,0.2,0,1,2,0,0,0,0,0,0.78,0,0.78,0.78,0.78,Matches
132,Viktor Claesson,se SWE,FW,dk FC Copenhagen,33-289,1992,2,0,67,0.7,0,0,0,0,0,0,0,0,0.2,0.2,0.1,0.3,1,5,6,0,0,0,0,0,0.23,0.16,0.4,0.23,0.4,Matches
133,Nnamdi Collins,de GER,DF,de Eint Frankfurt,21-281,2004,2,2,147,1.6,0,0,0,0,0,0,0,0,0,0,0,0,2,3,4,0,0,0,0,0,0,0,0,0,0,Matches
134,Santi Comesaña,es ESP,MF,es Villarreal,29-013,1996,2,2,167,1.9,0,0,0,0,0,0,1,0,0.1,0.1,0.1,0.2,2,8,2,0,0,0,0,0,0.05,0.07,0.12,0.05,0.12,Matches
135,Francisco Conceição,pt POR,MF,it Juventus,22-308,2002,1,0,45,0.5,1,0,1,1,0,0,1,0,0.1,0.1,0,0.1,2,1,5,2,0,2,2,2,0.24,0,0.24,0.24,0.24,Matches
136,João Pedro Araújo Correia,cv CPV,DF,cy Pafos FC,29-043,1996,1,1,76,0.8,0,0,0,0,0,0,0,0,0,0,0,0,2,0,0,0,0,0,0,0,0.04,0,0.04,0.04,0.04,Matches
137,Jorginho Costa,pt POR,"MF,FW",kz Qaırat Almaty,27-343,1997,2,2,154,1.7,0,0,0,0,0,0,1,0,0.1,0.1,0.2,0.4,0,1,6,0,0,0,0,0,0.07,0.14,0.21,0.07,0.21,Matches
138,Costinha,pt POR,DF,gr Olympiacos,25-206,2000,2,1,120,1.3,0,0,0,0,0,0,0,0,0,0,0,0,6,6,15,0,0,0,0,0,0.02,0,0.02,0.02,0.02,Matches
139,Mamadou Coulibaly,fr FRA,MF,fr Monaco,21-180,2004,2,1,126,1.4,0,0,0,0,0,0,1,0,0.1,0.1,0.1,0.1,3,7,3,0,0,0,0,0,0.04,0.04,0.08,0.04,0.08,Matches
140,Thibaut Courtois,be BEL,GK,es Real Madrid,33-160,1992,2,2,180,2,0,1,1,0,0,0,0,0,0,0,0.4,0.4,0,0,0,0,0.5,0.5,0,0.5,0,0.18,0.18,0,0.18,Matches
141,Yan Couto,br BRA,DF,de Dortmund,23-137,2002,1,1,90,1,1,0,1,1,0,0,0,0,0,0,0,0,3,0,10,1,0,1,1,1,0.04,0,0.04,0.04,0.04,Matches
142,Pau Cubarsí,es ESP,DF,es Barcelona,18-269,2007,2,2,158,1.8,0,0,0,0,0,0,0,0,0,0,0,0,0,3,0,0,0,0,0,0,0,0,0,0,0,Matches
143,Marc Cucurella,es ESP,DF,eng Chelsea,27-088,1998,2,2,180,2,0,0,0,0,0,0,0,0,0,0,0.1,0.2,1,6,5,0,0,0,0,0,0.01,0.07,0.08,0.01,0.08,Matches
144,Elvin Cəfərquliyev,az AZE,DF,az Qarabağ,24-357,2000,2,2,165,1.8,0,0,0,0,0,0,0,0,0,0,0.2,0.2,2,3,7,0,0,0,0,0,0,0.13,0.13,0,0.13,Matches
145,Samuel Dahl,se SWE,DF,pt Benfica,25-228,2000,2,2,180,2,0,0,0,0,0,0,0,0,0,0,0.3,0.3,3,5,8,0,0,0,0,0,0,0.13,0.13,0,0.13,Matches
146,Kevin Danso,at AUT,DF,eng Tottenham,27-029,1998,2,1,91,1,0,0,0,0,0,0,0,0,0,0,0,0,1,2,0,0,0,0,0,0,0,0.02,0.02,0,0.02,Matches
147,Matteo Darmian,it ITA,DF,it Inter,35-320,1989,1,0,15,0.2,0,0,0,0,0,0,0,0,0,0,0,0,1,1,2,0,0,0,0,0,0,0,0,0,0,Matches
148,Juan David Cabal,co COL,DF,it Juventus,24-283,2001,1,1,15,0.2,0,0,0,0,0,0,1,0,0,0,0,0,0,0,2,0,0,0,0,0,0,0,0,0,0,Matches
149,Jonathan David,ca CAN,"FW,MF",it Juventus,25-277,2000,2,2,142,1.6,0,0,0,0,0,0,0,0,1,1,0,1,6,3,11,0,0,0,0,0,0.62,0,0.62,0.62,0.62,Matches
150,Promise David,ca CAN,FW,be Union SG,24-107,2001,2,2,111,1.2,1,0,1,0,1,1,0,0,1,0.2,0.2,0.4,0,2,3,0.81,0,0.81,0,0,0.79,0.16,0.95,0.16,0.31,Matches
151,Kevin De Bruyne,be BEL,MF,it Napoli,34-112,1991,2,2,105,1.2,0,2,2,0,0,0,0,0,0.1,0.1,0.6,0.7,2,8,4,0,1.71,1.71,0,1.71,0.04,0.55,0.59,0.04,0.59,Matches
152,Charles De Ketelaere,be BEL,FW,it Atalanta,24-222,2001,1,1,45,0.5,0,0,0,0,0,0,0,0,0,0,0.1,0.1,0,0,1,0,0,0,0,0,0,0.28,0.28,0,0.28,Matches
153,Kamiel Van De Perre,be BEL,MF,be Union SG,21-248,2004,2,1,82,0.9,0,0,0,0,0,0,1,0,0,0,0,0.1,0,3,2,0,0,0,0,0,0.03,0.03,0.06,0.03,0.06,Matches
154,Zeno Debast,be BEL,"DF,MF",pt Sporting CP,21-359,2003,2,0,45,0.5,0,0,0,0,0,0,1,0,0,0,0,0,0,6,1,0,0,0,0,0,0.06,0,0.06,0.06,0.06,Matches
155,Amar Dedić,ba BIH,DF,pt Benfica,23-061,2002,2,2,180,2,0,0,0,0,0,0,0,0,0,0,0,0,8,3,13,0,0,0,0,0,0.01,0.01,0.02,0.01,0.02,Matches
156,Thomas Delaney,dk DEN,MF,dk FC Copenhagen,34-045,1991,2,2,131,1.5,0,0,0,0,0,0,1,0,0,0,0,0,0,6,0,0,0,0,0,0,0,0.01,0.01,0,0.01,Matches
157,Sergiño Dest,us USA,DF,nl PSV Eindhoven,24-349,2000,1,1,90,1,0,0,0,0,0,0,0,0,0,0,0,0,2,6,3,0,0,0,0,0,0,0.04,0.04,0,0.04,Matches
158,Michele Di Gregorio,it ITA,GK,it Juventus,28-083,1997,1,1,90,1,0,0,0,0,0,0,0,0,0,0,0,0,0,0,0,0,0,0,0,0,0,0,0,0,0,Matches
159,Giovanni Di Lorenzo,it ITA,DF,it Napoli,32-075,1993,1,1,20,0.2,0,0,0,0,0,0,0,1,0,0,0,0,0,0,0,0,0,0,0,0,0,0,0,0,0,Matches
160,Mamadou Diakhon,fr FRA,FW,be Club Brugge,20-026,2005,1,0,30,0.3,1,0,1,1,0,0,0,0,0.3,0.3,0,0.3,0,0,3,3,0,3,3,3,0.84,0,0.84,0.84,0.84,Matches
161,Rúben Dias,pt POR,DF,eng Manchester City,28-157,1997,2,2,180,2,0,0,0,0,0,0,0,0,0.1,0.1,0,0.1,6,10,0,0,0,0,0,0,0.05,0,0.05,0.05,0.05,Matches
162,Krépin Diatta,sn SEN,DF,fr Monaco,26-235,1999,1,1,90,1,0,1,1,0,0,0,1,0,0,0,0,0,2,3,7,0,1,1,0,1,0,0.04,0.04,0,0.04,Matches
163,Brahim Díaz,ma MAR,FW,es Real Madrid,26-076,1999,2,0,49,0.5,1,0,1,1,0,0,0,0,0.3,0.3,0,0.3,0,2,8,1.84,0,1.84,1.84,1.84,0.46,0.03,0.49,0.46,0.49,Matches
164,Luis Díaz,co COL,FW,de Bayern Munich,28-278,1997,2,2,135,1.5,0,0,0,0,0,0,0,0,0.6,0.6,0.1,0.7,4,4,17,0,0,0,0,0,0.41,0.08,0.49,0.41,0.49,Matches
165,Ole Didrik Blomberg,no NOR,"MF,FW",no Bodø/Glimt,25-128,2000,1,0,11,0.1,0,0,0,0,0,0,0,0,0.2,0.2,0,0.2,0,1,2,0,0,0,0,0,1.23,0,1.23,1.23,1.23,Matches
166,Eric Dier,eng ENG,DF,fr Monaco,31-276,1994,2,2,180,2,1,0,1,0,1,1,0,0,0.8,0,0.3,0.3,0,4,0,0.5,0,0.5,0,0,0.41,0.15,0.56,0.02,0.16,Matches
167,Federico Dimarco,it ITA,DF,it Inter,27-342,1997,2,2,169,1.9,0,0,0,0,0,0,0,0,0.4,0.4,0.6,1,3,6,8,0,0,0,0,0,0.22,0.29,0.51,0.22,0.51,Matches
168,Landry Dimata,be BEL,FW,cy Pafos FC,28-047,1997,2,1,64,0.7,0,0,0,0,0,0,0,0,0,0,0,0,0,0,0,0,0,0,0,0,0,0,0,0,0,Matches
169,Berat Djimsiti,al ALB,DF,it Atalanta,32-241,1993,2,2,164,1.8,0,0,0,0,0,0,0,0,0,0,0.4,0.4,0,4,0,0,0,0,0,0,0,0.2,0.2,0,0.2,Matches
170,Ritsu Doan,jp JPN,"FW,MF",de Eint Frankfurt,27-124,1998,2,2,156,1.7,0,0,0,0,0,0,0,0,0.1,0.1,0.1,0.2,3,4,9,0,0,0,0,0,0.06,0.04,0.1,0.06,0.1,Matches
171,Jeremy Doku,be BEL,MF,eng Manchester City,23-144,2002,2,2,128,1.4,1,0,1,1,0,0,0,0,0.3,0.3,0.3,0.7,19,8,22,0.7,0,0.7,0.7,0.7,0.25,0.23,0.47,0.25,0.47,Matches
172,Kasper Dolberg,dk DEN,FW,nl Ajax,28-012,1997,1,0,28,0.3,0,0,0,0,0,0,0,0,0.6,0.6,0,0.6,0,0,2,0,0,0,0,0,1.82,0,1.82,1.82,1.82,Matches
173,Gianluigi Donnarumma,it ITA,GK,eng Manchester City,26-235,1999,2,2,180,2,0,0,0,0,0,0,1,0,0,0,0,0,0,0,0,0,0,0,0,0,0,0,0,0,0,Matches
174,Oscar Dorley,lr LBR,MF,cz Slavia Prague,27-091,1998,2,2,180,2,0,0,0,0,0,0,0,0,0.2,0.2,0,0.3,0,6,2,0,0,0,0,0,0.12,0.01,0.13,0.12,0.13,Matches
175,David Doudera,cz CZE,DF,cz Slavia Prague,27-140,1998,2,2,138,1.5,0,0,0,0,0,0,0,0,0.3,0.3,0.2,0.5,1,7,8,0,0,0,0,0,0.2,0.14,0.33,0.2,0.33,Matches
176,Vlad Dragomir,ro ROU,"MF,FW",cy Pafos FC,26-177,1999,2,2,150,1.7,0,0,0,0,0,0,0,0,0,0,0.1,0.2,1,3,5,0,0,0,0,0,0.01,0.09,0.1,0.01,0.1,Matches
177,Couhaib Driouech,ma MAR,MF,nl PSV Eindhoven,23-184,2002,1,0,18,0.2,0,0,0,0,0,0,0,0,0,0,0,0,1,0,4,0,0,0,0,0,0,0,0,0,0,Matches
178,Denzel Dumfries,nl NED,DF,it Inter,29-183,1996,2,2,165,1.8,1,0,1,1,0,0,0,0,0.8,0.8,0,0.8,2,10,5,0.55,0,0.55,0.55,0.55,0.42,0,0.42,0.42,0.42,Matches
179,Claudio Echeverri,ar ARG,"MF,FW",de Leverkusen,19-289,2006,2,0,35,0.4,0,0,0,0,0,0,0,0,0.2,0.2,0,0.2,2,0,4,0,0,0,0,0,0.52,0,0.52,0.52,0.52,Matches
180,Éderson,br BRA,MF,it Atalanta,26-103,1999,1,1,60,0.7,0,0,0,0,0,0,0,0,0,0,0,0,0,4,3,0,0,0,0,0,0.07,0,0.07,0.07,0.07,Matches
181,Oliver Edvardsen,no NOR,FW,nl Ajax,26-213,1999,2,1,135,1.5,0,0,0,0,0,0,0,0,0.2,0.2,0.6,0.8,0,3,5,0,0,0,0,0,0.14,0.38,0.52,0.14,0.52,Matches
182,CJ Egan-Riley,eng ENG,DF,fr Marseille,22-289,2003,2,0,58,0.6,0,0,0,0,0,0,0,0,0,0,0,0,0,1,0,0,0,0,0,0,0,0,0,0,0,Matches
183,Hugo Ekitike,fr FRA,FW,eng Liverpool,23-120,2002,2,1,100,1.1,0,0,0,0,0,0,0,0,1.7,1.7,0,1.7,2,2,7,0,0,0,0,0,1.54,0,1.54,1.54,1.54,Matches
184,Anthony Elanga,se SWE,FW,eng Newcastle Utd,23-174,2002,2,2,134,1.5,0,0,0,0,0,0,0,0,0.1,0.1,0.7,0.8,8,1,21,0,0,0,0,0,0.08,0.47,0.55,0.08,0.55,Matches
185,Eren Elmalı,tr TUR,"DF,FW",tr Galatasaray,25-103,2000,2,1,72,0.8,0,0,0,0,0,0,0,0,0,0,0,0,1,4,3,0,0,0,0,0,0,0,0,0,0,Matches
186,Elif Elmas,mk MKD,MF,it Napoli,26-024,1999,1,0,20,0.2,0,0,0,0,0,0,0,0,0,0,0,0,1,0,0,0,0,0,0,0,0,0,0,0,0,Matches
187,Mohamed Elyounoussi,no NOR,FW,dk FC Copenhagen,31-075,1994,2,2,180,2,0,0,0,0,0,0,0,0,0.4,0.4,0.2,0.7,5,10,12,0,0,0,0,0,0.22,0.11,0.33,0.22,0.33,Matches
188,Mads Emil Madsen,dk DEN,MF,dk FC Copenhagen,27-277,1998,2,0,49,0.5,0,0,0,0,0,0,0,0,0,0,0,0,0,1,0,0,0,0,0,0,0,0,0,0,0,Matches
189,Francesco Esposito,it ITA,FW,it Inter,20-112,2005,2,1,114,1.3,0,0,0,0,0,0,0,0,0.3,0.3,0.2,0.6,0,4,13,0,0,0,0,0,0.27,0.17,0.45,0.27,0.45,Matches
190,Håkon Evjen,no NOR,MF,no Bodø/Glimt,25-246,2000,2,2,176,2,0,2,2,0,0,0,0,0,0.7,0.7,0.9,1.6,2,9,3,0,1.02,1.02,0,1.02,0.34,0.46,0.79,0.34,0.79,Matches
191,Eberechi Eze,eng ENG,FW,eng Arsenal,27-111,1998,2,1,88,1,0,0,0,0,0,0,0,0,0,0,0.1,0.1,0,5,5,0,0,0,0,0,0,0.07,0.07,0,0.07,Matches
192,Ansu Fati,es ESP,"MF,FW",fr Monaco,22-352,2002,2,1,91,1,1,0,1,1,0,0,0,0,0.4,0.4,0.1,0.4,2,6,4,0.99,0,0.99,0.99,0.99,0.35,0.07,0.42,0.35,0.42,Matches
193,Enzo Fernández,ar ARG,MF,eng Chelsea,24-274,2001,2,2,170,1.9,0,0,0,0,0,0,1,0,0.3,0.3,0.3,0.6,3,11,5,0,0,0,0,0,0.14,0.18,0.32,0.14,0.32,Matches
194,Ezequiél Fernández,ar ARG,MF,de Leverkusen,23-085,2002,2,2,140,1.6,0,0,0,0,0,0,0,0,0,0,0,0,0,10,2,0,0,0,0,0,0,0.02,0.02,0,0.02,Matches
195,Edimilson Filho,br BRA,FW,kz Qaırat Almaty,28-182,1997,2,0,47,0.5,1,0,1,1,0,0,0,0,0.1,0.1,0,0.1,0,2,0,1.91,0,1.91,1.91,1.91,0.2,0,0.2,0.2,0.2,Matches
196,Ryan Flamingo,nl NED,DF,nl PSV Eindhoven,22-291,2002,2,1,115,1.3,0,0,0,0,0,0,0,0,0,0,0,0,0,3,0,0,0,0,0,0,0,0,0,0,0,Matches
197,Mark Flekken,nl NED,GK,de Leverkusen,32-127,1993,2,2,180,2,0,0,0,0,0,0,0,0,0,0,0.1,0.1,0,0,0,0,0,0,0,0,0,0.03,0.03,0,0.03,Matches
198,Phil Foden,eng ENG,MF,eng Manchester City,25-143,2000,2,2,180,2,0,1,1,0,0,0,0,0,0.2,0.2,1,1.2,4,12,14,0,0.5,0.5,0,0.5,0.11,0.48,0.59,0.11,0.59,Matches
199,Carlos Forbs,pt POR,FW,be Club Brugge,21-213,2004,2,2,134,1.5,0,1,1,0,0,0,0,0,0.2,0.2,0.9,1.1,10,6,13,0,0.67,0.67,0,0.67,0.14,0.59,0.73,0.14,0.73,Matches
200,Juan Foyth,ar ARG,DF,es Villarreal,27-279,1998,1,1,90,1,0,0,0,0,0,0,0,0,0.1,0.1,0,0.1,0,2,0,0,0,0,0,0,0.07,0,0.07,0.07,0.07,Matches
201,Davide Frattesi,it ITA,MF,it Inter,25-361,1999,1,0,22,0.2,0,0,0,0,0,0,0,0,0.1,0.1,0,0.1,1,1,0,0,0,0,0,0,0.53,0,0.53,0.53,0.53,Matches
202,Iván Fresneda,es ESP,DF,pt Sporting CP,21-020,2004,2,2,180,2,0,0,0,0,0,0,0,0,0,0,1.2,1.2,9,3,9,0,0,0,0,0,0,0.58,0.58,0,0.58,Matches
203,Jeremie Frimpong,nl NED,"FW,DF",eng Liverpool,24-312,2000,2,2,118,1.3,0,0,0,0,0,0,0,0,0.1,0.1,0.6,0.7,4,3,8,0,0,0,0,0,0.09,0.45,0.55,0.09,0.55,Matches
204,Anton Gaaei,dk DEN,DF,nl Ajax,22-333,2002,2,1,126,1.4,0,0,0,0,0,0,1,0,0,0,0.5,0.6,2,11,13,0,0,0,0,0,0.03,0.39,0.42,0.03,0.42,Matches
205,Cody Gakpo,nl NED,FW,eng Liverpool,26-164,1999,2,2,118,1.3,0,0,0,0,0,0,0,0,0.2,0.2,0.5,0.7,5,1,12,0,0,0,0,0,0.15,0.35,0.51,0.15,0.51,Matches
206,Javi Galán,es ESP,DF,es Atlético Madrid,30-333,1994,1,1,90,1,0,0,0,0,0,0,0,0,0,0,0,0,2,6,2,0,0,0,0,0,0,0,0,0,0,Matches
207,Iñigo Ruiz de Galarreta,es ESP,MF,es Athletic Club,32-073,1993,1,0,45,0.5,0,0,0,0,0,0,0,0,0,0,0,0,1,4,1,0,0,0,0,0,0,0,0,0,0,Matches
208,Conor Gallagher,eng ENG,MF,es Atlético Madrid,25-254,2000,2,2,150,1.7,0,0,0,0,0,0,0,0,0,0,0,0,4,7,3,0,0,0,0,0,0.01,0,0.01,0.01,0.01,Matches
209,Aleix García,es ESP,MF,de Leverkusen,28-112,1997,2,1,130,1.4,0,0,0,0,0,0,0,0,0.1,0.1,0.4,0.5,1,17,0,0,0,0,0,0,0.05,0.27,0.31,0.05,0.31,Matches
210,Dani García,es ESP,MF,gr Olympiacos,35-147,1990,2,2,119,1.3,0,0,0,0,0,0,1,0,0,0,0,0,1,9,1,0,0,0,0,0,0,0,0,0,0,Matches
211,Eric García,es ESP,DF,es Barcelona,24-282,2001,2,1,95,1.1,0,0,0,0,0,0,0,0,0,0,0,0,1,6,1,0,0,0,0,0,0,0,0,0,0,Matches
212,Fran Garcia,es ESP,DF,es Real Madrid,26-065,1999,1,1,90,1,0,0,0,0,0,0,0,0,0,0,0.2,0.2,2,5,2,0,0,0,0,0,0,0.24,0.24,0,0.24,Matches
213,Gonzalo García,es ESP,FW,es Real Madrid,21-208,2004,1,0,10,0.1,0,1,1,0,0,0,0,0,0,0,0.1,0.1,0,1,0,0,9,9,0,9,0,1.18,1.18,0,1.18,Matches
214,Joan García,es ESP,GK,es Barcelona,24-167,2001,1,1,90,1,0,0,0,0,0,0,0,0,0,0,0,0,0,0,0,0,0,0,0,0,0,0.04,0.04,0,0.04,Matches
215,Alejandro Garnacho,ar ARG,FW,eng Chelsea,21-109,2004,2,1,83,0.9,0,0,0,0,0,0,0,0,0.1,0.1,0,0.1,11,3,17,0,0,0,0,0,0.13,0,0.13,0.13,0.13,Matches
216,Yarek Gasiorowski,es ESP,DF,nl PSV Eindhoven,20-279,2005,2,2,180,2,0,0,0,0,0,0,0,0,0.1,0.1,0,0.1,2,2,0,0,0,0,0,0,0.03,0,0.03,0.03,0.03,Matches
217,Federico Gatti,it ITA,DF,it Juventus,27-116,1998,1,1,90,1,1,0,1,1,0,0,0,0,0.1,0.1,0,0.1,0,3,0,1,0,1,1,1,0.12,0,0.12,0.12,0.12,Matches
218,Tyrique George,eng ENG,FW,eng Chelsea,19-256,2006,1,1,60,0.7,0,0,0,0,0,0,0,0,0.1,0.1,0,0.1,0,0,2,0,0,0,0,0,0.17,0,0.17,0.17,0.17,Matches
219,Marc Giger,ch SUI,"FW,MF",be Union SG,21-205,2004,2,0,69,0.8,0,0,0,0,0,0,1,0,0.1,0.1,0.1,0.2,3,3,2,0,0,0,0,0,0.09,0.11,0.2,0.09,0.2,Matches
220,Billy Gilmour,sct SCO,MF,it Napoli,24-129,2001,2,0,29,0.3,0,0,0,0,0,0,0,0,0,0,0,0,0,1,0,0,0,0,0,0,0,0,0,0,0,Matches
221,Jamie Gittens,eng ENG,FW,eng Chelsea,21-071,2004,1,0,30,0.3,0,0,0,0,0,0,0,0,0,0,0,0,3,0,6,0,0,0,0,0,0,0,0,0,0,Matches
222,Oscar Gloukh,il ISR,"FW,MF",nl Ajax,21-200,2004,2,1,105,1.2,0,0,0,0,0,0,0,0,0,0,0.1,0.1,4,4,9,0,0,0,0,0,0,0.13,0.13,0,0.13,Matches
223,Serge Gnabry,de GER,"MF,FW",de Bayern Munich,30-096,1995,2,1,134,1.5,0,1,1,0,0,0,0,0,0.1,0.1,0.3,0.5,0,4,5,0,0.67,0.67,0,0.67,0.1,0.23,0.33,0.1,0.33,Matches
224,Mika Godts,be BEL,FW,nl Ajax,20-133,2005,2,2,158,1.8,0,0,0,0,0,0,0,0,0.7,0.7,0,0.8,10,6,16,0,0,0,0,0,0.41,0.03,0.43,0.41,0.43,Matches
225,David Goldar,es ESP,"DF,MF",cy Pafos FC,31-033,1994,2,2,180,2,0,0,0,0,0,0,0,0,0.3,0.3,0,0.3,0,0,0,0,0,0,0,0,0.13,0,0.13,0.13,0.13,Matches
226,Angel Gomes,eng ENG,"FW,MF",fr Marseille,25-048,2000,1,0,29,0.3,0,0,0,0,0,0,0,0,0,0,0,0,0,0,1,0,0,0,0,0,0,0,0,0,0,Matches
227,Unai Gómez,es ESP,MF,es Athletic Club,22-146,2003,2,1,82,0.9,0,0,0,0,0,0,0,0,0.3,0.3,0,0.3,3,1,0,0,0,0,0,0,0.31,0,0.31,0.31,0.31,Matches
228,Pedro Gonçalves,pt POR,"FW,MF",pt Sporting CP,27-112,1998,2,1,105,1.2,0,0,0,0,0,0,0,0,0.8,0.8,0.2,1,5,4,12,0,0,0,0,0,0.67,0.18,0.85,0.67,0.85,Matches
229,Nicolás González,es ESP,MF,eng Manchester City,23-288,2002,2,0,61,0.7,0,0,0,0,0,0,0,0,0.1,0.1,0.1,0.2,0,2,1,0,0,0,0,0,0.2,0.09,0.28,0.2,0.28,Matches
230,Nicolás González,ar ARG,"MF,FW",es Atlético Madrid,27-195,1998,2,1,92,1,0,0,0,0,0,0,0,0,0,0,0,0,1,2,7,0,0,0,0,0,0.02,0,0.02,0.02,0.02,Matches
231,Anthony Gordon,eng ENG,"FW,MF",eng Newcastle Utd,24-236,2001,2,2,180,2,3,0,3,1,2,2,0,0,2,0.5,0,0.5,5,4,12,1.5,0,1.5,0.5,0.5,1.02,0,1.02,0.23,0.23,Matches
232,Leon Goretzka,de GER,MF,de Bayern Munich,30-254,1995,1,0,27,0.3,0,0,0,0,0,0,0,0,0,0,0,0,1,1,0,0,0,0,0,0,0,0,0,0,0,Matches
233,Andoni Gorosabel,es ESP,DF,es Athletic Club,29-075,1996,2,2,180,2,0,0,0,0,0,0,1,0,0,0,0.1,0.1,3,6,9,0,0,0,0,0,0,0.05,0.05,0,0.05,Matches
234,Mario Götze,de GER,MF,de Eint Frankfurt,33-137,1992,1,0,17,0.2,0,0,0,0,0,0,0,0,0,0,0,0,0,0,0,0,0,0,0,0,0,0,0,0,0,Matches
235,Amine Gouiri,dz ALG,FW,fr Marseille,25-244,2000,1,0,13,0.1,0,0,0,0,0,0,0,0,0,0,0,0,1,2,1,0,0,0,0,0,0,0.19,0.19,0,0.19,Matches
236,Ryan Gravenberch,nl NED,MF,eng Liverpool,23-155,2002,2,2,151,1.7,0,1,1,0,0,0,1,0,0,0,0.4,0.4,2,13,2,0,0.6,0.6,0,0.6,0,0.24,0.24,0,0.24,Matches
237,Archie Gray,eng ENG,MF,eng Tottenham,19-220,2006,1,0,9,0.1,0,0,0,0,0,0,0,0,0,0,0,0,0,0,2,0,0,0,0,0,0.21,0,0.21,0.21,0.21,Matches
238,Mason Greenwood,eng ENG,"FW,MF",fr Marseille,24-017,2001,2,2,180,2,1,1,2,1,0,0,0,0,0.6,0.6,0.2,0.8,7,6,8,0.5,0.5,1,0.5,1,0.31,0.09,0.4,0.31,0.4,Matches
239,Antoine Griezmann,fr FRA,FW,es Atlético Madrid,34-211,1991,2,2,149,1.7,1,0,1,1,0,0,0,0,2,2,0.6,2.6,2,9,7,0.6,0,0.6,0.6,0.6,1.19,0.35,1.55,1.19,1.55,Matches
240,Álex Grimaldo,es ESP,DF,de Leverkusen,30-028,1995,2,2,180,2,1,0,1,1,0,0,0,0,0.4,0.4,0.7,1.1,4,12,20,0.5,0,0.5,0.5,0.5,0.21,0.35,0.55,0.21,0.55,Matches
241,Valeriy Gromyko,by BLR,"MF,FW",kz Qaırat Almaty,28-268,1997,2,2,169,1.9,0,0,0,0,0,0,1,0,0.2,0.2,0,0.2,4,6,8,0,0,0,0,0,0.09,0.01,0.1,0.09,0.1,Matches
242,Pascal Groß,de GER,MF,de Dortmund,34-125,1991,1,0,1,0,0,0,0,0,0,0,0,0,0,0,0,0,0,2,0,0,0,0,0,0,0,0,0,0,0,Matches
243,Raphaël Guerreiro,pt POR,"DF,MF",de Bayern Munich,31-300,1993,1,1,90,1,1,0,1,1,0,0,0,0,0.7,0.7,1.3,2,2,6,9,1,0,1,1,1,0.73,1.32,2.05,0.73,2.05,Matches
244,Pape Gueye,sn SEN,MF,es Villarreal,26-267,1999,2,2,167,1.9,0,0,0,0,0,0,0,0,0.1,0.1,0.4,0.5,8,8,3,0,0,0,0,0,0.05,0.24,0.29,0.05,0.29,Matches
245,Bruno Guimarães,br BRA,MF,eng Newcastle Utd,27-336,1997,2,2,162,1.8,0,0,0,0,0,0,0,0,0.1,0.1,0.1,0.2,2,9,9,0,0,0,0,0,0.03,0.07,0.1,0.03,0.1,Matches
246,Serhou Guirassy,gn GUI,FW,de Dortmund,29-220,1996,2,2,175,1.9,1,2,3,1,0,0,0,0,1,1,0.1,1.1,2,3,6,0.51,1.03,1.54,0.51,1.54,0.51,0.07,0.58,0.51,0.58,Matches
247,Arda Güler,tr TUR,MF,es Real Madrid,20-235,2005,2,2,151,1.7,0,1,1,0,0,0,0,0,0.4,0.4,0.4,0.7,3,18,22,0,0.6,0.6,0,0.6,0.23,0.21,0.44,0.23,0.44,Matches
248,Jostein Gundersen,no NOR,DF,no Bodø/Glimt,29-199,1996,2,1,68,0.8,0,0,0,0,0,0,0,0,0.1,0.1,0,0.1,3,4,0,0,0,0,0,0,0.1,0,0.1,0.1,0.1,Matches
249,İlkay Gündoğan,de GER,MF,tr Galatasaray,34-359,1990,2,2,140,1.6,0,0,0,0,0,0,0,0,0.3,0.3,0.4,0.7,1,8,4,0,0,0,0,0,0.19,0.25,0.44,0.19,0.44,Matches
250,Gorka Guruzeta,es ESP,"FW,MF",es Athletic Club,29-036,1996,2,0,68,0.8,1,0,1,1,0,0,0,0,0.4,0.4,0.1,0.5,1,2,1,1.32,0,1.32,1.32,1.32,0.49,0.12,0.61,0.49,0.61,Matches
251,Malo Gusto,fr FRA,DF,eng Chelsea,22-152,2003,2,2,170,1.9,0,1,1,0,0,0,0,0,0.1,0.1,0.3,0.4,1,2,5,0,0.53,0.53,0,0.53,0.05,0.14,0.19,0.05,0.19,Matches
252,Miguel Gutiérrez,es ESP,DF,it Napoli,24-083,2001,1,1,80,0.9,0,0,0,0,0,0,0,0,0,0,0,0,0,1,1,0,0,0,0,0,0.01,0.04,0.05,0.01,0.05,Matches
253,Joško Gvardiol,hr CRO,DF,eng Manchester City,23-268,2002,2,2,169,1.9,0,1,1,0,0,0,0,0,0.2,0.2,0.3,0.4,4,16,0,0,0.53,0.53,0,0.53,0.1,0.14,0.24,0.1,0.24,Matches
254,Viktor Gyökeres,se SWE,FW,eng Arsenal,27-136,1998,2,2,154,1.7,0,0,0,0,0,0,0,0,0.9,0.9,0,1,5,1,11,0,0,0,0,0,0.54,0.02,0.56,0.54,0.56,Matches
255,Erling Haaland,no NOR,FW,eng Manchester City,25-089,2000,2,2,169,1.9,3,0,3,3,0,0,0,0,1.5,1.5,0,1.5,0,0,5,1.6,0,1.6,1.6,1.6,0.78,0,0.78,0.78,0.78,Matches
256,Anouar Ait El Hadj,be BEL,MF,be Union SG,23-181,2002,2,2,164,1.8,1,0,1,1,0,0,0,0,0.9,0.9,0.2,1.1,7,8,12,0.55,0,0.55,0.55,0.55,0.49,0.13,0.62,0.49,0.62,Matches
257,Nikita Haikin,ru RUS,GK,no Bodø/Glimt,30-099,1995,2,2,180,2,0,0,0,0,0,0,0,0,0,0,0,0,0,0,0,0,0,0,0,0,0,0,0,0,0,Matches
258,Achraf Hakimi,ma MAR,DF,fr Paris S-G,26-348,1998,2,2,180,2,0,2,2,0,0,0,1,0,0.3,0.3,0.7,1,8,9,8,0,1,1,0,1,0.15,0.36,0.52,0.15,0.52,Matches
259,Lewis Hall,eng ENG,DF,eng Newcastle Utd,21-040,2004,1,0,18,0.2,0,0,0,0,0,0,0,0,0,0,0.2,0.2,0,0,1,0,0,0,0,0,0,0.97,0.97,0,0.97,Matches
260,Daiki Hashioka,jp JPN,DF,cz Slavia Prague,26-154,1999,2,1,96,1.1,0,0,0,0,0,0,0,0,0,0,0,0,1,5,9,0,0,0,0,0,0.05,0,0.05,0.05,0.05,Matches
261,Pantelis Hatzidiakos,gr GRE,DF,dk FC Copenhagen,28-273,1997,2,2,158,1.8,0,0,0,0,0,0,1,0,0,0,0,0,0,2,0,0,0,0,0,0,0,0,0,0,0,Matches
262,Andreas Helmersen,no NOR,FW,no Bodø/Glimt,27-217,1998,2,0,28,0.3,0,0,0,0,0,0,0,0,0.5,0.5,0.2,0.8,1,1,2,0,0,0,0,0,1.74,0.67,2.41,1.74,2.41,Matches
263,Lucas Hernández,fr FRA,DF,fr Paris S-G,29-246,1996,1,0,26,0.3,0,0,0,0,0,0,0,0,0,0,0,0,1,2,1,0,0,0,0,0,0,0,0,0,0,Matches
264,Santiago Hezze,ar ARG,MF,gr Olympiacos,23-361,2001,2,2,159,1.8,0,0,0,0,0,0,0,0,0,0,0,0,0,11,8,0,0,0,0,0,0.01,0,0.01,0.01,0.01,Matches
265,Isak Hien,se SWE,DF,it Atalanta,26-278,1999,1,1,90,1,0,0,0,0,0,0,0,0,0,0,0,0,1,1,1,0,0,0,0,0,0,0,0,0,0,Matches
266,Piero Hincapié,ec ECU,DF,eng Arsenal,23-282,2002,1,0,1,0,0,0,0,0,0,0,0,0,0,0,0,0,0,0,0,0,0,0,0,0,0,0,0,0,0,Matches
267,Morten Hjulmand,dk DEN,MF,pt Sporting CP,26-115,1999,2,2,159,1.8,0,0,0,0,0,1,0,0,1,0.2,0.2,0.4,3,10,2,0,0,0,0,0,0.55,0.11,0.66,0.11,0.21,Matches
268,Tomáš Holeš,cz CZE,DF,cz Slavia Prague,32-201,1993,1,1,17,0.2,0,0,0,0,0,0,0,0,0,0,0,0,0,2,0,0,0,0,0,0,0,0,0,0,0,Matches
269,Rodrigo Huescas,mx MEX,DF,dk FC Copenhagen,22-030,2003,2,2,104,1.2,0,1,1,0,0,0,0,0,0,0,0.3,0.4,5,0,7,0,0.87,0.87,0,0.87,0.04,0.28,0.32,0.04,0.32,Matches
270,Dean Huijsen,es ESP,DF,es Real Madrid,20-187,2005,2,2,180,2,0,0,0,0,0,0,0,0,0.1,0.1,0,0.1,0,13,1,0,0,0,0,0,0.05,0.01,0.06,0.05,0.06,Matches
271,Pierre Højbjerg,dk DEN,MF,fr Marseille,30-074,1995,2,1,119,1.3,0,0,0,0,0,0,1,0,0,0,0.3,0.3,1,9,0,0,0,0,0,0,0,0.19,0.19,0,0.19,Matches
272,Oscar Højlund,dk DEN,MF,de Eint Frankfurt,20-287,2005,1,0,33,0.4,0,0,0,0,0,0,0,0,0,0,0,0,1,0,0,0,0,0,0,0,0,0,0,0,0,Matches
273,Rasmus Højlund,dk DEN,FW,it Napoli,22-256,2003,2,2,160,1.8,2,0,2,2,0,0,0,0,0.6,0.6,0,0.6,2,4,5,1.13,0,1.13,1.13,1.13,0.36,0.01,0.36,0.36,0.36,Matches
274,Mauro Icardi,ar ARG,FW,tr Galatasaray,32-241,1993,2,0,55,0.6,0,0,0,0,0,0,1,0,0.2,0.2,0,0.2,0,0,0,0,0,0,0,0,0.26,0,0.26,0.26,0.26,Matches
275,Stanis Idumbo,be BEL,MF,fr Monaco,20-111,2005,1,0,27,0.3,0,0,0,0,0,0,0,0,0,0,0,0,1,0,0,0,0,0,0,0,0,0,0,0,0,Matches
276,George Ilenikhena,ng NGA,FW,fr Monaco,19-063,2006,2,0,36,0.4,0,0,0,0,0,0,0,0,0,0,0,0,1,0,4,0,0,0,0,0,0,0.07,0.07,0,0.07,Matches
277,Gonçalo Inácio,pt POR,DF,pt Sporting CP,24-054,2001,2,2,180,2,0,0,0,0,0,0,0,0,0.2,0.2,0,0.2,3,15,2,0,0,0,0,0,0.1,0,0.1,0.1,0.1,Matches
278,Fotis Ioannidis,gr GRE,FW,pt Sporting CP,25-281,2000,2,1,96,1.1,0,0,0,0,0,0,0,0,0,0,0,0,1,1,4,0,0,0,0,0,0,0,0,0,0,Matches
279,Alexander Isak,se SWE,FW,eng Liverpool,26-027,1999,2,1,86,1,0,0,0,0,0,0,0,0,0.1,0.1,0.1,0.2,2,5,5,0,0,0,0,0,0.16,0.07,0.22,0.16,0.22,Matches
280,Ko Itakura,jp JPN,DF,nl Ajax,28-264,1997,2,2,173,1.9,0,0,0,0,0,0,1,0,0,0,0,0,1,8,0,0,0,0,0,0,0,0,0,0,0,Matches
281,Franjo Ivanović,hr CRO,"FW,MF",pt Benfica,22-017,2003,2,0,35,0.4,0,0,0,0,0,0,0,0,0.1,0.1,0,0.1,3,2,7,0,0,0,0,0,0.14,0.12,0.25,0.14,0.25,Matches
282,Nordin Jackers,be BEL,GK,be Club Brugge,28-043,1997,2,1,162,1.8,0,0,0,0,0,0,0,0,0,0,0,0,0,1,0,0,0,0,0,0,0,0,0,0,0,Matches
283,Nicolas Jackson,sn SEN,FW,de Bayern Munich,24-120,2001,2,1,91,1,1,1,2,1,0,0,0,0,1.2,1.2,0.3,1.6,4,9,7,0.99,0.99,1.98,0.99,1.98,1.22,0.33,1.55,1.22,1.55,Matches
284,Jajá,br BRA,"MF,FW",cy Pafos FC,24-186,2001,2,2,134,1.5,0,0,0,0,0,0,0,0,0.1,0.1,0,0.1,6,1,3,0,0,0,0,0,0.06,0,0.06,0.06,0.06,Matches
285,Ismail Jakobs,sn SEN,DF,tr Galatasaray,26-062,1999,2,1,114,1.3,0,0,0,0,0,0,1,0,0,0,0.2,0.2,1,2,7,0,0,0,0,0,0,0.13,0.13,0,0.13,Matches
286,Reece James,eng ENG,"MF,DF",eng Chelsea,25-314,1999,2,1,77,0.9,0,0,0,0,0,0,0,0,0,0,0,0,0,4,0,0,0,0,0,0,0.03,0,0.03,0.03,0.03,Matches
287,Marko Janković,me MNE,MF,az Qarabağ,30-101,1995,1,1,76,0.8,0,1,1,0,0,0,0,0,0.1,0.1,0,0.1,0,6,2,0,1.18,1.18,0,1.18,0.11,0.04,0.15,0.11,0.15,Matches
288,Vitezslav Jaros,cz CZE,GK,nl Ajax,24-087,2001,2,2,180,2,0,0,0,0,0,0,0,0,0,0,0,0,0,0,0,0,0,0,0,0,0,0,0,0,0,Matches
289,Mikel Jauregizar,es ESP,MF,es Athletic Club,21-340,2003,2,2,135,1.5,0,0,0,0,0,0,1,0,0,0,0,0,0,6,1,0,0,0,0,0,0.02,0,0.02,0.02,0.02,Matches
290,Luis Javier Suárez,co COL,FW,pt Sporting CP,27-320,1997,2,1,105,1.2,1,0,1,0,1,1,1,0,1.6,0.8,0.7,1.5,0,4,9,0.86,0,0.86,0,0,1.34,0.62,1.97,0.66,1.29,Matches
291,Juan Jesus,br BRA,DF,it Napoli,34-130,1991,2,1,126,1.4,0,0,0,0,0,0,0,0,0,0,0,0,1,3,1,0,0,0,0,0,0,0,0,0,0,Matches
292,João Pedro,br BRA,FW,eng Chelsea,24-022,2001,2,1,119,1.3,0,0,0,0,0,0,2,1,0,0,0,0,2,0,4,0,0,0,0,0,0,0.02,0.02,0,0.02,Matches
293,Joelinton,br BRA,MF,eng Newcastle Utd,29-065,1996,2,2,120,1.3,0,0,0,0,0,0,2,0,0.3,0.3,0.1,0.4,0,6,3,0,0,0,0,0,0.24,0.05,0.28,0.24,0.28,Matches
294,Brennan Johnson,wls WAL,FW,eng Tottenham,24-148,2001,2,1,73,0.8,0,0,0,0,0,0,0,0,0.1,0.1,0,0.1,0,3,5,0,0,0,0,0,0.1,0,0.1,0.1,0.1,Matches
295,Curtis Jones,eng ENG,MF,eng Liverpool,24-261,2001,1,1,90,1,0,0,0,0,0,0,1,0,0,0,0,0,1,5,4,0,0,0,0,0,0,0.03,0.03,0,0.03,Matches
296,Frenkie de Jong,nl NED,MF,es Barcelona,28-159,1997,2,2,180,2,0,0,0,0,0,0,2,0,0,0,0.1,0.1,4,13,2,0,0,0,0,0,0,0.06,0.06,0,0.06,Matches
297,Luiz Lúcio Reis Júnior,br BRA,GK,es Villarreal,24-277,2001,1,1,90,1,0,0,0,0,0,0,0,0,0,0,0,0,0,0,0,0,0,0,0,0,0,0,0,0,0,Matches
298,Mauro Júnior,br BRA,DF,nl PSV Eindhoven,26-165,1999,1,1,90,1,0,0,0,0,0,0,0,0,0,0,0,0,1,1,3,0,0,0,0,0,0,0,0,0,0,Matches
299,Vinicius Júnior,br BRA,FW,es Real Madrid,25-098,2000,2,1,97,1.1,0,0,0,0,0,0,0,0,0.5,0.5,0.5,1,8,3,22,0,0,0,0,0,0.42,0.49,0.92,0.42,0.92,Matches
300,Mathias Jørgensen,dk DEN,FW,no Bodø/Glimt,25-028,2000,1,1,45,0.5,0,0,0,0,0,0,0,0,0,0,0,0,0,0,1,0,0,0,0,0,0,0,0,0,0,Matches
301,Ayoub El Kaabi,ma MAR,FW,gr Olympiacos,32-114,1993,2,2,180,2,0,0,0,0,0,0,0,0,0.9,0.9,0,0.9,0,2,4,0,0,0,0,0,0.45,0.01,0.46,0.45,0.46,Matches
302,Sherhan Kalmurza,kz KAZ,GK,kz Qaırat Almaty,18-126,2007,2,2,180,2,0,0,0,0,0,0,0,0,0,0,0,0,0,0,0,0,0,0,0,0,0,0,0,0,0,Matches
303,Pierre Kalulu,fr FRA,DF,it Juventus,25-135,2000,2,2,180,2,0,1,1,0,0,0,0,0,0,0,0.2,0.2,2,13,4,0,0.5,0.5,0,0.5,0,0.1,0.1,0,0.1,Matches
304,Harry Kane,eng ENG,"FW,MF",de Bayern Munich,32-082,1993,2,2,152,1.7,4,0,4,3,1,1,0,0,1.8,1,1.3,2.3,3,6,7,2.37,0,2.37,1.78,1.78,1.06,0.75,1.81,0.59,1.34,Matches
305,Lee Kang-in,kr KOR,"MF,FW",fr Paris S-G,24-241,2001,2,0,47,0.5,0,0,0,0,0,0,0,0,0.1,0.1,0.2,0.3,1,3,1,0,0,0,0,0,0.19,0.32,0.5,0.19,0.5,Matches
306,Lennart Karl,de GER,FW,de Bayern Munich,17-238,2008,1,0,18,0.2,0,0,0,0,0,0,0,0,0.4,0.4,0,0.4,2,1,11,0,0,0,0,0,2.12,0,2.12,2.12,2.12,Matches
307,Damir Kasabulat,kz KAZ,MF,kz Qaırat Almaty,23-050,2002,2,2,164,1.8,0,0,0,0,0,0,0,0,0,0,0,0,0,6,0,0,0,0,0,0,0,0.01,0.01,0,0.01,Matches
308,Oleksii Kashchuk,ua UKR,FW,az Qarabağ,25-111,2000,2,1,83,0.9,1,0,1,1,0,0,0,0,0.2,0.2,0,0.2,1,0,4,1.08,0,1.08,1.08,1.08,0.26,0,0.26,0.26,0.26,Matches
309,Thilo Kehrer,de GER,DF,fr Monaco,29-027,1996,2,1,135,1.5,0,0,0,0,0,0,0,0,0,0,0,0,0,2,0,0,0,0,0,0,0.02,0,0.02,0.02,0.02,Matches
310,Lloyd Kelly,eng ENG,DF,it Juventus,27-012,1998,2,2,180,2,1,1,2,1,0,0,0,0,0.7,0.7,0.1,0.8,4,7,1,0.5,0.5,1,0.5,1,0.34,0.07,0.41,0.34,0.41,Matches
311,Milos Kerkez,hu HUN,DF,eng Liverpool,21-345,2003,2,1,95,1.1,0,0,0,0,0,0,0,0,0.3,0.3,0,0.3,0,2,4,0,0,0,0,0,0.24,0,0.24,0.24,0.24,Matches
312,Anan Khalaili,il ISR,DF,be Union SG,21-045,2004,2,2,167,1.9,0,0,0,0,0,0,0,0,0.1,0.1,0.2,0.3,4,6,9,0,0,0,0,0,0.05,0.09,0.14,0.05,0.14,Matches
313,Abdukodir Khusanov,uz UZB,DF,eng Manchester City,21-231,2004,1,1,90,1,0,0,0,0,0,0,0,0,0,0,0,0,0,3,6,0,0,0,0,0,0.01,0,0.01,0.01,0.01,Matches
314,Joshua Kimmich,de GER,MF,de Bayern Munich,30-252,1995,2,2,180,2,0,0,0,0,0,0,0,0,0.4,0.4,0.3,0.7,3,13,6,0,0,0,0,0,0.22,0.13,0.35,0.22,0.35,Matches
315,Davy Klaassen,nl NED,MF,nl Ajax,32-239,1993,2,2,180,2,0,0,0,0,0,0,0,0,0,0,0.1,0.1,1,5,5,0,0,0,0,0,0.01,0.04,0.06,0.01,0.06,Matches
316,Anders Klynge,dk DEN,DF,no Bodø/Glimt,25-004,2000,1,0,1,0,0,0,0,0,0,0,0,0,0,0,0,0,0,0,1,0,0,0,0,0,0,0,0,0,0,Matches
317,Ansgar Knauff,de GER,"FW,MF",de Eint Frankfurt,23-281,2002,2,2,180,2,1,1,2,1,0,0,0,0,0.7,0.7,0.4,1.1,8,2,18,0.5,0.5,1,0.5,1,0.34,0.22,0.56,0.34,0.56,Matches
318,Gregor Kobel,ch SUI,GK,de Dortmund,27-316,1997,2,2,180,2,0,0,0,0,0,0,0,0,0,0,0,0,0,0,0,0,0,0,0,0,0,0,0,0,0,Matches
319,Robin Koch,de GER,DF,de Eint Frankfurt,29-093,1996,2,2,169,1.9,0,0,0,0,0,0,0,0,0,0,0,0,0,4,0,0,0,0,0,0,0,0,0,0,0,Matches
320,Mateusz Kochalski,pl POL,GK,az Qarabağ,25-085,2000,2,2,180,2,0,0,0,0,0,0,0,0,0,0,0,0,0,0,0,0,0,0,0,0,0,0,0,0,0,Matches
321,Giorgi Kochorashvili,ge GEO,MF,pt Sporting CP,26-111,1999,1,1,60,0.7,0,1,1,0,0,0,1,0,0.1,0.1,0,0.1,0,5,3,0,1.5,1.5,0,1.5,0.11,0.05,0.16,0.11,0.16,Matches
322,Christian Kofane,cm CMR,FW,de Leverkusen,19-084,2006,2,1,82,0.9,1,0,1,1,0,0,0,0,0.5,0.5,0.1,0.5,3,1,2,1.1,0,1.1,1.1,1.1,0.5,0.06,0.56,0.5,0.56,Matches
323,Philipp Köhn,ch SUI,GK,fr Monaco,27-199,1998,2,2,180,2,0,0,0,0,0,0,0,0,0,0,0,0,0,0,0,0,0,0,0,0,0,0,0,0,0,Matches
324,Koke,es ESP,MF,es Atlético Madrid,33-283,1992,2,0,74,0.8,0,0,0,0,0,0,0,0,0.1,0.1,0,0.1,1,4,3,0,0,0,0,0,0.11,0.04,0.16,0.11,0.16,Matches
325,Randal Kolo Muani,fr FRA,FW,eng Tottenham,26-317,1998,1,0,14,0.2,0,0,0,0,0,0,1,0,0,0,0,0,0,0,1,0,0,0,0,0,0,0.32,0.32,0,0.32,Matches
326,Ibrahima Konaté,fr FRA,DF,eng Liverpool,26-146,1999,2,2,180,2,0,0,0,0,0,0,0,0,0.3,0.3,0,0.3,5,9,0,0,0,0,0,0,0.14,0,0.14,0.14,0.14,Matches
327,Geoffrey Kondogbia,cf CTA,MF,fr Marseille,32-245,1993,1,1,66,0.7,0,0,0,0,0,0,0,0,0,0,0,0.1,1,1,0,0,0,0,0,0,0.06,0.04,0.1,0.06,0.1,Matches
328,Teun Koopmeiners,nl NED,MF,it Juventus,27-232,1998,2,2,113,1.3,0,0,0,0,0,0,0,0,0.1,0.1,0.3,0.4,5,7,10,0,0,0,0,0,0.05,0.23,0.28,0.05,0.28,Matches
329,Odilon Kossounou,ci CIV,DF,it Atalanta,24-287,2001,2,2,142,1.6,0,0,0,0,0,0,0,0,0.1,0.1,0,0.2,4,4,4,0,0,0,0,0,0.09,0.02,0.11,0.09,0.11,Matches
330,Dominik Kotarski,hr CRO,GK,dk FC Copenhagen,25-250,2000,2,2,180,2,0,0,0,0,0,0,0,0,0,0,0,0,0,0,0,0,0,0,0,0,0,0,0,0,0,Matches
331,Jules Koundé,fr FRA,DF,es Barcelona,26-340,1998,2,2,180,2,0,1,1,0,0,0,0,0,0,0,0,0.1,2,5,5,0,0.5,0.5,0,0.5,0.02,0.02,0.04,0.02,0.04,Matches
332,Matej Kovar,cz CZE,GK,nl PSV Eindhoven,25-154,2000,2,2,180,2,0,0,0,0,0,0,0,0,0,0,0,0,0,0,0,0,0,0,0,0,0,0,0,0,0,Matches
333,Nikola Krstović,me MNE,FW,it Atalanta,25-196,2000,2,1,132,1.5,0,0,0,0,0,0,0,0,0.4,0.4,0,0.4,0,4,12,0,0,0,0,0,0.26,0.03,0.28,0.26,0.28,Matches
334,Mohammed Kudus,gh GHA,FW,eng Tottenham,25-077,2000,2,1,121,1.3,0,0,0,0,0,0,0,0,0.1,0.1,0.2,0.3,9,10,15,0,0,0,0,0,0.07,0.17,0.24,0.07,0.24,Matches
335,Lev Kurgin,kz KAZ,DF,kz Qaırat Almaty,23-134,2002,1,0,11,0.1,0,0,0,0,0,0,0,0,0,0,0,0,0,0,1,0,0,0,0,0,0,0,0,0,0,Matches
336,Vasil Kušej,cz CZE,FW,cz Slavia Prague,25-147,2000,2,2,134,1.5,0,0,0,0,0,0,0,0,0.4,0.4,0.1,0.5,3,6,9,0,0,0,0,0,0.25,0.08,0.33,0.25,0.33,Matches
337,Ahmed Kutucu,tr TUR,"FW,MF",tr Galatasaray,25-231,2000,1,0,24,0.3,0,0,0,0,0,0,0,0,0,0,0,0,0,2,4,0,0,0,0,0,0.04,0,0.04,0.04,0.04,Matches
338,Khvicha Kvaratskhelia,ge GEO,FW,fr Paris S-G,24-248,2001,1,1,74,0.8,1,0,1,1,0,0,0,0,0.1,0.1,0.2,0.2,3,4,3,1.22,0,1.22,1.22,1.22,0.07,0.23,0.3,0.07,0.3,Matches
339,Konrad Laimer,at AUT,DF,de Bayern Munich,28-144,1997,2,2,172,1.9,0,0,0,0,0,0,1,0,0.1,0.1,0.4,0.5,1,4,8,0,0,0,0,0,0.07,0.19,0.26,0.07,0.26,Matches
340,Noa Lang,nl NED,MF,it Napoli,26-123,1999,1,0,22,0.2,0,0,0,0,0,0,0,0,0,0,0,0,2,0,2,0,0,0,0,0,0,0,0,0,0,Matches
341,Bruno Langa,mz MOZ,DF,cy Pafos FC,27-352,1997,2,0,46,0.5,0,0,0,0,0,0,1,0,0,0,0,0,1,1,0,0,0,0,0,0,0,0,0,0,0,Matches
342,Aymeric Laporte,es ESP,DF,es Athletic Club,31-144,1994,1,0,45,0.5,0,0,0,0,0,0,0,0,0,0,0,0,0,0,0,0,0,0,0,0,0,0,0,0,0,Matches
343,Hugo Larsson,se SWE,MF,de Eint Frankfurt,21-113,2004,2,1,112,1.2,0,0,0,0,0,0,0,0,0,0,0,0,0,0,1,0,0,0,0,0,0,0,0,0,0,Matches
344,Jordan Larsson,se SWE,MF,dk FC Copenhagen,28-120,1997,2,2,168,1.9,1,0,1,1,0,0,0,0,0.7,0.7,0.7,1.4,6,10,9,0.54,0,0.54,0.54,0.54,0.35,0.38,0.73,0.35,0.73,Matches
345,Robin Le Normand,es ESP,DF,es Atlético Madrid,28-341,1996,2,2,180,2,1,0,1,1,0,0,1,0,0.4,0.4,0,0.4,0,4,0,0.5,0,0.5,0.5,0.5,0.21,0,0.21,0.21,0.21,Matches
346,Iñigo Lekue,es ESP,DF,es Athletic Club,32-167,1993,1,1,90,1,0,0,0,0,0,0,0,0,0,0,0.1,0.1,2,2,2,0,0,0,0,0,0,0.14,0.14,0,0.14,Matches
347,Mario Lemina,ga GAB,MF,tr Galatasaray,32-047,1993,2,2,144,1.6,0,0,0,0,0,0,1,0,0,0,0,0,0,2,0,0,0,0,0,0,0,0,0,0,0,Matches
348,Clément Lenglet,fr FRA,DF,es Atlético Madrid,30-123,1995,2,2,180,2,0,0,0,0,0,0,2,0,0,0,0,0,1,5,0,0,0,0,0,0,0.01,0.01,0.02,0.01,0.02,Matches
349,Lukas Lerager,dk DEN,MF,dk FC Copenhagen,32-098,1993,2,2,180,2,0,0,0,0,0,0,0,0,0.3,0.3,0.3,0.6,0,9,4,0,0,0,0,0,0.15,0.15,0.3,0.15,0.3,Matches
350,Robert Lewandowski,pl POL,FW,es Barcelona,37-058,1988,2,1,88,1,0,0,0,0,0,0,0,0,0.3,0.3,0.1,0.3,1,1,5,0,0,0,0,0,0.26,0.06,0.32,0.26,0.32,Matches
351,Rico Lewis,eng ENG,MF,eng Manchester City,20-331,2004,1,0,11,0.1,0,0,0,0,0,0,0,0,0,0,0,0,0,0,0,0,0,0,0,0,0,0,0,0,0,Matches
352,Myles Lewis-Skelly,eng ENG,DF,eng Arsenal,19-022,2006,1,1,90,1,0,0,0,0,0,0,0,0,0,0,0.3,0.3,2,3,0,0,0,0,0,0,0,0.25,0.25,0,0.25,Matches
353,Fedde Leysen,be BEL,DF,be Union SG,22-101,2003,2,2,180,2,0,0,0,0,0,0,0,0,0.1,0.1,0.1,0.2,0,7,0,0,0,0,0,0,0.07,0.05,0.12,0.07,0.12,Matches
354,Valentino Livramento,eng ENG,DF,eng Newcastle Utd,22-340,2002,1,1,90,1,0,0,0,0,0,0,0,0,0,0,0,0,2,9,2,0,0,0,0,0,0,0,0,0,0,Matches
355,Marcos Llorente,es ESP,"DF,MF",es Atlético Madrid,30-261,1995,2,2,180,2,2,0,2,2,0,0,0,0,0.2,0.2,0.3,0.5,8,8,11,1,0,1,1,1,0.09,0.15,0.24,0.09,0.24,Matches
356,Stanislav Lobotka,sk SVK,MF,it Napoli,30-327,1994,2,2,161,1.8,0,0,0,0,0,0,0,0,0,0,0,0,0,3,0,0,0,0,0,0,0,0,0,0,0,Matches
357,Manuel Locatelli,it ITA,MF,it Juventus,27-283,1998,2,1,112,1.2,0,0,0,0,0,0,0,0,0.1,0.1,0,0.1,1,11,1,0,0,0,0,0,0.04,0,0.04,0.04,0.04,Matches
358,Ademola Lookman,ng NGA,FW,it Atalanta,27-363,1997,1,1,60,0.7,0,0,0,0,0,0,0,0,0.1,0.1,0.1,0.1,7,2,7,0,0,0,0,0,0.09,0.13,0.22,0.09,0.22,Matches
359,Fermin López,es ESP,"MF,FW",es Barcelona,22-160,2003,1,1,89,1,0,0,0,0,0,0,1,0,0.2,0.2,0.1,0.2,1,3,7,0,0,0,0,0,0.19,0.05,0.24,0.19,0.24,Matches
360,Marcos López,pe PER,"DF,MF",dk FC Copenhagen,25-332,1999,2,2,180,2,0,0,0,0,0,0,2,0,0.1,0.1,0.3,0.3,2,11,3,0,0,0,0,0,0.04,0.13,0.16,0.04,0.16,Matches
361,Lorenzo Lucca,it ITA,FW,it Napoli,25-038,2000,1,0,1,0,0,0,0,0,0,0,0,0,0,0,0,0,0,0,0,0,0,0,0,0,0,0,0,0,0,Matches
362,Derrick Luckassen,nl NED,DF,cy Pafos FC,30-107,1995,2,2,180,2,0,0,0,0,0,0,0,0,0,0,0,0,1,3,0,0,0,0,0,0,0,0,0,0,0,Matches
363,David Luiz,br BRA,DF,cy Pafos FC,38-179,1987,2,2,90,1,0,0,0,0,0,0,0,0,0,0,0,0,0,0,0,0,0,0,0,0,0,0,0,0,0,Matches
364,Dodi Lukebakio,be BEL,FW,pt Benfica,28-024,1997,1,1,76,0.8,0,0,0,0,0,0,0,0,0.2,0.2,0.2,0.3,4,1,4,0,0,0,0,0,0.18,0.19,0.37,0.18,0.37,Matches
365,Odin Lurås Bjørtuft,no NOR,DF,no Bodø/Glimt,26-303,1998,2,2,180,2,0,0,0,0,0,0,1,0,0,0,0,0,2,10,0,0,0,0,0,0,0.02,0,0.02,0.02,0.02,Matches
366,Alexis Mac Allister,ar ARG,MF,eng Liverpool,26-298,1998,2,0,56,0.6,0,0,0,0,0,0,0,0,0.1,0.1,0,0.1,0,6,2,0,0,0,0,0,0.12,0,0.12,0.12,0.12,Matches
367,Kevin Mac Allister,ar ARG,DF,be Union SG,27-345,1997,2,2,156,1.7,1,0,1,1,0,0,1,0,1,1,0,1.1,0,1,0,0.58,0,0.58,0.58,0.58,0.6,0.01,0.61,0.6,0.61,Matches
368,Noni Madueke,eng ENG,FW,eng Arsenal,23-222,2002,1,1,89,1,0,0,0,0,0,0,1,0,0.1,0.1,0,0.1,8,2,14,0,0,0,0,0,0.09,0,0.09,0.09,0.09,Matches
369,Gabriel Magalhães,br BRA,DF,eng Arsenal,27-303,1997,2,2,164,1.8,0,0,0,0,0,0,1,0,0,0,0,0,0,2,0,0,0,0,0,0,0,0,0,0,0,Matches
370,Daniel Maldini,it ITA,FW,it Atalanta,24-007,2001,1,1,45,0.5,0,0,0,0,0,0,0,0,0,0,0,0,1,0,0,0,0,0,0,0,0,0,0,0,0,Matches
371,Giorgi Mamardashvili,ge GEO,GK,eng Liverpool,25-019,2000,1,0,35,0.4,0,0,0,0,0,0,0,0,0,0,0,0,0,0,0,0,0,0,0,0,0,0,0,0,0,Matches
372,Dennis Man,ro ROU,"MF,FW",nl PSV Eindhoven,27-053,1998,2,1,83,0.9,0,0,0,0,0,0,0,0,0,0,0.1,0.1,7,3,3,0,0,0,0,0,0,0.12,0.12,0,0.12,Matches
373,Rafa Marín,es ESP,DF,es Villarreal,23-152,2002,1,1,90,1,0,0,0,0,0,0,0,0,0,0,0.2,0.2,0,2,0,0,0,0,0,0,0.01,0.21,0.23,0.01,0.23,Matches
374,João Mário Lopes,pt POR,DF,it Juventus,25-288,2000,2,0,107,1.2,0,1,1,0,0,0,0,0,0,0,0.2,0.2,1,3,16,0,0.84,0.84,0,0.84,0,0.13,0.13,0,0.13,Matches
375,Camilo Marques,co COL,FW,az Qarabağ,23-250,2002,2,2,166,1.8,1,1,2,1,0,0,0,0,1.1,1.1,0.2,1.3,3,2,7,0.54,0.54,1.08,0.54,1.08,0.6,0.09,0.68,0.6,0.68,Matches
376,Marquinhos,br BRA,DF,fr Paris S-G,31-157,1994,1,1,90,1,1,0,1,1,0,0,0,0,0.4,0.4,0.5,0.9,0,1,1,1,0,1,1,1,0.36,0.53,0.89,0.36,0.89,Matches
377,Carlos Martín,es ESP,FW,es Atlético Madrid,23-179,2002,1,0,1,0,0,0,0,0,0,0,0,0,0,0,0,0,0,0,0,0,0,0,0,0,0,0,0,0,0,Matches
378,Gerard Martín,es ESP,DF,es Barcelona,23-290,2002,2,2,151,1.7,0,0,0,0,0,0,1,0,0,0,0,0,0,4,5,0,0,0,0,0,0,0.01,0.01,0,0.01,Matches
379,Gabriel Martinelli,br BRA,FW,eng Arsenal,24-122,2001,2,1,92,1,2,1,3,2,0,0,0,0,1.8,1.8,0.2,2,3,1,12,1.96,0.98,2.93,1.96,2.93,1.72,0.24,1.96,1.72,1.96,Matches
380,Lautaro Martínez,ar ARG,FW,it Inter,28-057,1997,1,1,66,0.7,2,0,2,2,0,0,1,0,2.1,2.1,0.4,2.5,0,2,1,2.73,0,2.73,2.73,2.73,2.89,0.49,3.38,2.89,3.38,Matches
381,Gelson Martins,pt POR,FW,gr Olympiacos,30-160,1995,1,1,61,0.7,0,0,0,0,0,0,0,0,0,0,0.1,0.1,1,1,7,0,0,0,0,0,0.03,0.14,0.17,0.03,0.17,Matches
382,Alyaksandr Martynovich,by BLR,DF,kz Qaırat Almaty,38-053,1987,2,2,180,2,0,0,0,0,0,0,0,0,0,0,0,0,1,4,0,0,0,0,0,0,0,0.01,0.01,0,0.01,Matches
383,Franco Mastantuono,ar ARG,FW,es Real Madrid,18-065,2007,2,2,131,1.5,0,0,0,0,0,0,0,0,1,1,0.1,1,4,8,13,0,0,0,0,0,0.67,0.04,0.7,0.67,0.7,Matches
384,Luís Mata,pt POR,DF,kz Qaırat Almaty,28-104,1997,2,2,169,1.9,0,0,0,0,0,0,0,0,0.1,0.1,0.1,0.2,3,1,9,0,0,0,0,0,0.03,0.05,0.08,0.03,0.08,Matches
385,Pape Matar Sarr,sn SEN,MF,eng Tottenham,23-034,2002,2,2,136,1.5,0,0,0,0,0,0,0,0,0,0,0,0,0,3,4,0,0,0,0,0,0.03,0,0.03,0.03,0.03,Matches
386,Jean Mattéo Bahoya,fr FRA,"DF,FW",de Eint Frankfurt,20-164,2005,2,0,39,0.4,0,0,0,0,0,0,0,0,0,0,0,0,5,0,2,0,0,0,0,0,0,0,0,0,0,Matches
387,Christian Mawissa,fr FRA,DF,fr Monaco,20-183,2005,1,1,77,0.9,0,0,0,0,0,0,1,0,0,0,0,0,2,0,2,0,0,0,0,0,0,0,0,0,0,Matches
388,Senny Mayulu,fr FRA,FW,fr Paris S-G,19-154,2006,2,2,133,1.5,1,0,1,1,0,0,0,0,0.6,0.6,0,0.6,5,5,6,0.68,0,0.68,0.68,0.68,0.39,0.03,0.41,0.39,0.41,Matches
389,Ibrahim Maza,dz ALG,"MF,FW",de Leverkusen,19-328,2005,2,0,51,0.6,0,0,0,0,0,0,0,0,0.1,0.1,0.1,0.2,0,3,5,0,0,0,0,0,0.09,0.25,0.34,0.09,0.34,Matches
390,Kylian Mbappé,fr FRA,FW,es Real Madrid,26-302,1998,2,2,170,1.9,5,0,5,2,3,3,0,0,4.2,1.9,1.3,3.2,7,17,26,2.65,0,2.65,1.06,1.06,2.23,0.67,2.9,1.02,1.69,Matches
391,Ibrahim Mbaye,fr FRA,FW,fr Paris S-G,17-267,2008,2,1,80,0.9,0,0,0,0,0,0,0,0,0.1,0.1,0,0.1,3,0,8,0,0,0,0,0,0.13,0,0.13,0.13,0.13,Matches
392,Youssoupha Mbodji,sn SEN,DF,cz Slavia Prague,21-282,2004,2,1,118,1.3,2,0,2,2,0,0,1,0,1.2,1.2,0,1.2,0,0,0,1.53,0,1.53,1.53,1.53,0.95,0,0.95,0.95,0.95,Matches
393,James McConnell,eng ENG,MF,nl Ajax,21-035,2004,1,0,28,0.3,0,0,0,0,0,0,0,0,0,0,0,0,0,4,0,0,0,0,0,0,0,0,0,0,0,Matches
394,Weston McKennie,us USA,"MF,DF",it Juventus,27-051,1998,2,2,148,1.6,0,0,0,0,0,0,0,0,0.1,0.1,0,0.2,3,14,4,0,0,0,0,0,0.09,0.01,0.1,0.09,0.1,Matches
395,Scott McTominay,sct SCO,MF,it Napoli,28-314,1996,2,2,158,1.8,0,0,0,0,0,0,0,0,0,0,0.1,0.1,2,2,5,0,0,0,0,0,0.02,0.03,0.05,0.02,0.05,Matches
396,Brandon Mechele,be BEL,DF,be Club Brugge,32-263,1993,2,2,180,2,0,0,0,0,0,0,0,0,0,0,0,0,0,4,3,0,0,0,0,0,0,0,0,0,0,Matches
397,Facundo Medina,ar ARG,DF,fr Marseille,26-143,1999,2,2,125,1.4,0,0,0,0,0,0,1,0,0,0,0,0,0,4,0,0,0,0,0,0,0,0,0,0,0,Matches
398,Kevin Medina,co COL,DF,az Qarabağ,32-223,1993,2,2,180,2,0,0,0,0,0,0,0,0,0,0,0,0,0,2,0,0,0,0,0,0,0,0,0,0,0,Matches
399,Bjorn Meijer,nl NED,DF,be Club Brugge,22-214,2003,2,1,63,0.7,0,0,0,0,0,0,0,0,0,0,0,0,2,1,2,0,0,0,0,0,0,0,0,0,0,Matches
400,Nuno Mendes,pt POR,"DF,FW",fr Paris S-G,23-121,2002,2,2,164,1.8,1,1,2,1,0,0,1,0,0.6,0.6,1,1.6,5,14,5,0.55,0.55,1.1,0.55,1.1,0.34,0.55,0.89,0.34,0.89,Matches
401,Mikel Merino,es ESP,MF,eng Arsenal,29-118,1996,2,2,147,1.6,0,0,0,0,0,0,0,0,0.1,0.1,0.2,0.3,0,13,5,0,0,0,0,0,0.04,0.14,0.17,0.04,0.17,Matches
402,Neofytos Michael,cy CYP,GK,cy Pafos FC,31-306,1993,2,2,180,2,0,0,0,0,0,0,0,0,0,0,0,0,0,0,0,0,0,0,0,0,0,0,0,0,0,Matches
403,Simon Mignolet,be BEL,GK,be Club Brugge,37-226,1988,1,1,18,0.2,0,0,0,0,0,0,1,0,0,0,0,0,0,0,0,0,0,0,0,0,0,0,0,0,0,Matches
404,Georges Mikautadze,ge GEO,FW,es Villarreal,24-352,2000,2,2,165,1.8,1,0,1,1,0,0,0,0,0.3,0.3,0.1,0.4,0,4,4,0.55,0,0.55,0.55,0.55,0.19,0.04,0.22,0.19,0.22,Matches
405,Lewis Miley,eng ENG,MF,eng Newcastle Utd,19-170,2006,1,0,32,0.4,0,0,0,0,0,0,0,0,0,0,0,0,0,2,0,0,0,0,0,0,0,0,0,0,0,Matches
406,Vanja Milinković-Savić,rs SRB,GK,it Napoli,28-240,1997,2,2,180,2,0,0,0,0,0,0,0,0,0,0,0,0,0,0,0,0,0,0,0,0,0,0,0,0,0,Matches
407,Éder Militão,br BRA,DF,es Real Madrid,27-273,1998,1,1,90,1,0,0,0,0,0,0,1,0,0,0,0,0,0,3,1,0,0,0,0,0,0,0,0,0,0,Matches
408,Kim Min-jae,kr KOR,DF,de Bayern Munich,28-337,1996,2,1,135,1.5,0,0,0,0,0,0,0,0,0,0,0,0,0,3,0,0,0,0,0,0,0,0,0,0,0,Matches
409,Takumi Minamino,jp JPN,MF,fr Monaco,30-275,1995,1,1,90,1,0,1,1,0,0,0,0,0,0.1,0.1,0.1,0.3,4,8,4,0,1,1,0,1,0.14,0.13,0.26,0.14,0.26,Matches
410,Henrikh Mkhitaryan,am ARM,MF,it Inter,36-270,1989,1,1,68,0.8,0,0,0,0,0,0,1,0,0,0,0,0,0,1,3,0,0,0,0,0,0,0,0,0,0,Matches
411,Jorthy Mokio,be BEL,MF,nl Ajax,17-231,2008,1,0,68,0.8,0,0,0,0,0,0,0,0,0,0,0,0,0,2,1,0,0,0,0,0,0.03,0.04,0.07,0.03,0.07,Matches
412,Alberto Moleiro,es ESP,MF,es Villarreal,22-018,2003,2,0,36,0.4,0,0,0,0,0,0,0,0,0,0,0,0,0,2,1,0,0,0,0,0,0.08,0,0.08,0.08,0.08,Matches
413,Nahuel Molina,ar ARG,DF,es Atlético Madrid,27-195,1998,2,0,46,0.5,0,0,0,0,0,0,0,0,0,0,0,0,1,4,3,0,0,0,0,0,0,0,0,0,0,Matches
414,Hidemasa Morita,jp JPN,MF,pt Sporting CP,30-161,1995,2,0,43,0.5,0,1,1,0,0,0,0,0,0,0,0.2,0.2,0,5,2,0,2.09,2.09,0,2.09,0,0.46,0.46,0,0.46,Matches
415,Raúl Moro,es ESP,FW,nl Ajax,22-317,2002,2,0,22,0.2,0,0,0,0,0,0,0,0,0.2,0.2,0.1,0.2,3,4,5,0,0,0,0,0,0.64,0.25,0.9,0.64,0.9,Matches
416,Cristhian Mosquera,es ESP,DF,eng Arsenal,21-113,2004,2,1,106,1.2,0,0,0,0,0,0,0,0,0,0,0,0,0,2,0,0,0,0,0,0,0,0,0,0,0,Matches
417,Youssoufa Moukoko,de GER,FW,dk FC Copenhagen,20-332,2004,2,2,113,1.3,0,0,0,0,0,0,0,0,0.6,0.6,0,0.6,0,0,6,0,0,0,0,0,0.52,0,0.52,0.52,0.52,Matches
418,Santiago Mouriño,uy URU,DF,es Villarreal,23-247,2002,2,2,180,2,0,0,0,0,0,0,1,0,0,0,0,0,0,6,1,0,0,0,0,0,0,0.01,0.01,0,0.01,Matches
419,Christos Mouzakitis,gr GRE,MF,gr Olympiacos,18-297,2006,2,0,50,0.6,0,0,0,0,0,0,0,0,0.1,0.1,0.2,0.3,2,11,1,0,0,0,0,0,0.15,0.37,0.52,0.15,0.52,Matches
420,Alexandr Mrynskiy,kz KAZ,"FW,MF",kz Qaırat Almaty,21-095,2004,2,2,170,1.9,0,0,0,0,0,0,0,0,0.1,0.1,0,0.1,5,1,6,0,0,0,0,0,0.07,0,0.07,0.07,0.07,Matches
421,Jacob Murphy,eng ENG,"DF,FW",eng Newcastle Utd,30-236,1995,1,0,28,0.3,0,1,1,0,0,0,0,0,0,0,0.3,0.3,1,1,3,0,3.21,3.21,0,3.21,0,0.98,0.98,0,0.98,Matches
422,Yunus Musah,us USA,MF,it Atalanta,22-323,2002,2,1,112,1.2,0,1,1,0,0,0,2,0,0.6,0.6,0.5,1.1,0,2,0,0,0.8,0.8,0,0.8,0.48,0.38,0.87,0.48,0.87,Matches
423,Bəhlul Mustafazadə,az AZE,DF,az Qarabağ,28-233,1997,2,2,180,2,0,0,0,0,0,0,0,0,0,0,0,0,0,2,0,0,0,0,0,0,0,0,0,0,0,Matches
424,Bilal Nadir,ma MAR,MF,fr Marseille,21-324,2003,1,1,45,0.5,0,0,0,0,0,0,0,0,0,0,0,0,1,0,0,0,0,0,0,0,0,0,0,0,0,Matches
425,Roberto Navarro,es ESP,"FW,MF",es Athletic Club,23-189,2002,2,2,150,1.7,0,0,0,0,0,0,0,0,0.3,0.3,0,0.3,6,4,8,0,0,0,0,0,0.16,0,0.16,0.16,0.16,Matches
426,Quentin Ndjantou Mbitcha,fr FRA,MF,fr Paris S-G,18-087,2007,1,0,11,0.1,0,0,0,0,0,0,0,0,0,0,0.1,0.1,1,0,4,0,0,0,0,0,0.25,0.79,1.04,0.25,1.04,Matches
427,David Neres,br BRA,"MF,FW",it Napoli,28-229,1997,2,0,41,0.5,0,0,0,0,0,0,0,0,0,0,0,0,1,1,2,0,0,0,0,0,0,0,0,0,0,Matches
428,Pedro Neto,pt POR,FW,eng Chelsea,25-223,2000,2,2,157,1.7,0,0,0,0,0,0,0,0,0.1,0.1,0.1,0.2,9,2,17,0,0,0,0,0,0.06,0.07,0.13,0.06,0.13,Matches
429,Manuel Neuer,de GER,GK,de Bayern Munich,39-205,1986,2,2,180,2,0,0,0,0,0,0,0,0,0,0,0,0,0,1,0,0,0,0,0,0,0,0,0,0,0,Matches
430,João Neves,pt POR,MF,fr Paris S-G,21-021,2004,1,1,57,0.6,0,0,0,0,0,0,0,0,0,0,0,0,1,1,1,0,0,0,0,0,0.04,0,0.04,0.04,0.04,Matches
431,Rio Ngumoha,eng ENG,FW,eng Liverpool,17-050,2008,1,0,17,0.2,0,0,0,0,0,0,0,0,0,0,0,0,3,0,5,0,0,0,0,0,0,0.14,0.14,0,0.14,Matches
432,Ousseynou Niang,sn SEN,DF,be Union SG,24-006,2001,2,2,180,2,0,0,0,0,0,0,0,0,0.1,0.1,0,0.2,8,4,14,0,0,0,0,0,0.06,0.02,0.09,0.06,0.09,Matches
433,Villads Nielsen,dk DEN,DF,no Bodø/Glimt,20-262,2005,1,0,6,0.1,0,0,0,0,0,0,0,0,0,0,0,0,0,1,0,0,0,0,0,0,0,0,0,0,0,Matches
434,Felix Nmecha,de GER,MF,de Dortmund,25-008,2000,2,1,92,1,1,0,1,1,0,0,0,0,0,0,0.2,0.2,1,5,3,0.98,0,0.98,0.98,0.98,0.05,0.16,0.21,0.05,0.21,Matches
435,Matheus Nunes,pt POR,DF,eng Manchester City,27-052,1998,1,0,18,0.2,0,0,0,0,0,0,0,0,0,0,0,0,0,1,2,0,0,0,0,0,0,0,0,0,0,Matches
436,Christian Nørgaard,dk DEN,MF,eng Arsenal,31-222,1994,1,0,1,0,0,0,0,0,0,0,0,0,0,0,0,0,1,0,0,0,0,0,0,0,0,0,0,0,0,Matches
437,Matt O'Riley,dk DEN,MF,fr Marseille,24-331,2000,2,2,126,1.4,0,0,0,0,0,0,0,0,0,0,0.1,0.1,0,5,3,0,0,0,0,0,0.02,0.06,0.08,0.02,0.08,Matches
438,Armando Obispo,cw CUW,DF,nl PSV Eindhoven,26-227,1999,2,2,110,1.2,0,0,0,0,0,0,0,0,0,0,0,0,0,0,0,0,0,0,0,0,0,0,0,0,0,Matches
439,Jan Oblak,si SVN,GK,es Atlético Madrid,32-284,1993,2,2,180,2,0,0,0,0,0,0,0,0,0,0,0,0,0,0,0,0,0,0,0,0,0,0,0,0,0,Matches
440,Wilson Odobert,fr FRA,FW,eng Tottenham,20-324,2004,1,1,90,1,0,0,0,0,0,0,0,0,0.2,0.2,0,0.2,3,3,5,0,0,0,0,0,0.23,0,0.23,0.23,0.23,Matches
441,Michael Olise,fr FRA,FW,de Bayern Munich,23-310,2001,2,2,162,1.8,1,2,3,1,0,0,1,0,1.3,1.3,0.7,2,15,14,24,0.56,1.11,1.67,0.56,1.67,0.7,0.4,1.1,0.7,1.1,Matches
442,Lucas Oliveira Rosa,br BRA,DF,nl Ajax,25-198,2000,1,1,90,1,0,0,0,0,0,0,1,0,0,0,0,0,2,1,2,0,0,0,0,0,0,0.04,0.04,0,0.04,Matches
443,Mathías Olivera,uy URU,DF,it Napoli,27-352,1997,2,0,75,0.8,0,0,0,0,0,0,0,0,0,0,0,0,1,1,1,0,0,0,0,0,0,0,0,0,0,Matches
444,Dani Olmo,es ESP,MF,es Barcelona,27-164,1998,2,1,80,0.9,0,0,0,0,0,0,1,0,0.3,0.3,0,0.3,2,1,3,0,0,0,0,0,0.34,0,0.34,0.34,0.34,Matches
445,Tani Oluwaseyi,ca CAN,FW,es Villarreal,25-156,2000,1,0,27,0.3,0,0,0,0,0,0,0,0,0.3,0.3,0.1,0.4,0,0,1,0,0,0,0,0,0.96,0.23,1.18,0.96,1.18,Matches
446,Raphael Onyedika,ng NGA,MF,be Club Brugge,24-182,2001,1,1,80,0.9,1,0,1,1,0,0,0,0,0.2,0.2,0,0.3,0,4,1,1.13,0,1.13,1.13,1.13,0.28,0.02,0.3,0.28,0.3,Matches
447,Loïs Openda,be BEL,"FW,MF",it Juventus,25-244,2000,1,1,68,0.8,0,0,0,0,0,0,0,0,0.1,0.1,0.1,0.2,1,0,6,0,0,0,0,0,0.08,0.19,0.28,0.08,0.28,Matches
448,Joel Ordóñez,ec ECU,DF,be Club Brugge,21-180,2004,2,2,167,1.9,0,0,0,0,0,0,0,0,0.1,0.1,0,0.1,0,1,0,0,0,0,0,0,0.08,0,0.08,0.08,0.08,Matches
449,Mislav Oršić,hr CRO,"FW,MF",cy Pafos FC,32-293,1992,2,1,148,1.6,1,0,1,1,0,0,1,0,0.1,0.1,0.2,0.2,0,3,2,0.61,0,0.61,0.61,0.61,0.04,0.1,0.15,0.04,0.15,Matches
450,Francisco Ortega,ar ARG,DF,gr Olympiacos,26-213,1999,2,2,180,2,0,0,0,0,0,0,0,0,0,0,0.3,0.3,1,16,11,0,0,0,0,0,0.01,0.13,0.14,0.01,0.14,Matches
451,Victor Osimhen,ng NGA,FW,tr Galatasaray,26-293,1998,1,1,71,0.8,1,0,1,0,1,1,0,0,1,0.3,0,0.3,4,0,1,1.27,0,1.27,0,0,1.32,0.04,1.36,0.32,0.36,Matches
452,William Osula,dk DEN,FW,eng Newcastle Utd,22-075,2003,1,0,18,0.2,0,1,1,0,0,0,0,0,0,0,0.2,0.3,1,1,1,0,5,5,0,5,0.25,1.16,1.41,0.25,1.41,Matches
453,Nicolás Otamendi,ar ARG,DF,pt Benfica,37-248,1988,2,2,180,2,0,0,0,0,0,0,1,0,0.1,0.1,0,0.1,3,10,1,0,0,0,0,0,0.04,0,0.04,0.04,0.04,Matches
454,Kassoum Ouattara,fr FRA,DF,fr Monaco,21-004,2004,2,0,82,0.9,0,0,0,0,0,0,0,0,0,0,0,0,0,3,6,0,0,0,0,0,0,0,0,0,0,Matches
455,Nico O’Reilly,eng ENG,DF,eng Manchester City,20-211,2005,2,2,180,2,0,1,1,0,0,0,0,0,0.1,0.1,0.1,0.3,7,11,14,0,0.5,0.5,0,0.5,0.07,0.07,0.14,0.07,0.14,Matches
456,Willian Pacho,ec ECU,DF,fr Paris S-G,24-002,2001,2,2,180,2,0,0,0,0,0,0,0,0,0,0,0.2,0.2,0,4,0,0,0,0,0,0,0,0.11,0.11,0,0.11,Matches
457,Igor Paixão,br BRA,"FW,MF",fr Marseille,25-112,2000,2,1,86,1,2,1,3,2,0,0,0,0,0.3,0.3,0.4,0.7,6,2,10,2.09,1.05,3.14,2.09,3.14,0.27,0.46,0.73,0.27,0.73,Matches
458,João Palhinha,pt POR,MF,eng Tottenham,30-101,1995,2,0,44,0.5,0,0,0,0,0,0,0,0,0,0,0,0,0,0,0,0,0,0,0,0,0.1,0,0.1,0.1,0.1,Matches
459,Cole Palmer,eng ENG,FW,eng Chelsea,23-165,2002,1,1,90,1,1,0,1,1,0,0,0,0,0.3,0.3,0.3,0.6,5,6,2,1,0,1,1,1,0.27,0.33,0.6,0.27,0.6,Matches
460,Emerson Palmieri,it ITA,DF,fr Marseille,31-076,1994,2,2,167,1.9,0,0,0,0,0,0,0,0,0,0,0,0,5,4,2,0,0,0,0,0,0,0.02,0.02,0,0.02,Matches
461,Aitor Paredes,es ESP,DF,es Athletic Club,25-172,2000,2,2,180,2,0,0,0,0,0,0,1,0,0,0,0,0,3,8,0,0,0,0,0,0,0,0,0,0,0,Matches
462,Daniel Parejo,es ESP,MF,es Villarreal,36-185,1989,2,1,76,0.8,0,0,0,0,0,0,0,0,0.1,0.1,0,0.1,0,3,1,0,0,0,0,0,0.15,0,0.15,0.15,0.15,Matches
463,Thomas Partey,gh GHA,MF,es Villarreal,32-127,1993,1,0,13,0.1,0,0,0,0,0,0,0,0,0,0,0,0,1,2,1,0,0,0,0,0,0,0.23,0.23,0,0.23,Matches
464,Mario Pašalić,hr CRO,MF,it Atalanta,30-251,1995,2,2,180,2,1,0,1,1,0,0,0,0,1.1,1.1,0.1,1.2,1,8,2,0.5,0,0.5,0.5,0.5,0.55,0.03,0.58,0.55,0.58,Matches
465,Alexandros Paschalakis,gr GRE,GK,gr Olympiacos,36-082,1989,1,1,90,1,0,0,0,0,0,0,0,0,0,0,0,0,0,0,0,0,0,0,0,0,0,0,0,0,0,Matches
466,Louis Patris,be BEL,DF,be Union SG,24-133,2001,1,0,13,0.1,0,0,0,0,0,0,0,0,0,0,0,0,0,1,3,0,0,0,0,0,0,0.29,0.29,0,0.29,Matches
467,Benjamin Pavard,fr FRA,DF,fr Marseille,29-204,1996,2,2,177,2,0,0,0,0,0,0,1,0,0,0,0,0,2,5,0,0,0,0,0,0,0,0,0,0,0,Matches
468,Vangelis Pavlidis,gr GRE,FW,pt Benfica,26-331,1998,2,2,168,1.9,1,0,1,1,0,0,0,0,0.8,0.8,0.2,0.9,3,7,4,0.54,0,0.54,0.54,0.54,0.41,0.08,0.49,0.41,0.49,Matches
469,Aleksandar Pavlovic,de GER,MF,de Bayern Munich,21-168,2004,2,2,153,1.7,0,0,0,0,0,0,0,0,0.1,0.1,0,0.1,4,18,4,0,0,0,0,0,0.05,0.02,0.07,0.05,0.07,Matches
470,Alfonso Pedraza,es ESP,DF,es Villarreal,29-192,1996,2,1,91,1,0,0,0,0,0,0,0,0,0.1,0.1,0.2,0.3,1,2,7,0,0,0,0,0,0.09,0.17,0.26,0.09,0.26,Matches
471,Pedri,es ESP,MF,es Barcelona,22-327,2002,2,2,168,1.9,0,0,0,0,0,0,0,0,0,0,0.2,0.2,3,12,2,0,0,0,0,0,0,0.09,0.09,0,0.09,Matches
472,Nicolas Pépé,ci CIV,"FW,MF",es Villarreal,30-142,1995,2,2,180,2,0,1,1,0,0,0,0,0,0.3,0.3,0.6,0.9,11,4,14,0,0.5,0.5,0,0.5,0.17,0.29,0.46,0.17,0.46,Matches
473,Ricardo Pepi,us USA,FW,nl PSV Eindhoven,22-282,2003,1,1,73,0.8,0,0,0,0,0,0,0,0,0.3,0.3,0.1,0.3,0,0,2,0,0,0,0,0,0.34,0.06,0.4,0.34,0.4,Matches
474,Gabriel Pereira,br BRA,DF,dk FC Copenhagen,25-164,2000,2,2,180,2,0,0,0,0,0,0,0,0,0.2,0.2,0,0.2,0,6,1,0,0,0,0,0,0.08,0,0.08,0.08,0.08,Matches
475,Ayoze Pérez,es ESP,FW,es Villarreal,32-081,1993,1,1,74,0.8,0,0,0,0,0,0,0,0,0,0,0,0,4,2,2,0,0,0,0,0,0,0,0,0,0,Matches
476,Mattia Perin,it ITA,GK,it Juventus,32-342,1992,1,1,90,1,0,0,0,0,0,0,0,0,0,0,0,0,0,0,0,0,0,0,0,0,0,0,0,0,0,Matches
477,Ivan Perišić,hr CRO,"MF,FW",nl PSV Eindhoven,36-258,1989,2,2,162,1.8,0,0,0,0,0,0,0,0,0.1,0.1,0.1,0.2,2,10,16,0,0,0,0,0,0.06,0.06,0.12,0.06,0.12,Matches
478,Jens Petter Hauge,no NOR,FW,no Bodø/Glimt,26-006,1999,2,2,180,2,2,0,2,2,0,0,0,0,0.5,0.5,0.6,1.1,12,18,19,1,0,1,1,1,0.25,0.31,0.56,0.25,0.56,Matches
479,Kostas Pileas,cy CYP,DF,cy Pafos FC,26-311,1998,2,1,136,1.5,0,0,0,0,0,0,0,0,0,0,0,0,0,2,1,0,0,0,0,0,0,0,0,0,0,Matches
480,Lorenzo Pirola,it ITA,DF,gr Olympiacos,23-240,2002,2,2,164,1.8,0,0,0,0,0,0,1,0,0,0,0,0,1,5,0,0,0,0,0,0,0,0.01,0.01,0,0.01,Matches
481,Stavros Pnevmonidis,gr GRE,MF,gr Olympiacos,19-072,2006,1,0,16,0.2,0,0,0,0,0,0,0,0,0,0,0,0,0,0,1,0,0,0,0,0,0.06,0,0.06,0.06,0.06,Matches
482,Daniel Podence,pt POR,"FW,MF",gr Olympiacos,29-362,1995,2,2,180,2,0,0,0,0,0,0,0,0,0.3,0.3,0.3,0.6,4,11,30,0,0,0,0,0,0.15,0.17,0.32,0.15,0.32,Matches
483,Ernest Poku,nl NED,"MF,FW",de Leverkusen,21-263,2004,2,1,96,1.1,0,0,0,0,0,0,0,0,0.1,0.1,0.1,0.2,8,2,15,0,0,0,0,0,0.11,0.12,0.23,0.11,0.23,Matches
484,Matteo Politano,it ITA,"MF,DF",it Napoli,32-076,1993,2,2,122,1.4,0,0,0,0,0,0,1,0,0.1,0.1,0.2,0.3,6,4,9,0,0,0,0,0,0.06,0.17,0.23,0.06,0.23,Matches
485,Nick Pope,eng ENG,GK,eng Newcastle Utd,33-182,1992,2,2,180,2,0,0,0,0,0,0,0,0,0,0,0,0,0,0,0,0,0,0,0,0,0,0,0,0,0,Matches
486,Pedro Porro,es ESP,DF,eng Tottenham,26-035,1999,2,2,180,2,0,1,1,0,0,0,1,0,0,0,0.5,0.6,5,12,9,0,0.5,0.5,0,0.5,0.01,0.27,0.28,0.01,0.28,Matches
487,Gianluca Prestianni,ar ARG,MF,pt Benfica,19-260,2006,1,0,21,0.2,0,0,0,0,0,0,0,0,0.1,0.1,0.2,0.3,5,4,5,0,0,0,0,0,0.28,0.81,1.09,0.28,1.09,Matches
488,Lukáš Provod,cz CZE,"FW,MF",cz Slavia Prague,28-360,1996,2,2,160,1.8,0,2,2,0,0,0,0,0,0.6,0.6,1.6,2.2,5,9,12,0,1.13,1.13,0,1.13,0.33,0.92,1.25,0.33,1.25,Matches
489,Marc Pubill,es ESP,DF,es Atlético Madrid,22-120,2003,1,0,14,0.2,0,0,0,0,0,0,0,0,0,0,0,0,0,0,0,0,0,0,0,0,0,0,0,0,0,Matches
490,Jarell Quansah,eng ENG,DF,de Leverkusen,22-262,2003,2,2,180,2,0,0,0,0,0,0,0,0,0,0,0.4,0.4,2,5,5,0,0,0,0,0,0.02,0.18,0.2,0.02,0.2,Matches
491,Eduardo Quaresma,pt POR,DF,pt Sporting CP,23-230,2002,2,2,156,1.7,0,0,0,0,0,0,0,0,0,0,0,0,0,8,0,0,0,0,0,0,0,0,0,0,0,Matches
492,Geovany Quenda,pt POR,"FW,MF",pt Sporting CP,18-171,2007,2,2,180,2,1,1,2,1,0,0,1,0,0.4,0.4,0.5,0.9,6,7,11,0.5,0.5,1,0.5,1,0.2,0.24,0.44,0.2,0.44,Matches
493,Domingos Quina,pt POR,MF,cy Pafos FC,25-334,1999,1,0,25,0.3,0,0,0,0,0,0,0,0,0,0,0,0,1,0,1,0,0,0,0,0,0.14,0,0.14,0.14,0.14,Matches
494,Musa Qurbanlı,az AZE,FW,az Qarabağ,23-188,2002,2,0,2,0,0,0,0,0,0,0,0,0,0.5,0.5,0,0.5,1,0,0,0,0,0,0,0,23.01,0,23.01,23.01,23.01,Matches
495,Gonçalo Ramos,pt POR,FW,fr Paris S-G,24-120,2001,2,0,52,0.6,2,0,2,2,0,0,0,0,1,1,0,1,0,1,7,3.46,0,3.46,3.46,3.46,1.75,0,1.75,1.75,1.75,Matches
496,Raphinha,br BRA,FW,es Barcelona,28-308,1996,1,1,90,1,0,0,0,0,0,0,0,0,0.2,0.2,0.4,0.6,8,4,11,0,0,0,0,0,0.2,0.36,0.57,0.2,0.57,Matches
497,Marcus Rashford,eng ENG,FW,es Barcelona,27-352,1997,2,2,152,1.7,2,1,3,2,0,0,0,0,0.5,0.5,0.5,0.9,9,6,13,1.18,0.59,1.78,1.18,1.78,0.28,0.27,0.55,0.28,0.55,Matches
498,Mathias Rasmussen,no NOR,MF,be Union SG,27-327,1997,2,1,114,1.3,0,0,0,0,0,0,0,0,0.1,0.1,0.3,0.4,0,5,2,0,0,0,0,0,0.1,0.23,0.34,0.1,0.34,Matches
499,Giacomo Raspadori,it ITA,"MF,FW",es Atlético Madrid,25-242,2000,2,2,106,1.2,1,1,2,1,0,0,0,0,0.6,0.6,0.1,0.7,3,9,8,0.85,0.85,1.7,0.85,1.7,0.52,0.07,0.6,0.52,0.6,Matches
500,David Raya,es ESP,GK,eng Arsenal,30-033,1995,2,2,180,2,0,0,0,0,0,0,0,0,0,0,0,0,0,0,0,0,0,0,0,0,0,0,0,0,0,Matches
501,Youri Regeer,nl NED,MF,nl Ajax,22-061,2003,2,2,97,1.1,0,0,0,0,0,0,0,0,0,0,0,0,0,4,4,0,0,0,0,0,0,0,0,0,0,Matches
502,Alejandro Rego,es ESP,MF,es Athletic Club,22-129,2003,2,1,100,1.1,0,0,0,0,0,0,0,0,0,0,0,0,0,3,3,0,0,0,0,0,0,0,0,0,0,Matches
503,Tijjani Reijnders,nl NED,MF,eng Manchester City,27-081,1998,2,2,169,1.9,0,1,1,0,0,0,0,0,0.9,0.9,0.6,1.5,6,9,13,0,0.53,0.53,0,0.53,0.51,0.3,0.8,0.51,0.8,Matches
504,Matheus Reis,br BRA,DF,pt Sporting CP,30-242,1995,1,0,25,0.3,0,0,0,0,0,0,0,0,0,0,0,0,0,1,3,0,0,0,0,0,0,0.11,0.11,0,0.11,Matches
505,Panagiotis Retsos,gr GRE,DF,gr Olympiacos,27-070,1998,2,2,175,1.9,0,0,0,0,0,0,0,0,0.2,0.2,0,0.2,2,13,1,0,0,0,0,0,0.09,0,0.09,0.09,0.09,Matches
506,Ricardinho,br BRA,FW,kz Qaırat Almaty,24-178,2001,2,0,21,0.2,0,1,1,0,0,0,0,0,0,0,0.1,0.1,0,0,2,0,4.29,4.29,0,4.29,0,0.44,0.44,0,0.44,Matches
507,Declan Rice,eng ENG,MF,eng Arsenal,26-277,1999,2,1,123,1.4,0,0,0,0,0,0,2,0,0,0,0.3,0.3,3,9,2,0,0,0,0,0,0,0.19,0.19,0,0.19,Matches
508,Richarlison,br BRA,FW,eng Tottenham,28-161,1997,2,2,166,1.8,0,0,0,0,0,0,1,0,0.7,0.7,0,0.7,0,0,3,0,0,0,0,0,0.38,0,0.38,0.38,0.38,Matches
509,Magnus Riisnæs,no NOR,DF,no Bodø/Glimt,20-348,2004,1,0,26,0.3,0,0,0,0,0,0,0,0,0,0,0,0,0,0,1,0,0,0,0,0,0.04,0,0.04,0.04,0.04,Matches
510,Richard Ríos,co COL,MF,pt Benfica,25-138,2000,2,2,154,1.7,0,0,0,0,0,0,1,0,0.3,0.3,0,0.4,1,10,2,0,0,0,0,0,0.2,0.02,0.22,0.2,0.22,Matches
511,Robert,br BRA,MF,dk FC Copenhagen,20-188,2005,2,1,57,0.6,1,0,1,1,0,0,0,0,0.3,0.3,0.3,0.6,2,0,5,1.58,0,1.58,1.58,1.58,0.45,0.42,0.87,0.45,0.87,Matches
512,Andrew Robertson,sct SCO,DF,eng Liverpool,31-221,1994,1,1,85,0.9,1,0,1,1,0,0,0,0,0.1,0.1,0,0.1,1,6,3,1.06,0,1.06,1.06,1.06,0.11,0,0.11,0.11,0.11,Matches
513,Rodinei,br BRA,DF,gr Olympiacos,33-262,1992,1,1,60,0.7,0,0,0,0,0,0,0,0,0,0,0.5,0.5,4,8,5,0,0,0,0,0,0,0.72,0.72,0,0.72,Matches
514,Rodri,es ESP,MF,eng Manchester City,29-118,1996,2,2,119,1.3,0,0,0,0,0,0,1,0,0.1,0.1,0.2,0.3,2,22,1,0,0,0,0,0,0.06,0.13,0.19,0.06,0.19,Matches
515,Pedro Rodrigues,pt POR,MF,cy Pafos FC,28-151,1997,2,2,180,2,0,0,0,0,0,0,0,0,0.1,0.1,0.2,0.2,0,4,2,0,0,0,0,0,0.03,0.08,0.11,0.03,0.11,Matches
516,Kevin Rodríguez,ec ECU,FW,be Union SG,25-228,2000,2,2,159,1.8,0,1,1,0,0,0,0,0,0.6,0.6,1,1.6,7,1,11,0,0.57,0.57,0,0.57,0.32,0.56,0.88,0.32,0.88,Matches
517,Rodrygo,br BRA,FW,es Real Madrid,24-282,2001,2,1,83,0.9,0,1,1,0,0,0,0,0,0.2,0.2,0.7,0.9,15,3,22,0,1.08,1.08,0,1.08,0.23,0.77,1,0.23,1,Matches
518,Cristian Romero,ar ARG,DF,eng Tottenham,27-174,1998,1,1,90,1,0,0,0,0,0,0,0,0,0,0,0.1,0.1,0,1,0,0,0,0,0,0,0,0.08,0.08,0,0.08,Matches
519,Zaid Romero,ar ARG,DF,be Club Brugge,25-307,1999,1,0,3,0,0,0,0,0,0,0,0,0,0,0,0,0,0,2,0,0,0,0,0,0,0,0,0,0,0,Matches
520,Marten de Roon,nl NED,"MF,DF",it Atalanta,34-203,1991,2,2,180,2,0,0,0,0,0,0,1,0,0,0,0,0,0,9,2,0,0,0,0,0,0,0.01,0.01,0,0.01,Matches
521,Daniele Rugani,it ITA,DF,it Juventus,31-081,1994,1,0,12,0.1,0,0,0,0,0,0,0,0,0,0,0,0,0,0,0,0,0,0,0,0,0,0,0,0,0,Matches
522,Matteo Ruggeri,it ITA,DF,es Atlético Madrid,23-099,2002,1,1,90,1,0,0,0,0,0,0,0,0,0,0,0,0,2,4,4,0,0,0,0,0,0,0,0,0,0,Matches
523,Fabián Ruiz Peña,es ESP,MF,fr Paris S-G,29-198,1996,2,2,125,1.4,0,1,1,0,0,0,0,0,0.1,0.1,0.4,0.6,1,8,5,0,0.72,0.72,0,0.72,0.11,0.32,0.42,0.11,0.42,Matches
524,Gerónimo Rulli,ar ARG,GK,fr Marseille,33-151,1992,2,2,180,2,0,0,0,0,0,0,0,0,0,0,0,0,0,0,0,0,0,0,0,0,0,0,0,0,0,Matches
525,Julian Ryerson,no NOR,DF,de Dortmund,27-335,1997,2,2,180,2,0,0,0,0,0,0,0,0,0,0,0.1,0.1,2,11,9,0,0,0,0,0,0,0.06,0.06,0,0.06,Matches
526,Kyriani Sabbe,be BEL,DF,be Club Brugge,20-270,2005,2,2,177,2,0,0,0,0,0,0,0,0,0,0,0.2,0.2,7,10,5,0,0,0,0,0,0,0.13,0.13,0,0.13,Matches
527,Marcel Sabitzer,at AUT,MF,de Dortmund,31-215,1994,2,2,180,2,0,2,2,0,0,0,0,0,0.1,0.1,0.4,0.5,1,10,2,0,1,1,0,1,0.04,0.2,0.24,0.04,0.24,Matches
528,Michal Sadílek,cz CZE,MF,cz Slavia Prague,26-140,1999,2,2,134,1.5,0,0,0,0,0,0,0,0,0,0,0.1,0.1,2,3,11,0,0,0,0,0,0.02,0.08,0.1,0.02,0.1,Matches
529,Adilet Sadybekov,kz KAZ,MF,kz Qaırat Almaty,23-145,2002,1,0,16,0.2,0,0,0,0,0,0,0,0,0,0,0,0,0,1,0,0,0,0,0,0,0,0,0,0,0,Matches
530,Ismael Saibari,ma MAR,"FW,MF",nl PSV Eindhoven,24-263,2001,2,2,163,1.8,1,0,1,1,0,0,1,0,1.7,1.7,0,1.7,5,6,11,0.55,0,0.55,0.55,0.55,0.96,0.01,0.96,0.96,0.96,Matches
531,Bukayo Saka,eng ENG,FW,eng Arsenal,24-043,2001,1,0,18,0.2,1,0,1,1,0,0,0,0,0.3,0.3,0.5,0.8,1,2,4,5,0,5,5,5,1.28,2.48,3.76,1.28,3.76,Matches
532,Mohamed Salah,eg EGY,FW,eng Liverpool,33-125,1992,2,1,119,1.3,1,1,2,1,0,0,0,0,0.9,0.9,1.1,2,4,5,20,0.76,0.76,1.51,0.76,1.51,0.7,0.84,1.54,0.7,1.54,Matches
533,Anass Salah-Eddine,nl NED,DF,nl PSV Eindhoven,23-273,2002,2,1,135,1.5,0,0,0,0,0,0,0,0,0,0,0.2,0.2,3,10,8,0,0,0,0,0,0,0.13,0.13,0,0.13,Matches
534,William Saliba,fr FRA,DF,eng Arsenal,24-208,2001,1,1,90,1,0,0,0,0,0,0,0,0,0,0,0,0,0,2,0,0,0,0,0,0,0,0,0,0,0,Matches
535,Mohammed Salisu,gh GHA,DF,fr Monaco,26-184,1999,1,1,82,0.9,0,0,0,0,0,0,0,0,0.1,0.1,0,0.1,0,2,1,0,0,0,0,0,0.13,0,0.13,0.13,0.13,Matches
536,Roland Sallai,hu HUN,"DF,FW",tr Galatasaray,28-149,1997,2,1,109,1.2,0,0,0,0,0,0,0,0,0,0,0,0,3,2,2,0,0,0,0,0,0,0,0,0,0,Matches
537,Lazar Samardzic,rs SRB,"FW,MF",it Atalanta,23-236,2002,2,0,75,0.8,1,0,1,0,1,1,0,0,0.8,0,0.1,0.1,1,5,3,1.2,0,1.2,0,0,0.97,0.11,1.08,0.03,0.14,Matches
538,Oihan Sancet,es ESP,MF,es Athletic Club,25-176,2000,1,1,67,0.7,0,0,0,0,0,0,0,0,0,0,0.1,0.1,4,3,4,0,0,0,0,0,0.04,0.09,0.13,0.04,0.13,Matches
539,Davinson Sánchez,co COL,DF,tr Galatasaray,29-128,1996,2,2,180,2,0,0,0,0,0,0,0,0,0.1,0.1,0,0.1,0,6,0,0,0,0,0,0,0.04,0,0.04,0.04,0.04,Matches
540,Ibon Sánchez,es ESP,FW,es Athletic Club,21-224,2004,1,0,11,0.1,0,0,0,0,0,0,0,0,0,0,0,0,0,0,1,0,0,0,0,0,0.33,0,0.33,0.33,0.33,Matches
541,Robert Sánchez,es ESP,GK,eng Chelsea,27-334,1997,2,2,180,2,0,0,0,0,0,0,0,0,0,0,0,0,0,0,0,0,0,0,0,0,0,0,0,0,0,Matches
542,Cisse Sandra,be BEL,MF,be Club Brugge,21-306,2003,1,1,87,1,0,0,0,0,0,0,0,0,0,0,0,0,0,0,0,0,0,0,0,0,0,0,0,0,0,Matches
543,Leroy Sané,de GER,FW,tr Galatasaray,29-280,1996,1,1,66,0.7,0,1,1,0,0,0,0,0,0,0,0.2,0.2,2,4,8,0,1.36,1.36,0,1.36,0.03,0.31,0.34,0.03,0.34,Matches
544,Maroan Sannadi,ma MAR,FW,es Athletic Club,24-259,2001,1,1,79,0.9,0,0,0,0,0,0,0,0,0,0,0,0,0,0,3,0,0,0,0,0,0.06,0,0.06,0.06,0.06,Matches
545,Alisson Santos,br BRA,FW,pt Sporting CP,23-021,2002,2,0,54,0.6,1,0,1,1,0,0,0,0,0.1,0.1,0,0.1,5,2,8,1.67,0,1.67,1.67,1.67,0.17,0.05,0.22,0.17,0.22,Matches
546,Andrey Santos,br BRA,MF,eng Chelsea,21-168,2004,1,0,23,0.3,0,0,0,0,0,0,1,0,0,0,0,0,0,1,0,0,0,0,0,0,0,0,0,0,0,Matches
547,Kauã Santos,br BRA,GK,de Eint Frankfurt,22-190,2003,1,1,90,1,0,0,0,0,0,0,0,0,0,0,0,0,0,0,0,0,0,0,0,0,0,0,0,0,0,Matches
548,Gabriel Sara,br BRA,MF,tr Galatasaray,26-114,1999,2,0,40,0.4,0,0,0,0,0,0,0,0,0,0,0.1,0.1,0,3,1,0,0,0,0,0,0.03,0.12,0.15,0.03,0.15,Matches
549,Dastan Satpayev,kz KAZ,FW,kz Qaırat Almaty,17-067,2008,2,2,169,1.9,0,0,0,0,0,0,1,0,0.5,0.5,0.1,0.6,2,0,4,0,0,0,0,0,0.25,0.04,0.29,0.25,0.29,Matches
550,Sávio,br BRA,MF,eng Manchester City,21-191,2004,2,0,52,0.6,0,0,0,0,0,0,1,0,0,0,0.1,0.1,6,3,8,0,0,0,0,0,0,0.22,0.22,0,0.22,Matches
551,Giorgio Scalvini,it ITA,DF,it Atalanta,21-311,2003,1,0,10,0.1,0,0,0,0,0,0,0,0,0,0,0,0,0,0,0,0,0,0,0,0,0,0,0,0,0,Matches
552,Fabian Schär,ch SUI,DF,eng Newcastle Utd,33-302,1991,2,1,70,0.8,0,0,0,0,0,0,0,0,0,0,0,0,0,0,0,0,0,0,0,0,0,0,0,0,0,Matches
553,Kjell Scherpen,nl NED,GK,be Union SG,25-268,2000,2,2,180,2,0,0,0,0,0,0,0,0,0,0,0,0,0,0,0,0,0,0,0,0,0,0,0,0,0,Matches
554,Patrik Schick,cz CZE,FW,de Leverkusen,29-267,1996,1,1,90,1,0,0,0,0,0,0,0,0,0.4,0.4,0,0.4,0,0,4,0,0,0,0,0,0.36,0.03,0.38,0.36,0.38,Matches
555,Andreas Schjelderup,no NOR,FW,pt Benfica,21-139,2004,2,1,83,0.9,0,0,0,0,0,0,0,0,0,0,0.2,0.2,8,6,13,0,0,0,0,0,0.02,0.21,0.23,0.02,0.23,Matches
556,Nico Schlotterbeck,de GER,DF,de Dortmund,25-321,1999,1,0,21,0.2,0,0,0,0,0,0,0,0,0,0,0,0,0,0,0,0,0,0,0,0,0,0,0,0,0,Matches
557,Rob Schoofs,be BEL,FW,be Union SG,31-209,1994,1,0,3,0,0,0,0,0,0,0,0,0,0,0,0,0,0,0,0,0,0,0,0,0,0,0,0,0,0,Matches
558,Jerdy Schouten,nl NED,MF,nl PSV Eindhoven,28-279,1997,2,2,135,1.5,0,0,0,0,0,0,0,0,0,0,0,0,4,9,2,0,0,0,0,0,0,0.03,0.03,0,0.03,Matches
559,Ivan Schranz,sk SVK,"MF,FW",cz Slavia Prague,32-035,1993,2,0,46,0.5,0,0,0,0,0,0,1,0,0.6,0.6,0,0.6,0,1,4,0,0,0,0,0,1.24,0,1.24,1.24,1.24,Matches
560,Lorenzo Scipioni,ar ARG,MF,gr Olympiacos,20-328,2004,1,0,16,0.2,0,0,0,0,0,0,0,0,0,0,0,0,0,4,0,0,0,0,0,0,0,0,0,0,0,Matches
561,Ken Sema,se SWE,"MF,DF",cy Pafos FC,32-018,1993,2,0,26,0.3,0,0,0,0,0,0,0,0,0,0,0,0,0,0,1,0,0,0,0,0,0,0,0,0,0,Matches
562,Nicolás Serrano,es ESP,"MF,FW",es Athletic Club,22-227,2003,2,0,38,0.4,0,0,0,0,0,0,0,0,0,0,0,0,2,0,5,0,0,0,0,0,0,0,0,0,0,Matches
563,Joaquin Seys,be BEL,DF,be Club Brugge,20-204,2005,2,1,120,1.3,0,1,1,0,0,0,0,0,0,0,0.4,0.4,3,10,3,0,0.75,0.75,0,0.75,0,0.33,0.33,0,0.33,Matches
564,António Silva,pt POR,DF,pt Benfica,21-353,2003,2,2,162,1.8,0,0,0,0,0,0,0,0,0,0,0,0,1,6,0,0,0,0,0,0,0,0.01,0.01,0,0.01,Matches
565,Bernardo Silva,pt POR,MF,eng Manchester City,31-069,1994,2,2,180,2,0,0,0,0,0,0,1,0,0.1,0.1,0.2,0.3,4,7,23,0,0,0,0,0,0.04,0.12,0.15,0.04,0.15,Matches
566,Bruno Felipe Souza da Silva,br BRA,DF,cy Pafos FC,31-145,1994,1,1,25,0.3,0,0,0,0,0,0,2,1,0,0,0,0,0,0,0,0,0,0,0,0,0,0,0,0,0,Matches
567,Caio Henrique Oliveira Silva,br BRA,DF,fr Monaco,28-079,1997,1,1,45,0.5,0,0,0,0,0,0,0,0,0,0,0,0,4,2,1,0,0,0,0,0,0,0,0,0,0,Matches
568,Fábio Silva,pt POR,FW,de Dortmund,23-091,2002,1,0,4,0,0,0,0,0,0,0,0,0,0,0,0,0,0,1,0,0,0,0,0,0,0,0,0,0,0,Matches
569,Matheus Silva,br BRA,DF,az Qarabağ,28-015,1997,2,2,180,2,0,0,0,0,0,0,1,0,0,0,0.2,0.2,2,4,5,0,0,0,0,0,0.01,0.08,0.08,0.01,0.08,Matches
570,Rui Silva,pt POR,GK,pt Sporting CP,31-253,1994,1,1,90,1,0,0,0,0,0,0,0,0,0,0,0,0,0,0,0,0,0,0,0,0,0,0,0,0,0,Matches
571,Giuliano Simeone,ar ARG,MF,es Atlético Madrid,22-304,2002,2,2,164,1.8,1,0,1,1,0,0,0,0,0.3,0.3,0.8,1.1,9,7,26,0.55,0,0.55,0.55,0.55,0.16,0.44,0.6,0.16,0.6,Matches
572,João Simões,pt POR,MF,pt Sporting CP,18-285,2007,1,1,77,0.9,0,0,0,0,0,0,0,0,0,0,0,0,1,1,3,0,0,0,0,0,0.01,0,0.01,0.01,0.01,Matches
573,Unai Simón,es ESP,GK,es Athletic Club,28-129,1997,2,2,180,2,0,0,0,0,0,0,0,0,0,0,0,0,0,0,0,0,0,0,0,0,0,0,0,0,0,Matches
574,Xavi Simons,nl NED,"FW,MF",eng Tottenham,22-180,2003,2,1,107,1.2,0,0,0,0,0,0,1,0,0.1,0.1,0,0.2,3,9,3,0,0,0,0,0,0.1,0.04,0.14,0.1,0.14,Matches
575,Wilfried Singo,ci CIV,DF,tr Galatasaray,24-297,2000,2,2,180,2,0,0,0,0,0,0,0,0,0,0,0,0.1,1,5,0,0,0,0,0,0,0.02,0.02,0.04,0.02,0.04,Matches
576,Fredrik Sjøvold,no NOR,DF,no Bodø/Glimt,22-062,2003,2,2,180,2,0,0,0,0,0,0,0,0,0,0,0.3,0.3,2,4,5,0,0,0,0,0,0,0.15,0.15,0,0.15,Matches
577,Ellyes Skhiri,tn TUN,MF,de Eint Frankfurt,30-161,1995,2,1,68,0.8,0,0,0,0,0,0,0,0,0,0,0.1,0.1,0,3,0,0,0,0,0,0,0,0.1,0.1,0,0.1,Matches
578,Yann Sommer,ch SUI,GK,it Inter,36-305,1988,2,2,180,2,0,0,0,0,0,0,0,0,0,0,0,0,0,0,0,0,0,0,0,0,0,0,0,0,0,Matches
579,Yegor Sorokin,ru RUS,DF,kz Qaırat Almaty,29-348,1995,2,2,180,2,0,0,0,0,0,0,0,0,0,0,0.2,0.2,0,5,0,0,0,0,0,0,0,0.1,0.1,0,0.1,Matches
580,Djed Spence,eng ENG,DF,eng Tottenham,25-070,2000,2,2,149,1.7,0,0,0,0,0,0,0,0,0,0,0,0,6,4,8,0,0,0,0,0,0,0.01,0.01,0,0.01,Matches
581,Jorne Spileers,be BEL,DF,be Club Brugge,20-270,2005,1,0,10,0.1,0,0,0,0,0,0,0,0,0,0,0,0,0,1,0,0,0,0,0,0,0,0,0,0,0,Matches
582,Leonardo Spinazzola,it ITA,DF,it Napoli,32-207,1993,2,2,180,2,0,0,0,0,0,0,0,0,0,0,0,0,3,5,9,0,0,0,0,0,0.01,0.01,0.02,0.01,0.02,Matches
583,Jindřich Staněk,cz CZE,GK,cz Slavia Prague,29-174,1996,2,2,180,2,0,0,0,0,0,0,0,0,0,0,0,0,0,1,0,0,0,0,0,0,0,0,0,0,0,Matches
584,Josip Stanišić,hr CRO,DF,de Bayern Munich,25-199,2000,1,1,50,0.6,0,0,0,0,0,0,0,0,0,0,0,0,2,1,1,0,0,0,0,0,0,0.03,0.03,0,0.03,Matches
585,Aleksandar Stanković,rs SRB,MF,be Club Brugge,20-076,2005,2,2,180,2,0,0,0,0,0,0,0,0,0.3,0.3,0,0.3,1,10,3,0,0,0,0,0,0.14,0.01,0.15,0.14,0.15,Matches
586,Jug Stanojev,rs SRB,"MF,DF",kz Qaırat Almaty,26-081,1999,2,0,47,0.5,0,0,0,0,0,0,0,0,0,0,0,0,3,0,1,0,0,0,0,0,0,0,0,0,0,Matches
587,John Stones,eng ENG,DF,eng Manchester City,31-143,1994,1,1,72,0.8,0,0,0,0,0,0,0,0,0,0,0,0,3,6,4,0,0,0,0,0,0,0,0,0,0,Matches
588,Gabriel Strefezza,br BRA,FW,gr Olympiacos,28-183,1997,2,1,50,0.6,0,0,0,0,0,0,1,0,0,0,0,0,4,0,5,0,0,0,0,0,0.09,0,0.09,0.09,0.09,Matches
589,Petar Sucic,hr CRO,MF,it Inter,21-358,2003,2,1,94,1,0,0,0,0,0,0,0,0,0.3,0.3,0.2,0.5,4,4,6,0,0,0,0,0,0.27,0.22,0.49,0.27,0.49,Matches
590,Heorhiy Sudakov,ua UKR,"MF,FW",pt Benfica,23-047,2002,2,2,166,1.8,0,1,1,0,0,0,0,0,0.1,0.1,0.3,0.4,6,12,12,0,0.54,0.54,0,0.54,0.06,0.18,0.23,0.06,0.23,Matches
591,Niklas Süle,de GER,DF,de Dortmund,30-045,1995,1,1,69,0.8,0,0,0,0,0,0,0,0,0.1,0.1,0,0.1,0,4,0,0,0,0,0,0,0.17,0,0.17,0.17,0.17,Matches
592,Kamaldeen Sulemana,gh GHA,FW,it Atalanta,23-245,2002,1,0,30,0.3,0,0,0,0,0,0,0,0,0.1,0.1,0,0.1,2,3,6,0,0,0,0,0,0.16,0,0.16,0.16,0.16,Matches
593,Ivan Šunjić,ba BIH,MF,cy Pafos FC,29-009,1996,2,2,180,2,0,0,0,0,0,0,0,0,0,0,0,0,0,2,1,0,0,0,0,0,0,0,0,0,0,Matches
594,Josip Šutalo,hr CRO,DF,nl Ajax,25-232,2000,2,0,43,0.5,0,0,0,0,0,0,0,0,0,0,0.2,0.2,0,3,0,0,0,0,0,0,0,0.33,0.33,0,0.33,Matches
595,Junnosuke Suzuki,jp JPN,DF,dk FC Copenhagen,22-098,2003,1,0,45,0.5,0,0,0,0,0,0,0,0,0,0,0,0,0,2,0,0,0,0,0,0,0,0,0,0,0,Matches
596,Daniel Svensson,se SWE,DF,de Dortmund,23-248,2002,2,2,180,2,1,0,1,1,0,0,0,0,0.3,0.3,0,0.3,2,1,5,0.5,0,0.5,0.5,0.5,0.16,0,0.16,0.16,0.16,Matches
597,Ross Sykes,eng ENG,DF,be Union SG,26-206,1999,1,0,24,0.3,0,0,0,0,0,0,0,0,0,0,0,0,0,2,0,0,0,0,0,0,0,0,0,0,0,Matches
598,Wojciech Szczęsny,pl POL,GK,es Barcelona,35-183,1990,1,1,90,1,0,0,0,0,0,0,0,0,0,0,0,0,0,0,0,0,0,0,0,0,0,0,0,0,0,Matches
599,Dominik Szoboszlai,hu HUN,"MF,DF",eng Liverpool,24-358,2000,2,2,180,2,0,1,1,0,0,0,0,0,0.2,0.2,0.2,0.4,11,14,15,0,0.5,0.5,0,0.5,0.09,0.09,0.19,0.09,0.19,Matches
600,Alexander Sørloth,no NOR,FW,es Atlético Madrid,29-317,1995,1,0,30,0.3,0,0,0,0,0,0,0,0,0.2,0.2,0,0.2,1,0,1,0,0,0,0,0,0.52,0,0.52,0.52,0.52,Matches
601,Jonathan Tah,de GER,DF,de Bayern Munich,29-249,1996,2,1,63,0.7,0,0,0,0,0,0,1,0,0,0,0,0,1,6,0,0,0,0,0,0,0,0,0,0,0,Matches
602,Erkin Tapalov,kz KAZ,DF,kz Qaırat Almaty,32-045,1993,2,2,133,1.5,0,0,0,0,0,0,0,0,0,0,0.2,0.2,2,3,3,0,0,0,0,0,0,0.1,0.1,0,0.1,Matches
603,Axel Tapé,fr FRA,DF,de Leverkusen,18-069,2007,1,1,41,0.5,0,0,0,0,0,0,0,0,0,0,0,0,2,0,2,0,0,0,0,0,0,0,0,0,0,Matches
604,Edmond Tapsoba,bf BFA,DF,de Leverkusen,26-258,1999,2,2,180,2,0,0,0,0,0,0,1,0,0.1,0.1,0,0.1,3,16,1,0,0,0,0,0,0.04,0,0.04,0.04,0.04,Matches
605,Mehdi Taremi,ir IRN,"FW,MF",gr Olympiacos,33-092,1992,2,0,74,0.8,0,0,0,0,0,0,1,0,0.3,0.3,0.1,0.4,0,0,5,0,0,0,0,0,0.41,0.08,0.48,0.41,0.48,Matches
606,Kenneth Taylor,nl NED,MF,nl Ajax,23-155,2002,2,2,152,1.7,0,0,0,0,0,0,0,0,0.3,0.3,0.1,0.4,2,11,8,0,0,0,0,0,0.18,0.04,0.22,0.18,0.22,Matches
607,Aurélien Tchouaméni,fr FRA,MF,es Real Madrid,25-264,2000,2,2,169,1.9,0,0,0,0,0,0,1,0,0,0,0.2,0.2,0,21,1,0,0,0,0,0,0.01,0.11,0.12,0.01,0.12,Matches
608,Arnau Tenas,es ESP,GK,es Villarreal,24-141,2001,1,1,90,1,0,0,0,0,0,0,0,0,0,0,0,0,0,1,0,0,0,0,0,0,0,0,0,0,0,Matches
609,Jordan Teze,nl NED,MF,fr Monaco,26-018,1999,1,1,90,1,1,0,1,1,0,0,0,0,0.1,0.1,0.4,0.5,0,5,1,1,0,1,1,1,0.09,0.4,0.49,0.09,0.49,Matches
610,Arthur Theate,be BEL,DF,de Eint Frankfurt,25-146,2000,2,2,180,2,0,0,0,0,0,0,0,0,0,0,0,0,0,9,0,0,0,0,0,0,0,0,0,0,0,Matches
611,Malick Thiaw,de GER,DF,eng Newcastle Utd,24-071,2001,2,1,118,1.3,0,0,0,0,0,0,0,0,0.1,0.1,0,0.1,0,5,0,0,0,0,0,0,0.07,0,0.07,0.07,0.07,Matches
612,Khéphren Thuram,fr FRA,MF,it Juventus,24-206,2001,1,1,90,1,0,0,0,0,0,0,0,0,0,0,0.1,0.1,1,3,2,0,0,0,0,0,0.01,0.1,0.11,0.01,0.11,Matches
613,Marcus Thuram,fr FRA,FW,it Inter,28-073,1997,2,2,152,1.7,2,1,3,2,0,0,1,0,0.8,0.8,0.5,1.3,7,1,19,1.18,0.59,1.78,1.18,1.78,0.47,0.33,0.8,0.47,0.8,Matches
614,Guus Til,nl NED,"FW,MF",nl PSV Eindhoven,27-300,1997,2,1,135,1.5,0,1,1,0,0,0,1,0,0,0,1,1,2,3,10,0,0.67,0.67,0,0.67,0.03,0.65,0.68,0.03,0.68,Matches
615,Malik Tillman,us USA,MF,de Leverkusen,23-143,2002,2,2,129,1.4,0,0,0,0,0,0,0,0,0.6,0.6,0,0.6,2,4,9,0,0,0,0,0,0.42,0.02,0.44,0.42,0.44,Matches
616,Jurriën Timber,nl NED,DF,eng Arsenal,24-123,2001,2,1,123,1.4,0,0,0,0,0,0,0,0,0,0,0.2,0.2,5,10,5,0,0,0,0,0,0,0.15,0.15,0,0.15,Matches
617,Sandro Tonali,it ITA,MF,eng Newcastle Utd,25-163,2000,2,2,180,2,0,1,1,0,0,0,0,0,0.4,0.4,0.2,0.6,1,11,2,0,0.5,0.5,0,0.5,0.2,0.12,0.32,0.2,0.32,Matches
618,Lucas Torreira,uy URU,MF,tr Galatasaray,29-249,1996,2,2,180,2,0,0,0,0,0,0,0,0,0.1,0.1,0,0.1,0,6,1,0,0,0,0,0,0.06,0.01,0.07,0.06,0.07,Matches
619,Ferrán Torres,es ESP,FW,es Barcelona,25-231,2000,2,1,112,1.2,1,0,1,1,0,0,0,0,0.8,0.8,0,0.8,0,2,11,0.8,0,0.8,0.8,0.8,0.64,0.04,0.68,0.64,0.68,Matches
620,Nicolo Tresoldi,de GER,FW,be Club Brugge,21-059,2004,2,2,152,1.7,1,1,2,1,0,0,0,0,1.6,1.6,0.1,1.7,3,7,8,0.59,0.59,1.18,0.59,1.18,0.93,0.05,0.98,0.93,0.98,Matches
621,Francisco Trincão,pt POR,MF,pt Sporting CP,25-293,1999,2,2,135,1.5,2,0,2,2,0,0,0,0,1,1,0.2,1.2,6,10,6,1.33,0,1.33,1.33,1.33,0.64,0.13,0.77,0.64,0.77,Matches
622,Kieran Trippier,eng ENG,DF,eng Newcastle Utd,35-029,1990,2,2,157,1.7,0,0,0,0,0,0,0,0,0,0,0.1,0.1,0,20,6,0,0,0,0,0,0,0.08,0.08,0,0.08,Matches
623,Leandro Trossard,be BEL,FW,eng Arsenal,30-318,1994,2,1,98,1.1,1,1,2,1,0,0,0,0,0.5,0.5,0.7,1.2,3,2,12,0.92,0.92,1.84,0.92,1.84,0.49,0.61,1.1,0.49,1.1,Matches
624,Anatolii Trubin,ua UKR,GK,pt Benfica,24-078,2001,2,2,180,2,0,0,0,0,0,0,0,0,0,0,0,0,0,0,0,0,0,0,0,0,0,0,0,0,0,Matches
625,Kostas Tzolakis,gr GRE,GK,gr Olympiacos,22-344,2002,1,1,90,1,0,0,0,0,0,0,0,0,0,0,0,0,0,0,0,0,0,0,0,0,0,0,0,0,0,Matches
626,Christos Tzolis,gr GRE,FW,be Club Brugge,23-261,2002,2,2,180,2,1,0,1,1,0,0,0,0,1,1,0.8,1.8,11,8,19,0.5,0,0.5,0.5,0.5,0.49,0.41,0.9,0.49,0.9,Matches
627,Destiny Udogie,it ITA,DF,eng Tottenham,22-324,2002,2,0,31,0.3,0,0,0,0,0,0,0,0,0,0,0,0,2,4,3,0,0,0,0,0,0,0,0,0,0,Matches
628,Dayot Upamecano,fr FRA,DF,de Bayern Munich,26-356,1998,2,2,162,1.8,0,0,0,0,0,0,0,0,0,0,0,0,0,6,1,0,0,0,0,0,0,0,0,0,0,Matches
629,Can Uzun,tr TUR,MF,de Eint Frankfurt,19-341,2005,2,2,128,1.4,1,0,1,1,0,0,0,0,0.3,0.3,0,0.3,1,8,4,0.7,0,0.7,0.7,0.7,0.22,0,0.22,0.22,0.22,Matches
630,Federico Valverde,uy URU,MF,es Real Madrid,27-088,1998,1,1,90,1,0,0,0,0,0,0,0,0,0,0,0.2,0.2,1,6,1,0,0,0,0,0,0,0.16,0.16,0,0.16,Matches
631,Virgil van Dijk,nl NED,DF,eng Liverpool,34-102,1991,2,2,180,2,1,0,1,1,0,0,0,0,0.1,0.1,0.4,0.4,1,12,1,0.5,0,0.5,0.5,0.5,0.03,0.18,0.21,0.03,0.21,Matches
632,Hans Vanaken,be BEL,MF,be Club Brugge,33-055,1992,2,2,180,2,1,1,2,1,0,0,1,0,0,0,0.9,1,4,11,11,0.5,0.5,1,0.5,1,0.02,0.46,0.48,0.02,0.48,Matches
633,Vanderson,br BRA,DF,fr Monaco,24-119,2001,2,2,111,1.2,0,0,0,0,0,0,0,0,0,0,0,0,4,5,5,0,0,0,0,0,0.01,0.03,0.03,0.01,0.03,Matches
634,Lucas Vázquez,es ESP,DF,de Leverkusen,34-109,1991,1,1,90,1,0,0,0,0,0,0,1,0,0,0,0.1,0.1,1,4,6,0,0,0,0,0,0,0.08,0.08,0,0.08,Matches
635,Joey Veerman,nl NED,MF,nl PSV Eindhoven,26-333,1998,2,2,180,2,0,0,0,0,0,0,0,0,0.1,0.1,0.3,0.4,2,18,1,0,0,0,0,0,0.03,0.16,0.19,0.03,0.19,Matches
636,Renato Veiga,pt POR,DF,es Villarreal,22-081,2003,2,2,180,2,1,0,1,1,0,0,1,0,0.2,0.2,0,0.2,1,4,0,0.5,0,0.5,0.5,0.5,0.1,0,0.1,0.1,0.1,Matches
637,Micky van de Ven,nl NED,DF,eng Tottenham,24-182,2001,2,2,180,2,1,0,1,1,0,0,2,0,0.3,0.3,0,0.3,3,2,0,0.5,0,0.5,0.5,0.5,0.17,0.01,0.17,0.17,0.17,Matches
638,Romeo Vermant,be BEL,FW,be Club Brugge,21-267,2004,1,0,28,0.3,0,0,0,0,0,0,0,0,0.3,0.3,0,0.3,0,0,5,0,0,0,0,0,0.89,0,0.89,0.89,0.89,Matches
639,Arthur Vermeeren,be BEL,MF,fr Marseille,20-253,2005,2,1,105,1.2,0,1,1,0,0,0,0,0,0,0,0,0.1,1,1,1,0,0.86,0.86,0,0.86,0.04,0.03,0.08,0.04,0.08,Matches
640,Mikel Vesga,es ESP,MF,es Athletic Club,32-150,1993,1,1,80,0.9,0,0,0,0,0,0,0,0,0,0,0,0,0,0,0,0,0,0,0,0,0,0.03,0.03,0,0.03,Matches
641,Hugo Vetlesen,no NOR,FW,be Club Brugge,25-231,2000,1,0,16,0.2,0,0,0,0,0,0,0,0,0,0,0,0,0,3,1,0,0,0,0,0,0,0,0,0,0,Matches
642,Guglielmo Vicario,it ITA,GK,eng Tottenham,29-011,1996,2,2,180,2,0,0,0,0,0,0,0,0,0,0,0,0,0,0,0,0,0,0,0,0,0,0,0,0,0,Matches
643,João Virgínia,pt POR,GK,pt Sporting CP,26-008,1999,1,1,90,1,0,0,0,0,0,0,0,0,0,0,0,0,0,0,0,0,0,0,0,0,0,0,0,0,0,Matches
644,Vitinha,pt POR,MF,fr Paris S-G,25-247,2000,2,2,180,2,0,0,0,0,0,0,0,0,0,0,0.1,0.1,1,8,2,0,0,0,0,0,0.01,0.06,0.07,0.01,0.07,Matches
645,Daniel Vivian,es ESP,DF,es Athletic Club,26-095,1999,2,2,135,1.5,0,0,0,0,0,0,0,0,0,0,0,0,0,4,0,0,0,0,0,0,0,0,0,0,0,Matches
646,Dušan Vlahović,rs SRB,FW,it Juventus,25-263,2000,2,0,38,0.4,2,1,3,2,0,0,0,0,0.7,0.7,0.3,0.9,1,0,3,4.74,2.37,7.11,4.74,7.11,1.67,0.63,2.3,1.67,2.3,Matches
647,Tomáš Vlček,cz CZE,DF,cz Slavia Prague,24-232,2001,1,1,90,1,0,0,0,0,0,0,0,0,0,0,0,0,0,3,1,0,0,0,0,0,0,0,0,0,0,Matches
648,Stefan de Vrij,nl NED,DF,it Inter,33-255,1992,1,1,90,1,0,0,0,0,0,0,0,0,0,0,0,0,1,4,0,0,0,0,0,0,0,0,0,0,0,Matches
649,Kasper Waarst Høgh,dk DEN,FW,no Bodø/Glimt,24-316,2000,2,2,152,1.7,0,0,0,0,0,2,0,0,1.7,0.1,0.1,0.2,0,1,8,0,0,0,0,0,1.01,0.05,1.06,0.08,0.13,Matches
650,Elye Wahi,fr FRA,FW,de Eint Frankfurt,22-289,2003,1,0,19,0.2,0,1,1,0,0,0,0,0,0,0,0.5,0.5,0,0,0,0,4.74,4.74,0,4.74,0,2.29,2.29,0,2.29,Matches
651,Paul Wanner,de GER,MF,nl PSV Eindhoven,19-299,2005,1,0,17,0.2,0,0,0,0,0,0,0,0,0,0,0,0,0,1,1,0,0,0,0,0,0,0,0,0,0,Matches
652,Timothy Weah,us USA,FW,fr Marseille,25-238,2000,2,1,122,1.4,1,0,1,1,0,0,0,0,0.1,0.1,0.1,0.2,4,0,7,0.74,0,0.74,0.74,0.74,0.1,0.06,0.16,0.1,0.16,Matches
653,Wout Weghorst,nl NED,FW,nl Ajax,33-072,1992,1,1,62,0.7,0,0,0,0,0,0,0,0,0,0,0,0,0,0,4,0,0,0,0,0,0,0.03,0.03,0,0.03,Matches
654,Ben White,eng ENG,DF,eng Arsenal,28-010,1997,1,1,57,0.6,0,0,0,0,0,0,0,0,0,0,0.2,0.2,2,7,4,0,0,0,0,0,0,0.25,0.25,0,0.25,Matches
655,Owen Wijndal,nl NED,DF,nl Ajax,25-324,1999,2,2,144,1.6,0,0,0,0,0,0,0,0,0,0,0,0,3,9,7,0,0,0,0,0,0,0.02,0.02,0,0.02,Matches
656,Iñaki Williams,gh GHA,FW,es Athletic Club,31-125,1994,2,2,135,1.5,0,0,0,0,0,0,0,0,0.1,0.1,0.1,0.1,7,3,8,0,0,0,0,0,0.04,0.05,0.09,0.04,0.09,Matches
657,Estêvão Willian,br BRA,MF,eng Chelsea,18-177,2007,2,0,47,0.5,0,0,0,0,0,0,0,0,0.3,0.3,0,0.3,0,3,4,0,0,0,0,0,0.66,0,0.66,0.66,0.66,Matches
658,Joe Willock,eng ENG,MF,eng Newcastle Utd,26-059,1999,1,0,28,0.3,0,0,0,0,0,0,0,0,0,0,0,0,1,1,2,0,0,0,0,0,0,0,0,0,0,Matches
659,Florian Wirtz,de GER,"MF,FW",eng Liverpool,22-168,2003,2,2,163,1.8,0,0,0,0,0,0,0,0,0.4,0.4,0.7,1.1,5,10,10,0,0,0,0,0,0.2,0.4,0.6,0.2,0.6,Matches
660,Nick Woltemade,de GER,FW,eng Newcastle Utd,23-246,2002,2,1,100,1.1,1,0,1,1,0,0,0,0,0.2,0.2,0.1,0.2,0,4,8,0.9,0,0.9,0.9,0.9,0.15,0.05,0.19,0.15,0.19,Matches
661,Lamine Yamal,es ESP,FW,es Barcelona,18-097,2007,1,1,90,1,0,0,0,0,0,0,1,0,0.1,0.1,0.4,0.5,4,7,5,0,0,0,0,0,0.14,0.38,0.51,0.14,0.51,Matches
662,Kenan Yıldız,tr TUR,MF,it Juventus,20-167,2005,2,2,165,1.8,1,1,2,1,0,0,0,0,0.3,0.3,0.7,1,6,14,11,0.55,0.55,1.09,0.55,1.09,0.14,0.38,0.52,0.14,0.52,Matches
663,Illia Zabarnyi,ua UKR,DF,fr Paris S-G,23-047,2002,2,1,106,1.2,0,0,0,0,0,0,0,0,0.2,0.2,0.1,0.3,0,1,0,0,0,0,0,0,0.17,0.06,0.24,0.17,0.24,Matches
664,Christos Zafeiris,gr GRE,MF,cz Slavia Prague,22-237,2003,2,2,180,2,0,0,0,0,0,0,0,0,0,0,0.1,0.2,1,12,5,0,0,0,0,0,0.02,0.06,0.08,0.02,0.08,Matches
665,Yoram Zague,fr FRA,"DF,MF",dk FC Copenhagen,19-156,2006,2,0,88,1,0,0,0,0,0,0,0,0,0.1,0.1,0,0.1,3,1,5,0,0,0,0,0,0.08,0,0.08,0.08,0.08,Matches
666,Warren Zaïre-Emery,fr FRA,MF,fr Paris S-G,19-224,2006,2,1,126,1.4,0,0,0,0,0,0,0,0,0.1,0.1,0,0.1,3,6,7,0,0,0,0,0,0.05,0.01,0.06,0.05,0.06,Matches
667,Andre-Frank Zambo Anguissa,cm CMR,MF,it Napoli,29-336,1995,2,2,160,1.8,0,0,0,0,0,0,0,0,0.1,0.1,0,0.1,1,3,7,0,0,0,0,0,0.03,0,0.03,0.03,0.03,Matches
668,Davide Zappacosta,it ITA,DF,it Atalanta,33-129,1992,1,0,45,0.5,0,0,0,0,0,0,0,0,0,0,0,0,3,0,5,0,0,0,0,0,0.04,0,0.04,0.04,0.04,Matches
669,Giorgi Zaria,ge GEO,MF,kz Qaırat Almaty,28-096,1997,1,0,11,0.1,0,0,0,0,0,0,0,0,0,0,0,0,1,1,0,0,0,0,0,0,0,0.25,0.25,0,0.25,Matches
670,Michael Zetterer,de GER,GK,de Eint Frankfurt,30-098,1995,1,1,90,1,0,0,0,0,0,0,0,0,0,0,0,0,0,0,0,0,0,0,0,0,0,0,0,0,0,Matches
671,Edon Zhegrova,xk KVX,MF,it Juventus,26-201,1999,1,0,4,0,0,0,0,0,0,0,0,0,0,0,0,0,3,2,2,0,0,0,0,0,0.93,0,0.93,0.93,0.93,Matches
672,Piotr Zieliński,pl POL,MF,it Inter,31-151,1994,2,1,77,0.9,0,0,0,0,0,0,0,0,0,0,0,0,0,2,3,0,0,0,0,0,0,0.04,0.04,0,0.04,Matches
673,David Zima,cz CZE,DF,cz Slavia Prague,24-344,2000,2,2,180,2,0,0,0,0,0,0,0,0,0.1,0.1,0,0.1,0,7,0,0,0,0,0,0,0.06,0,0.06,0.06,0.06,Matches
674,Adem Zorgane,dz ALG,MF,be Union SG,25-285,2000,2,2,180,2,0,0,0,0,0,0,0,0,0.1,0.1,0.2,0.3,3,13,2,0,0,0,0,0,0.06,0.08,0.14,0.06,0.14,Matches
675,Abdellah Zoubir,fr FRA,"FW,MF",az Qarabağ,33-317,1991,2,2,179,2,1,1,2,1,0,0,0,0,1,1,0.1,1.1,5,7,11,0.5,0.5,1.01,0.5,1.01,0.48,0.05,0.53,0.48,0.53,Matches
676,Martín Zubimendi,es ESP,MF,eng Arsenal,26-258,1999,2,2,180,2,0,0,0,0,0,0,2,0,0,0,0.1,0.1,2,13,2,0,0,0,0,0,0,0.03,0.03,0,0.03,Matches
677,Martin Ødegaard,no NOR,MF,eng Arsenal,26-305,1998,1,1,90,1,0,1,1,0,0,0,0,0,0.8,0.8,0.8,1.5,1,12,6,0,1,1,0,1,0.76,0.76,1.52,0.76,1.52,Matches