Rk,Squad,MP,W,D,L,GF,GA,GD,Pts,Attendance,Top Team Scorer,Goalkeeper,UCL_progress,Season,,,,
1,es  Barcelona,13,8,4,1,30,9,21,28,,Lionel Messi - 12,Víctor Valdés,Winner,2010-2011,,,,
,,,,,,,,,,,,,,2010-2011,,,,
2,eng  Manchester Utd,13,6,6,1,19,7,12,24,,"Javier Hernández, Wayne Rooney - 4",Edwin van der Sar,Runner up,2010-2011,,,,
,,,,,,,,,,,,,,2010-2011,,,,
3,es  Real Madrid,12,7,4,1,25,6,19,25,,"Karim Benzema, Cristiano Ronaldo - 6",Iker Casillas,Semi Finalist,2010-2011,,,,
4,de  Schalke 04,12,5,4,3,22,14,8,19,,Raúl - 5,Manuel Neuer,Semi Finalist,2010-2011,,,,
,,,,,,,,,,,,,,2010-2011,,,,
5,ua  Shakhtar,10,6,2,2,19,14,5,20,,"Eduardo da Silva, Luiz Adriano - 4",Andriy Pyatov,Quarter Finalist,2010-2011,,,,
6,eng  Chelsea,10,6,1,3,17,7,10,19,,Nicolas Anelka - 7,Petr Čech,Quarter Finalist,2010-2011,,,,
7,eng  Tottenham,12,4,5,3,25,19,6,17,,"Gareth Bale, Peter Crouch - 4",Heurelho Gomes,Quarter Finalist,2010-2011,,,,
8,it  Inter,10,4,1,5,18,21,-3,13,,Samuel Eto'o - 8,Júlio César,Quarter Finalist,2010-2011,,,,
,,,,,,,,,,,,,,2010-2011,,,,
9,de  Bayern Munich,8,6,1,1,19,9,10,19,,Mario Gómez - 8,"Hans-Jörg Butt, Thomas Kraft",Round of 16,2010-2011,,,,
10,eng  Arsenal,8,5,0,3,21,11,10,15,,"Cesc Fàbregas, Andrey Arshavin... - 3",Łukasz Fabiański,Round of 16,2010-2011,,,,
11,dk  FC Copenhagen,12,3,5,4,12,11,1,14,,"Dame N'Doye, Martin Vingaard - 2",Johan Wiland,Round of 16,2010-2011,,,,
12,fr  Marseille,8,4,1,3,13,5,8,13,,André-Pierre Gignac - 3,Steve Mandanda,Round of 16,2010-2011,,,,
13,es  Valencia,8,3,3,2,17,8,9,12,,Roberto Soldado - 6,César Sánchez,Round of 16,2010-2011,,,,
14,fr  Lyon,8,3,2,3,12,14,-2,11,,Michel Bastos - 3,Hugo Lloris,Round of 16,2010-2011,,,,
15,it  Roma,8,3,1,4,12,17,-5,10,,Marco Borriello - 4,"Bogdan Lobonț, Júlio Sérgio",Round of 16,2010-2011,,,,
16,it  Milan,8,2,3,3,7,8,-1,9,,Zlatan Ibrahimović - 4,Christian Abbiati,Round of 16,2010-2011,,,,
,,,,,,,,,,,,,,2010-2011,,,,
17,pt  Braga,10,6,0,4,14,16,-2,18,,Matheus Leite Nascimento - 3,Felipe,Group Stage,2010-2011,,,,
18,il  Hapoel Tel Aviv,12,4,4,4,20,15,5,16,,Eran Zahavi - 3,Vincent Enyeama,Group Stage,2010-2011,,,,
19,ch  Basel,10,5,1,4,17,12,5,16,,Alexander Frei - 3,Franco Costanzo,Group Stage,2010-2011,,,,
20,rs  Partizan,12,4,2,6,15,19,-4,14,,Cléo - 2,Vladimir Stojković,Group Stage,2010-2011,,,,
21,nl  Ajax,10,2,5,3,13,16,-3,11,,"Toby Alderweireld, Demy de Zeeuw - 2",Maarten Stekelenburg,Group Stage,2010-2011,,,,
22,ru  Spartak Moscow,6,3,0,3,7,10,-3,9,,"Ari, Ibson - 2",Andriy Dykan,Group Stage,2010-2011,,,,
23,de  Werder Bremen,8,2,2,4,11,16,-5,8,,Marko Arnautović - 2,Tim Wiese,Group Stage,2010-2011,,,,
24,sk  MŠK Žilina,12,1,4,7,13,22,-9,7,,"Bello Babatounde, Tomáš Majtán... - 1",Martin Dúbravka,Group Stage,2010-2011,,,,
25,nl  Twente,6,1,3,2,9,11,-2,6,,Nacer Chadli - 3,Nikolay Mihaylov,Group Stage,2010-2011,,,,
26,ru  Rubin Kazan,6,1,3,2,2,4,-2,6,,Christian Noboa - 2,Sergey Ryzhikov,Group Stage,2010-2011,,,,
27,sct  Rangers,6,1,3,2,3,6,-3,6,,"Maurice Edu, Kenny Miller... - 1",Allan McGregor,Group Stage,2010-2011,,,,
28,pt  Benfica,6,2,0,4,7,12,-5,6,,"Fábio Coentrão, Luisão - 2",Roberto,Group Stage,2010-2011,,,,
29,ro  CFR Cluj,6,1,1,4,6,12,-6,4,,"Ionuț Rada, Lacina Traoré - 2","Nuno Claro, Eduard Stăncioiu",Group Stage,2010-2011,,,,
30,fr  Auxerre,8,1,1,6,5,13,-8,4,,"Valter Birsa, Steeven Langil... - 1",Olivier Sorin,Group Stage,2010-2011,,,,
31,gr  Panathinaikos,6,0,2,4,2,13,-11,2,,"Cédric Kanté, Sidney Govou - 1",Alexandros Tzorvas,Group Stage,2010-2011,,,,
32,tr  Bursaspor,6,0,1,5,2,16,-14,1,,"Pablo Batalla, Sercan Yıldırım - 1",Dimitar Ivankov,Group Stage,2010-2011,,,,
1,eng  Chelsea,13,5,6,2,25,12,13,21,,Didier Drogba - 6,Petr Čech,→ Champions League via playoff win,2011-2012,,,,
,,,,,,,,,,,,,,2011-2012,,,,
2,de  Bayern Munich,15,8,4,3,29,11,18,28,,Mario Gómez - 12,Manuel Neuer,Semi Finalist,2011-2012,,,,
,,,,,,,,,,,,,,2011-2012,,,,
3,es  Real Madrid,12,7,4,1,35,9,26,25,,Cristiano Ronaldo - 10,Iker Casillas,Quarter FInalist,2011-2012,,,,
4,es  Barcelona,12,6,5,1,35,10,25,23,,Lionel Messi - 14,Víctor Valdés,Quarter FInalist,2011-2012,,,,
,,,,,,,,,,,,,,2011-2012,,,,
5,pt  Benfica,14,4,7,3,21,14,7,19,,Óscar Cardozo - 4,Artur Moraes,Semi Finalist,2011-2012,,,,
6,cy  APOEL FC,16,4,7,5,20,17,3,19,,Gustavo Manduca - 4,Dionisis Chiotis,Semi Finalist,2011-2012,,,,
7,it  Milan,10,3,4,3,16,14,2,13,,Zlatan Ibrahimović - 5,Christian Abbiati,Semi Finalist,2011-2012,,,,
8,fr  Marseille,10,4,1,5,9,10,-1,13,,André Ayew - 4,Steve Mandanda,Semi Finalist,2011-2012,,,,
,,,,,,,,,,,,,,2011-2012,,,,
9,eng  Arsenal,10,5,3,2,13,11,2,18,,Robin van Persie - 4,Wojciech Szczęsny,Round of 16,2011-2012,,,,
10,fr  Lyon,10,4,3,3,14,10,4,15,,Bafétimbi Gomis - 5,Hugo Lloris,Round of 16,2011-2012,,,,
11,it  Napoli,8,4,2,2,14,11,3,14,,Edinson Cavani - 5,Morgan De Sanctis,Round of 16,2011-2012,,,,
12,ch  Basel,8,4,2,2,12,17,-5,14,,Alexander Frei - 5,Yann Sommer,Round of 16,2011-2012,,,,
13,ru  Zenit,8,3,3,2,10,9,1,12,,Roman Shirokov - 5,Vyacheslav Malafeev,Round of 16,2011-2012,,,,
14,it  Inter,8,3,2,3,10,9,1,11,,Giampaolo Pazzini - 3,Júlio César,Round of 16,2011-2012,,,,
15,de  Leverkusen,8,3,1,4,10,18,-8,10,,Eren Derdiyok - 2,Bernd Leno,Round of 16,2011-2012,,,,
16,ru  CSKA Moscow,8,2,3,3,11,13,-2,9,,Seydou Doumbia - 5,Vladimir Gabulov,Round of 16,2011-2012,,,,
,,,,,,,,,,,,,,2011-2012,,,,
17,cz  Viktoria Plzeň,12,4,5,3,22,16,6,17,,Marek Bakoš - 2,Marek Čech,Group Stage,2011-2012,,,,
18,hr  Dinamo Zagreb,12,3,2,7,13,26,-13,11,,"Fatos Bećiraj, Mateo Kovačić... - 1",Ivan Kelava,Group Stage,2011-2012,,,,
19,eng  Manchester City,6,3,1,2,9,6,3,10,,Yaya Touré - 3,Joe Hart,Group Stage,2011-2012,,,,
20,by  BATE Borisov,12,1,7,4,11,17,-6,10,,Renan Bardini Bressan - 2,Alyaksandr Hutar,Group Stage,2011-2012,,,,
21,eng  Manchester Utd,6,2,3,1,11,8,3,9,,"Wayne Rooney, Danny Welbeck - 2",David de Gea,Group Stage,2011-2012,,,,
22,gr  Olympiacos,6,3,0,3,8,6,2,9,,"David Fuster, François Modesto... - 2","Franco Costanzo, Balázs Megyeri",Group Stage,2011-2012,,,,
23,es  Valencia,6,2,2,2,12,7,5,8,,Roberto Soldado - 5,Diego Alves,Group Stage,2011-2012,,,,
24,pt  Porto,6,2,2,2,7,7,0,8,,Hulk - 4,Helton Arruda,Group Stage,2011-2012,,,,
25,nl  Ajax,6,2,2,2,6,6,0,8,,"Christian Eriksen, Derk Boerrigter... - 1",Kenneth Vermeer,Group Stage,2011-2012,,,,
26,tr  Trabzonspor,8,1,5,2,4,8,-4,8,,"Halil Altıntop, Ondřej Čelůstka... - 1",Tolga Zengin,Group Stage,2011-2012,,,,
27,be  Genk,10,1,5,4,8,21,-13,8,,Jelle Vossen - 2,László Köteles,Group Stage,2011-2012,,,,
28,fr  Lille,6,1,3,2,6,6,0,6,,Moussa Sow - 3,Mickaël Landreau,Group Stage,2011-2012,,,,
29,ua  Shakhtar,6,1,2,3,6,8,-2,5,,Luiz Adriano - 3,Oleksandr Rybka,Group Stage,2011-2012,,,,
30,de  Dortmund,6,1,1,4,6,12,-6,4,,"Jakub Błaszczykowski, Shinji Kagawa... - 1",Roman Weidenfeller,Group Stage,2011-2012,,,,
31,es  Villarreal,8,0,1,7,5,15,-10,1,,"Cani, Jonathan de Guzmán - 1",Diego López,Group Stage,2011-2012,,,,
32,ro  Oțelul Galați,6,0,0,6,3,11,-8,0,,"Liviu Antal, Gabriel Giurgiu... - 1",Branko Grahovac,Group Stage,2011-2012,,,,
1,de  Bayern Munich,13,10,2,1,31,11,20,32,,Thomas Müller - 8,Manuel Neuer,Winner,2012-2013,,,,
,,,,,,,,,,,,,,2012-2013,,,,
2,de  Dortmund,13,5,6,2,24,14,10,21,,Robert Lewandowski - 10,Roman Weidenfeller,Runner up,2012-2013,,,,
,,,,,,,,,,,,,,2012-2013,,,,
3,es  Real Madrid,12,5,4,3,26,18,8,19,,Cristiano Ronaldo - 12,Diego López,Semi Finalist,2012-2013,,,,
4,es  Barcelona,12,4,5,3,18,17,1,17,,Lionel Messi - 8,Víctor Valdés,Semi Finalist,2012-2013,,,,
,,,,,,,,,,,,,,2012-2013,,,,
5,fr  Paris S-G,10,6,3,1,20,8,12,21,,Ezequiel Lavezzi - 5,Salvatore Sirigu,Quarter Finalist,2012-2013,,,,
6,es  Málaga,12,4,6,2,18,9,9,18,,Eliseu - 4,Willy Caballero,Quarter Finalist,2012-2013,,,,
7,it  Juventus,10,4,5,1,17,8,9,17,,Fabio Quagliarella - 4,Gianluigi Buffon,Quarter Finalist,2012-2013,,,,
8,tr  Galatasaray,10,4,3,3,14,14,0,15,,Burak Yılmaz - 8,Fernando Muslera,Quarter Finalist,2012-2013,,,,
,,,,,,,,,,,,,,2012-2013,,,,
9,sct  Celtic,12,6,2,4,17,14,3,20,,Georgios Samaras - 3,Fraser Forster,Round of 16,2012-2013,,,,
10,pt  Porto,8,5,1,2,11,6,5,16,,Jackson Martínez - 3,Helton Arruda,Round of 16,2012-2013,,,,
11,es  Valencia,8,4,2,2,14,8,6,14,,Jonas - 5,Vicente Guaita,Round of 16,2012-2013,,,,
12,de  Schalke 04,8,3,5,0,13,10,3,14,,Klaas-Jan Huntelaar - 4,Lars Unnerstall,Round of 16,2012-2013,,,,
13,eng  Manchester Utd,8,4,2,2,11,9,2,14,,"Javier Hernández, Robin van Persie - 3",David de Gea,Round of 16,2012-2013,,,,
14,eng  Arsenal,8,4,1,3,13,11,2,13,,Lukas Podolski - 4,Vito Mannone,Round of 16,2012-2013,,,,
15,ua  Shakhtar,8,3,2,3,14,13,1,11,,Willian - 4,Andriy Pyatov,Round of 16,2012-2013,,,,
16,it  Milan,8,3,2,3,9,10,-1,11,,"Stephan El Shaarawy, Alexandre Pato - 2",Christian Abbiati,Round of 16,2012-2013,,,,
,,,,,,,,,,,,,,2012-2013,,,,
17,ro  CFR Cluj,10,6,2,2,15,9,6,20,,Rui Pedro - 3,Mário Felgueiras,Group Stage,2012-2013,,,,
18,by  BATE Borisov,12,5,3,4,18,19,-1,18,,"Vitali Rodionov, Renan Bardini Bressan - 2",Andrey Harbunow,Group Stage,2012-2013,,,,
19,ua  Dynamo Kyiv,10,4,3,3,13,14,-1,15,,Oleh Husyev - 2,Maksym Koval,Group Stage,2012-2013,,,,
20,hr  Dinamo Zagreb,12,3,4,5,13,18,-5,13,,Ivan Krstanović - 1,Ivan Kelava,Group Stage,2012-2013,,,,
21,be  Anderlecht,10,3,3,4,18,11,7,12,,Dieumerci Mbokani - 2,Silvio Proto,Group Stage,2012-2013,,,,
22,eng  Chelsea,6,3,1,2,16,10,6,10,,Oscar - 5,Petr Čech,Group Stage,2012-2013,,,,
23,gr  Olympiacos,6,3,0,3,9,9,0,9,,Kostas Mitroglou - 4,Roy Carroll,Group Stage,2012-2013,,,,
24,pt  Benfica,6,2,2,2,5,5,0,8,,Óscar Cardozo - 2,Artur Moraes,Group Stage,2012-2013,,,,
25,ru  Zenit,6,2,1,3,6,9,-3,7,,Danny - 2,Vyacheslav Malafeev,Group Stage,2012-2013,,,,
26,ru  Spartak Moscow,8,2,1,5,10,16,-6,7,,Emmanuel Emenike - 2,"Andriy Dykan, Sergei Pesyakov...",Group Stage,2012-2013,,,,
27,pt  Braga,8,1,2,5,9,15,-6,5,,Alan - 5,Beto,Group Stage,2012-2013,,,,
28,nl  Ajax,6,1,1,4,8,16,-8,4,,Siem de Jong - 3,Kenneth Vermeer,Group Stage,2012-2013,,,,
29,fr  Lille,8,1,1,6,6,14,-8,4,,"Salomon Kalou, Gianni Bruno... - 1",Mickaël Landreau,Group Stage,2012-2013,,,,
30,eng  Manchester City,6,0,3,3,7,11,-4,3,,Sergio Agüero - 2,Joe Hart,Group Stage,2012-2013,,,,
31,fr  Montpellier,6,0,2,4,6,12,-6,2,,Younès Belhanda - 2,Geoffrey Jourdren,Group Stage,2012-2013,,,,
32,dk  Nordsjælland,6,0,1,5,4,22,-18,1,,"Joshua John, Mikkel Beckmann... - 1",Jesper Hansen,Group Stage,2012-2013,,,,
1,es  Real Madrid,13,10,2,1,41,10,31,32,,Cristiano Ronaldo - 17,Iker Casillas,Winner,2013-2014,,,,
,,,,,,,,,,,,,,2013-2014,,,,
2,es  Atlético Madrid,13,7,5,1,26,10,16,26,,Diego Costa - 8,Thibaut Courtois,Runner up,2013-2014,,,,
,,,,,,,,,,,,,,2013-2014,,,,
3,de  Bayern Munich,12,6,4,2,24,13,11,22,,Thomas Müller - 5,Manuel Neuer,Semi Finalist,2013-2014,,,,
4,eng  Chelsea,12,4,5,3,19,10,9,17,,Fernando Torres - 4,Petr Čech,Semi Finalist,2013-2014,,,,
,,,,,,,,,,,,,,2013-2014,,,,
5,fr  Paris S-G,10,6,2,2,25,9,16,20,,Zlatan Ibrahimović - 10,Salvatore Sirigu,Quarter Finalist,2013-2014,,,,
6,es  Barcelona,10,5,3,2,21,8,13,18,,Lionel Messi - 8,Víctor Valdés,Quarter Finalist,2013-2014,,,,
7,eng  Manchester Utd,10,5,3,2,17,9,8,18,,Robin van Persie - 4,David de Gea,Quarter Finalist,2013-2014,,,,
8,de  Dortmund,10,5,2,3,18,13,5,17,,Robert Lewandowski - 6,Roman Weidenfeller,Quarter Finalist,2013-2014,,,,
,,,,,,,,,,,,,,2013-2014,,,,
9,ru  Zenit,12,4,5,3,23,17,6,17,,Hulk - 4,Yuri Lodygin,Round of 16,2013-2014,,,,
10,eng  Arsenal,10,5,2,3,14,8,6,17,,"Olivier Giroud, Jack Wilshere... - 2",Wojciech Szczęsny,Round of 16,2013-2014,,,,
11,eng  Manchester City,8,5,0,3,19,14,5,15,,Sergio Agüero - 6,Joe Hart,Round of 16,2013-2014,,,,
12,de  Schalke 04,10,4,2,4,12,18,-6,14,,Julian Draxler - 3,"Ralf Fährmann, Timo Hildebrand",Round of 16,2013-2014,,,,
13,gr  Olympiacos,8,4,1,3,12,11,1,13,,"Kostas Mitroglou, Chori Domínguez - 3",Roberto,Round of 16,2013-2014,,,,
14,it  Milan,10,2,5,3,13,11,2,11,,"Kaká, Mario Balotelli - 2",Christian Abbiati,Round of 16,2013-2014,,,,
15,de  Leverkusen,8,3,1,4,10,16,-6,10,,Simon Rolfes - 3,Bernd Leno,Round of 16,2013-2014,,,,
16,tr  Galatasaray,8,2,2,4,9,17,-8,8,,Umut Bulut - 3,Fernando Muslera,Round of 16,2013-2014,,,,
,,,,,,,,,,,,,,2013-2014,,,,
17,cz  Viktoria Plzeň,12,6,1,5,26,24,2,19,,"Daniel Kolář, Marek Bakoš... - 1",Matúš Kozáčik,Group Stage,2013-2014,,,,
18,ch  Basel,10,4,4,2,15,11,4,16,,Mohamed Salah - 2,Yann Sommer,Group Stage,2013-2014,,,,
19,ro  Steaua,12,3,6,3,13,15,-2,15,,"Federico Piovaccari, Leandro Tatu - 1",Ciprian Tătărușanu,Group Stage,2013-2014,,,,
20,at  Austria Wien,10,3,4,3,10,13,-3,13,,"Roman Kienast, Philipp Hosiner - 2",Heinz Lindner,Group Stage,2013-2014,,,,
21,it  Napoli,6,4,0,2,10,9,1,12,,Gonzalo Higuaín - 4,Pepe Reina,Group Stage,2013-2014,,,,
22,sct  Celtic,12,3,3,6,12,16,-4,12,,"Beram Kayal, James Forrest... - 1",Fraser Forster,Group Stage,2013-2014,,,,
23,pt  Benfica,6,3,1,2,8,8,0,10,,"Filip Đuričić, Nicolás Gaitán... - 1",Artur Moraes,Group Stage,2013-2014,,,,
24,ua  Shakhtar,6,2,2,2,7,6,1,8,,Alex Teixeira - 3,Andriy Pyatov,Group Stage,2013-2014,,,,
25,nl  Ajax,6,2,2,2,5,8,-3,8,,Lasse Schöne - 2,Jasper Cillessen,Group Stage,2013-2014,,,,
26,it  Juventus,6,1,3,2,9,9,0,6,,Arturo Vidal - 5,Gianluigi Buffon,Group Stage,2013-2014,,,,
27,pt  Porto,6,1,2,3,4,7,-3,5,,"Lucho González, Jackson Martínez - 2",Helton Arruda,Group Stage,2013-2014,,,,
28,es  Real Sociedad,8,1,2,5,5,10,-5,5,,Carlos Vela - 1,Claudio Bravo,Group Stage,2013-2014,,,,
29,dk  FC Copenhagen,6,1,1,4,4,13,-9,4,,"Nicolai Jørgensen, Daniel Braaten... - 1",Johan Wiland,Group Stage,2013-2014,,,,
30,ru  CSKA Moscow,6,1,0,5,8,17,-9,3,,"Keisuke Honda, Seydou Doumbia... - 2",Igor Akinfeev,Group Stage,2013-2014,,,,
31,be  Anderlecht,6,0,1,5,4,17,-13,1,,"Massimo Bruno, Sacha Kljestan... - 1","Thomas Kaminski, Silvio Proto",Group Stage,2013-2014,,,,
32,fr  Marseille,6,0,0,6,5,14,-9,0,,André Ayew - 2,Steve Mandanda,Group Stage,2013-2014,,,,
1,es  Barcelona,13,11,0,2,31,11,20,33,"82,904","Lionel Messi, Neymar - 10",Marc-André ter Stegen,Winner,2014-2015,,,,
,,,,,,,,,,,,,,2014-2015,,,,
2,it  Juventus,13,7,3,3,17,10,7,24,"42,839",Carlos Tevez - 7,Gianluigi Buffon,Runner up,2014-2015,,,,
,,,,,,,,,,,,,,2014-2015,,,,
3,es  Real Madrid,12,8,2,2,24,9,15,26,"71,149",Cristiano Ronaldo - 10,Iker Casillas,Semi Finalist,2014-2015,,,,
4,de  Bayern Munich,12,8,1,3,33,13,20,25,"69,000",Thomas Müller - 7,Manuel Neuer,Semi Finalist,2014-2015,,,,
,,,,,,,,,,,,,,2014-2015,,,,
5,pt  Porto,12,8,3,1,28,12,16,27,"41,088",Jackson Martínez - 7,Fabiano,Quarter Finalist,2014-2015,,,,
6,es  Atlético Madrid,10,5,2,3,15,5,10,17,"43,954",Mario Mandžukić - 5,Miguel Ángel Moyá,Quarter Finalist,2014-2015,,,,
7,fr  Monaco,10,4,3,3,7,5,2,15,"9,848","Aymen Abdennour, Dimitar Berbatov... - 1",Danijel Subašić,Quarter Finalist,2014-2015,,,,
8,fr  Paris S-G,10,4,3,3,14,15,-1,15,"45,227",Edinson Cavani - 6,Salvatore Sirigu,Quarter Finalist,2014-2015,,,,
,,,,,,,,,,,,,,2014-2015,,,,
9,eng  Arsenal,10,6,2,2,19,11,8,20,"59,904","Danny Welbeck, Alexis Sánchez... - 3",Wojciech Szczęsny,Round of 16,2014-2015,,,,
10,de  Leverkusen,10,6,1,3,15,7,8,19,"25,647",Son Heung-min - 3,Bernd Leno,Round of 16,2014-2015,,,,
11,eng  Chelsea,8,4,4,0,20,6,14,16,"40,139",Eden Hazard - 3,Thibaut Courtois,Round of 16,2014-2015,,,,
12,de  Dortmund,8,4,1,3,15,9,6,13,"68,888",Ciro Immobile - 4,Roman Weidenfeller,Round of 16,2014-2015,,,,
13,de  Schalke 04,8,3,2,3,13,19,-6,11,"51,696",Klaas-Jan Huntelaar - 5,Ralf Fährmann,Round of 16,2014-2015,,,,
14,ua  Shakhtar,8,2,4,2,15,11,4,10,"33,655",Luiz Adriano - 9,Andriy Pyatov,Round of 16,2014-2015,,,,
15,eng  Manchester City,8,2,2,4,10,11,-1,8,"42,392",Sergio Agüero - 6,Joe Hart,Round of 16,2014-2015,,,,
16,ch  Basel,8,2,2,4,8,13,-5,8,"35,434",Derlis González - 3,Tomáš Vaclík,Round of 16,2014-2015,,,,
,,,,,,,,,,,,,,2014-2015,,,,
17,ru  Zenit,10,5,1,4,11,7,4,16,"16,052","Danny, Hulk... - 1",Yuri Lodygin,Group Stage,2014-2015,,,,
18,si  NK Maribor,12,3,6,3,11,16,-5,15,"10,709","Damjan Bohar, Agim Ibraimi... - 1",Jasmin Handanović,Group Stage,2014-2015,,,,
19,bg  Ludogorets,12,3,4,5,13,18,-5,13,"17,963",Dani Abalo - 2,Vladislav Stoyanov,Group Stage,2014-2015,,,,
20,se  Malmö,12,4,1,7,13,21,-8,13,"18,252",Markus Rosenberg - 3,Robin Olsen,Group Stage,2014-2015,,,,
21,by  BATE Borisov,12,3,3,6,10,28,-18,12,"12,719","Alyaksandr Karnitsky, Dzyanis Palyakow - 1",Sergei Chernik,Group Stage,2014-2015,,,,
22,es  Athletic Club,8,3,2,3,9,8,1,11,"43,592",Mikel San José - 2,Gorka Iraizoz,Group Stage,2014-2015,,,,
23,gr  Olympiacos,6,3,0,3,10,13,-3,9,"30,306","Ibrahim Afellay, Kostas Mitroglou - 2",Roberto,Group Stage,2014-2015,,,,
24,cy  APOEL FC,10,2,3,5,10,15,-5,9,"18,167",Gustavo Manduca - 1,Urko Pardo,Group Stage,2014-2015,,,,
25,pt  Sporting CP,6,2,1,3,12,12,0,7,"36,315",Nani - 4,Rui Patrício,Group Stage,2014-2015,,,,
26,be  Anderlecht,6,1,3,2,8,10,-2,6,"19,462","Aleksandar Mitrović, Chancel Mbemba... - 2",Silvio Proto,Group Stage,2014-2015,,,,
27,nl  Ajax,6,1,2,3,8,10,-2,5,"51,447",Lasse Schöne - 3,Jasper Cillessen,Group Stage,2014-2015,,,,
28,eng  Liverpool,6,1,2,3,5,9,-4,5,"43,373",Steven Gerrard - 2,Simon Mignolet,Group Stage,2014-2015,,,,
29,pt  Benfica,6,1,2,3,2,6,-4,5,"37,619","Eduardo Salvio, Talisca - 1",Júlio César,Group Stage,2014-2015,,,,
30,it  Roma,6,1,2,3,8,14,-6,5,"53,336",Gervinho - 3,Morgan De Sanctis,Group Stage,2014-2015,,,,
31,ru  CSKA Moscow,6,1,2,3,6,13,-7,5,"28,500",Seydou Doumbia - 3,Igor Akinfeev,Group Stage,2014-2015,,,,
32,tr  Galatasaray,6,0,1,5,4,19,-15,1,"28,489",Burak Yılmaz - 2,Fernando Muslera,Group Stage,2014-2015,,,,
1,es  Real Madrid,13,9,3,1,28,6,22,30,"72,831",Cristiano Ronaldo - 16,Keylor Navas,Winner,2015-2016,,,,
,,,,,,,,,,,,,,2015-2016,,,,
2,es  Atlético Madrid,13,6,4,3,17,8,9,22,"44,276",Antoine Griezmann - 7,Jan Oblak,Runner up,2015-2016,,,,
,,,,,,,,,,,,,,2015-2016,,,,
3,de  Bayern Munich,12,8,2,2,30,11,19,26,"70,000",Robert Lewandowski - 9,Manuel Neuer,Semi Finalist,2015-2016,,,,
4,eng  Manchester City,12,6,3,3,18,12,6,21,"47,780","Kevin De Bruyne, Raheem Sterling - 3",Joe Hart,Semi Finalist,2015-2016,,,,
,,,,,,,,,,,,,,2015-2016,,,,
5,es  Barcelona,10,7,2,1,22,8,14,23,"74,651",Luis Suárez - 8,Marc-André ter Stegen,Quarter Finalist,2015-2016,,,,
6,de  Wolfsburg,10,7,0,3,15,11,4,21,"23,955",Julian Draxler - 3,Diego Benaglio,Quarter Finalist,2015-2016,,,,
7,fr  Paris S-G,10,6,2,2,18,6,12,20,"46,322",Zlatan Ibrahimović - 5,Kevin Trapp,Quarter Finalist,2015-2016,,,,
8,pt  Benfica,10,5,2,3,15,12,3,17,"45,601",Nicolás Gaitán - 4,Júlio César,Quarter Finalist,2015-2016,,,,
,,,,,,,,,,,,,,2015-2016,,,,
9,ru  Zenit,8,5,0,3,14,9,5,15,"17,576",Artem Dzyuba - 6,Yuri Lodygin,Round of 16,2015-2016,,,,
10,eng  Chelsea,8,4,1,3,15,7,8,13,"40,153",Willian - 5,Asmir Begović,Round of 16,2015-2016,,,,
11,ua  Dynamo Kyiv,8,3,3,2,9,7,2,12,"41,707","Andriy Yarmolenko, Vitaliy Buyalskyi - 2",Oleksandr Shovkovskiy,Round of 16,2015-2016,,,,
12,it  Juventus,8,3,3,2,10,9,1,12,"39,241","Álvaro Morata, Mario Mandžukić - 2",Gianluigi Buffon,Round of 16,2015-2016,,,,
13,nl  PSV Eindhoven,8,3,3,2,8,7,1,12,"34,810","Luuk de Jong, Maxime Lestienne - 2",Jeroen Zoet,Round of 16,2015-2016,,,,
14,be  Gent,8,3,1,4,10,11,-1,10,"19,752",Danijel Milićević - 3,Matz Sels,Round of 16,2015-2016,,,,
15,eng  Arsenal,8,3,0,5,13,15,-2,9,"57,030",Olivier Giroud - 5,Petr Čech,Round of 16,2015-2016,,,,
16,it  Roma,8,1,3,4,11,20,-9,6,"45,325","Miralem Pjanić, Edin Džeko... - 2",Wojciech Szczęsny,Round of 16,2015-2016,,,,
,,,,,,,,,,,,,,2015-2016,,,,
17,by  BATE Borisov,12,4,4,4,11,16,-5,16,"12,332",Filip Mladenović - 2,Sergei Chernik,Group Stage,2015-2016,,,,
18,kz  FC Astana,12,3,6,3,14,17,-3,15,"25,555",Patrick Twumasi - 2,Nenad Erić,Group Stage,2015-2016,,,,
19,hr  Dinamo Zagreb,12,4,3,5,17,21,-4,15,"14,419","Junior Fernándes, Josip Pivarić... - 1",Eduardo Carvalho,Group Stage,2015-2016,,,,
20,eng  Manchester Utd,8,4,2,2,14,8,6,14,"75,152",Anthony Martial - 2,David de Gea,Group Stage,2015-2016,,,,
21,se  Malmö,12,4,1,7,9,26,-17,13,"19,059",Markus Rosenberg - 1,Johan Wiland,Group Stage,2015-2016,,,,
22,ru  CSKA Moscow,10,3,2,5,14,16,-2,11,"15,763",Seydou Doumbia - 3,Igor Akinfeev,Group Stage,2015-2016,,,,
23,ua  Shakhtar,10,3,2,5,13,16,-3,11,"30,406",Alex Teixeira - 3,Andriy Pyatov,Group Stage,2015-2016,,,,
24,pt  Porto,6,3,1,2,9,8,1,10,"37,516",Vincent Aboubakar - 3,Iker Casillas,Group Stage,2015-2016,,,,
25,de  Leverkusen,8,2,3,3,16,13,3,9,"27,832",Javier Hernández - 5,Bernd Leno,Group Stage,2015-2016,,,,
26,es  Valencia,8,3,0,5,9,12,-3,9,"36,085","João Cancelo, Sofiane Feghouli... - 1",Jaume Doménech,Group Stage,2015-2016,,,,
27,gr  Olympiacos,6,3,0,3,6,13,-7,9,"31,516",Felipe Pardo - 3,Roberto,Group Stage,2015-2016,,,,
28,il  Maccabi Tel Aviv,12,2,2,8,13,24,-11,8,"20,460",Eran Zahavi - 1,Predrag Rajković,Group Stage,2015-2016,,,,
29,es  Sevilla,6,2,0,4,8,11,-3,6,"37,268","Yevhen Konoplyanka, Éver Banega - 2",Sergio Rico,Group Stage,2015-2016,,,,
30,de  Gladbach,6,1,2,3,8,12,-4,5,"45,870",Lars Stindl - 3,Yann Sommer,Group Stage,2015-2016,,,,
31,tr  Galatasaray,6,1,2,3,6,10,-4,5,"31,183","Lukas Podolski, Selçuk İnan - 2",Fernando Muslera,Group Stage,2015-2016,,,,
32,fr  Lyon,6,1,1,4,5,9,-4,4,"31,304",Alexandre Lacazette - 2,Anthony Lopes,Group Stage,2015-2016,,,,
1,es  Real Madrid,13,9,3,1,35,18,17,30,"75,547",Cristiano Ronaldo - 12,Keylor Navas,Winner,2016-2017,,,,
,,,,,,,,,,,,,,2016-2017,,,,
2,it  Juventus,13,9,3,1,22,6,16,30,"43,048",Gonzalo Higuaín - 5,Gianluigi Buffon,Runner up,2016-2017,,,,
,,,,,,,,,,,,,,2016-2017,,,,
3,es  Atlético Madrid,12,9,1,2,18,10,8,28,"46,751",Antoine Griezmann - 6,Jan Oblak,Semi Finalist,2016-2017,,,,
4,fr  Monaco,12,5,3,4,19,19,0,18,"12,247",Kylian Mbappé - 6,Danijel Subašić,Semi Finalist,2016-2017,,,,
,,,,,,,,,,,,,,2016-2017,,,,
5,es  Barcelona,10,6,1,3,26,12,14,19,"85,863",Lionel Messi - 11,Marc-André ter Stegen,Quarter Finalist,2016-2017,,,,
6,de  Bayern Munich,10,6,0,4,27,14,13,18,"70,000",Robert Lewandowski - 8,Manuel Neuer,Quarter Finalist,2016-2017,,,,
7,de  Dortmund,10,5,2,3,28,16,12,17,"63,698",Pierre-Emerick Aubameyang - 7,Roman Bürki,Quarter Finalist,2016-2017,,,,
8,eng  Leicester City,10,5,2,3,11,10,1,17,"31,471",Riyad Mahrez - 4,Kasper Schmeichel,Quarter Finalist,2016-2017,,,,
,,,,,,,,,,,,,,2016-2017,,,,
9,fr  Paris S-G,8,4,3,1,18,13,5,15,"45,516",Edinson Cavani - 8,Alphonse Areola,Round of 16,2016-2017,,,,
10,eng  Arsenal,8,4,2,2,20,16,4,14,"59,869","Mesut Özil, Theo Walcott - 4",David Ospina,Round of 16,2016-2017,,,,
11,es  Sevilla,8,4,2,2,9,6,3,14,"37,433",Wissam Ben Yedder - 2,Sergio Rico,Round of 16,2016-2017,,,,
12,eng  Manchester City,8,3,4,1,17,13,4,13,"45,664",Sergio Agüero - 5,Willy Caballero,Round of 16,2016-2017,,,,
13,pt  Porto,8,3,2,3,9,6,3,11,"40,297",André Silva - 4,Iker Casillas,Round of 16,2016-2017,,,,
14,it  Napoli,8,3,2,3,13,14,-1,11,"40,054",Dries Mertens - 5,Pepe Reina,Round of 16,2016-2017,,,,
15,pt  Benfica,8,3,2,3,11,14,-3,11,"51,131",Eduardo Salvio - 3,Ederson,Round of 16,2016-2017,,,,
16,de  Leverkusen,8,2,4,2,11,11,0,10,"25,894","Kevin Kampl, Kevin Volland... - 1",Bernd Leno,Round of 16,2016-2017,,,,
,,,,,,,,,,,,,,2016-2017,,,,
17,dk  FC Copenhagen,6,2,3,1,7,2,5,9,"22,680",Mathias Jørgensen - 2,Robin Olsen,Group Stage,2016-2017,,,,
18,fr  Lyon,6,2,2,2,5,3,2,8,"50,028",Corentin Tolisso - 2,Anthony Lopes,Group Stage,2016-2017,,,,
19,eng  Tottenham,6,2,1,3,6,6,0,7,"77,519",Harry Kane - 2,Hugo Lloris,Group Stage,2016-2017,,,,
20,tr  Beşiktaş,6,1,4,1,9,14,-5,7,"35,184","Vincent Aboubakar, Ricardo Quaresma - 3",Tolga Zengin,Group Stage,2016-2017,,,,
21,ua  Dynamo Kyiv,6,1,2,3,8,6,2,5,"25,055","Derlis González, Vitaliy Buyalskyi... - 1",Artur Rudko,Group Stage,2016-2017,,,,
22,ru  Rostov,6,1,2,3,6,12,-6,5,"14,669",Dmitry Poloz - 3,Soslan Dzhanayev,Group Stage,2016-2017,,,,
23,de  Gladbach,6,1,2,3,5,12,-7,5,"45,447",Lars Stindl - 2,Yann Sommer,Group Stage,2016-2017,,,,
24,pl  Legia Warsaw,6,1,1,4,9,24,-15,4,"19,873","Aleksandar Prijović, Miroslav Radović - 2",Arkadiusz Malarz,Group Stage,2016-2017,,,,
25,pt  Sporting CP,6,1,0,5,5,8,-3,3,"45,583",Bruno César - 2,Rui Patrício,Group Stage,2016-2017,,,,
26,ru  CSKA Moscow,6,0,3,3,5,11,-6,3,"23,147",Alan Dzagoev - 2,Igor Akinfeev,Group Stage,2016-2017,,,,
27,bg  Ludogorets,6,0,3,3,6,15,-9,3,"15,735",Jonathan Cafu - 2,Vladislav Stoyanov,Group Stage,2016-2017,,,,
28,sct  Celtic,6,0,3,3,5,16,-11,3,"55,764",Moussa Dembélé - 3,Craig Gordon,Group Stage,2016-2017,,,,
29,nl  PSV Eindhoven,6,0,2,4,4,11,-7,2,"34,130","Davy Pröpper, Luuk de Jong... - 1",Jeroen Zoet,Group Stage,2016-2017,,,,
30,ch  Basel,6,0,2,4,3,12,-9,2,"33,830","Seydou Doumbia, Renato Steffen... - 1",Tomáš Vaclík,Group Stage,2016-2017,,,,
31,be  Club Brugge,6,0,0,6,2,14,-12,0,"21,108","Jelle Vossen, José Izquierdo - 1",Ludovic Butelle,Group Stage,2016-2017,,,,
32,hr  Dinamo Zagreb,6,0,0,6,0,15,-15,0,"11,986",,Dominik Livaković,Group Stage,2016-2017,,,,
Rk,Squad,MP,W,D,L,GF,GA,GD,Pts,xG,xGA,xGD,xGD/90,Attendance,Top Team Scorer,Goalkeeper,Notes,Season
1,es  Real Madrid,13,9,2,2,33,16,17,29,33,20,13.1,1.01,"73,421",Cristiano Ronaldo - 15,Keylor Navas,Winner,2017-2018
,,,,,,,,,,,,,,,,,,2017-2018
2,eng  Liverpool,13,7,4,2,41,16,25,25,33,13.2,19.7,1.52,"50,224","Roberto Firmino, Sadio Mané... - 10",Loris Karius,Runner up,2017-2018
,,,,,,,,,,,,,,,,,,2017-2018
3,de  Bayern Munich,12,8,2,2,26,12,14,26,27.4,14.2,13.2,1.1,"70,000",Robert Lewandowski - 5,Sven Ulreich,Semi Finalist,2017-2018
4,it  Roma,12,6,2,4,21,19,2,20,19.1,18.2,0.9,0.07,"48,587",Edin Džeko - 8,Alisson,Semi Finalist,2017-2018
,,,,,,,,,,,,,,,,,,2017-2018
5,es  Barcelona,10,6,3,1,17,6,11,21,13.7,8.9,4.8,0.48,"73,861",Lionel Messi - 6,Marc-André ter Stegen,Quarter Finalist,2017-2018
6,eng  Manchester City,10,6,0,4,20,12,8,18,15.7,11,4.6,0.46,"48,050","Gabriel Jesus, Raheem Sterling... - 4",Ederson,Quarter Finalist,2017-2018
7,it  Juventus,10,5,3,2,14,12,2,18,16.9,13.6,3.3,0.33,"38,541",Gonzalo Higuaín - 5,Gianluigi Buffon,Quarter Finalist,2017-2018
8,es  Sevilla,10,3,5,2,15,15,0,14,16.1,13.9,2.2,0.22,"37,807",Wissam Ben Yedder - 8,Sergio Rico,Quarter Finalist,2017-2018
,,,,,,,,,,,,,,,,,,2017-2018
9,eng  Tottenham,8,5,2,1,18,8,10,17,13.1,12.6,0.5,0.06,"69,454",Harry Kane - 7,Hugo Lloris,Round of 16,2017-2018
10,eng  Manchester Utd,8,5,1,2,13,5,8,16,18,8.2,9.8,1.23,"74,467",Romelu Lukaku - 5,David de Gea,Round of 16,2017-2018
11,fr  Paris S-G,8,5,0,3,27,9,18,15,17.2,9.5,7.7,0.96,"46,382",Edinson Cavani - 7,Alphonse Areola,Round of 16,2017-2018
12,ch  Basel,8,5,0,3,13,10,3,15,10.4,10.7,-0.3,-0.04,"34,854",Dimitri Oberlin - 4,Tomáš Vaclík,Round of 16,2017-2018
13,ua  Shakhtar,8,5,0,3,11,11,0,15,9.9,13.7,-3.8,-0.48,"31,382","Facundo Ferreyra, Bernard - 3",Andriy Pyatov,Round of 16,2017-2018
14,tr  Beşiktaş,8,4,2,2,12,13,-1,14,8.6,15.1,-6.5,-0.81,"37,448","Talisca, Cenk Tosun - 4",Fabricio,Round of 16,2017-2018
15,eng  Chelsea,8,3,3,2,17,12,5,12,15.5,7.7,7.8,0.97,"40,218","Eden Hazard, Willian - 3",Thibaut Courtois,Round of 16,2017-2018
16,pt  Porto,8,3,2,3,15,15,0,11,10.9,11.2,-0.3,-0.04,"43,568",Vincent Aboubakar - 5,José Sá,Round of 16,2017-2018
,,,,,,,,,,,,,,,,,,2017-2018
17,ru  CSKA Moscow,6,3,0,3,8,10,-2,9,5.7,12.9,-7.2,-1.2,"22,468",Vitinho - 2,Igor Akinfeev,Group Stage,2017-2018
18,es  Atlético Madrid,6,1,4,1,5,4,1,7,11.3,6.9,4.4,0.74,"57,596",Antoine Griezmann - 2,Jan Oblak,Group Stage,2017-2018
19,de  RB Leipzig,6,2,1,3,10,11,-1,7,9.6,7.7,2,0.33,"41,374",Timo Werner - 3,Péter Gulácsi,Group Stage,2017-2018
20,pt  Sporting CP,6,2,1,3,8,9,-1,7,7.3,7.1,0.2,0.04,"46,556","Bas Dost, Bruno César - 2",Rui Patrício,Group Stage,2017-2018
21,it  Napoli,6,2,0,4,11,11,0,6,10.1,8.2,1.8,0.31,"31,739",Lorenzo Insigne - 3,Pepe Reina,Group Stage,2017-2018
22,ru  Spartak Moscow,6,1,3,2,9,13,-4,6,6.8,11.4,-4.6,-0.77,"43,534","Quincy Promes, Zé Luís - 2",Aleksandr Selikhov,Group Stage,2017-2018
23,nl  Feyenoord,6,1,0,5,5,14,-9,3,5.4,8.6,-3.3,-0.54,"41,167",Nicolai Jørgensen - 2,Brad Jones,Group Stage,2017-2018
24,sct  Celtic,6,1,0,5,5,18,-13,3,4.7,10.5,-5.7,-0.96,"55,838","Scott Sinclair, Callum McGregor... - 1",Craig Gordon,Group Stage,2017-2018
25,si  NK Maribor,6,0,3,3,3,16,-13,3,4.1,16.1,-12,-1.99,"10,154","Damjan Bohar, Marcos Tavares... - 1",Jasmin Handanović,Group Stage,2017-2018
26,be  Anderlecht,6,1,0,5,2,17,-15,3,5.4,14.2,-8.8,-1.47,"19,586",Sofiane Hanni - 1,"Frank Boeckx, Matz Sels",Group Stage,2017-2018
27,de  Dortmund,6,0,2,4,7,13,-6,2,9.6,9.8,-0.2,-0.04,"65,399",Pierre-Emerick Aubameyang - 4,Roman Bürki,Group Stage,2017-2018
28,fr  Monaco,6,0,2,4,6,16,-10,2,5.9,9.7,-3.8,-0.63,"9,378",Radamel Falcao - 3,"Danijel Subašić, Diego Benaglio",Group Stage,2017-2018
29,az  Qarabağ,6,0,2,4,2,14,-12,2,2.4,14.8,-12.4,-2.06,"42,496","Míchel, Pedro Henrique - 1",Ibrahim Šehić,Group Stage,2017-2018
30,cy  APOEL FC,6,0,2,4,2,17,-15,2,3.9,16.5,-12.7,-2.11,"15,392",Mickaël Poté - 2,Nauzet Pérez,Group Stage,2017-2018
31,gr  Olympiacos,6,0,1,5,4,13,-9,1,3.4,13.8,-10.3,-1.72,"27,308",Felipe Pardo - 2,Silvio Proto,Group Stage,2017-2018
32,pt  Benfica,6,0,0,6,1,14,-13,0,6.2,10.4,-4.2,-0.69,"39,492",Haris Seferović - 1,Mile Svilar,Group Stage,2017-2018
1,eng  Liverpool,13,8,1,4,24,12,12,25,28.3,13.9,14.4,1.11,"52,907",Mohamed Salah - 5,Alisson,Winner,2018-2019
,,,,,,,,,,,,,,,,,,2018-2019
2,eng  Tottenham,13,6,2,5,20,19,1,20,20.5,16.1,4.4,0.34,"62,947","Harry Kane, Lucas Moura - 5",Hugo Lloris,Runner up,2018-2019
,,,,,,,,,,,,,,,,,,2018-2019
3,es  Barcelona,12,8,3,1,26,10,16,27,23.1,14.4,8.6,0.72,"86,178",Lionel Messi - 12,Marc-André ter Stegen,Semi Finalist,2018-2019
4,nl  Ajax,12,6,4,2,22,13,9,22,22.3,17.8,4.5,0.38,"52,221",Dušan Tadić - 6,André Onana,Semi Finalist,2018-2019
,,,,,,,,,,,,,,,,,,2018-2019
5,eng  Manchester City,10,7,1,2,30,12,18,22,22.9,10.1,12.8,1.28,"49,535",Sergio Agüero - 6,Ederson,Quarter Finalist,2018-2019
6,pt  Porto,10,6,1,3,20,15,5,19,16.9,19.4,-2.5,-0.25,"43,415",Moussa Marega - 6,Iker Casillas,Quarter Finalist,2018-2019
7,it  Juventus,10,5,1,4,14,9,5,16,18.9,10.1,8.8,0.88,"40,766",Cristiano Ronaldo - 6,Wojciech Szczęsny,Quarter Finalist,2018-2019
8,eng  Manchester Utd,10,4,1,5,10,11,-1,13,10.4,13.7,-3.2,-0.32,"73,708","Romelu Lukaku, Paul Pogba... - 2",David de Gea,Quarter Finalist,2018-2019
,,,,,,,,,,,,,,,,,,2018-2019
9,es  Atlético Madrid,8,5,1,2,11,9,2,16,8.1,9.1,-1,-0.12,"60,068",Antoine Griezmann - 4,Jan Oblak,Round of 16,2018-2019
10,de  Bayern Munich,8,4,3,1,16,8,8,15,14.7,9.3,5.4,0.68,"69,536",Robert Lewandowski - 8,Manuel Neuer,Round of 16,2018-2019
11,es  Real Madrid,8,5,0,3,15,10,5,15,16.9,10.8,6.1,0.76,"66,314",Karim Benzema - 4,Thibaut Courtois,Round of 16,2018-2019
12,fr  Paris S-G,8,4,2,2,20,12,8,14,16.9,10.5,6.4,0.8,"45,144",Neymar - 5,Gianluigi Buffon,Round of 16,2018-2019
13,de  Dortmund,8,4,1,3,10,6,4,13,12.2,6.8,5.5,0.68,"66,099",Raphaël Guerreiro - 4,Roman Bürki,Round of 16,2018-2019
14,it  Roma,8,4,0,4,14,12,2,12,15,14,1,0.12,"49,525",Edin Džeko - 5,Robin Olsen,Round of 16,2018-2019
15,de  Schalke 04,8,3,2,3,8,14,-6,11,10.5,11.9,-1.4,-0.17,"50,949",Nabil Bentaleb - 3,Ralf Fährmann,Round of 16,2018-2019
16,fr  Lyon,8,1,6,1,13,16,-3,9,12.3,17.2,-5,-0.62,"41,945","Nabil Fekir, Maxwel Cornet - 3",Anthony Lopes,Round of 16,2018-2019
,,,,,,,,,,,,,,,,,,2018-2019
17,it  Napoli,6,2,3,1,7,5,2,9,10.9,6.5,4.4,0.73,"45,672","Lorenzo Insigne, Dries Mertens - 3",David Ospina,Group Stage,2018-2019
18,es  Valencia,6,2,2,2,6,6,0,8,6.9,11.1,-4.2,-0.7,"39,697","Santi Mina, Carlos Soler - 2",Neto,Group Stage,2018-2019
19,it  Inter,6,2,2,2,6,7,-1,8,8.6,7.8,0.8,0.13,"65,857",Mauro Icardi - 4,Samir Handanović,Group Stage,2018-2019
20,ru  CSKA Moscow,6,2,1,3,8,9,-1,7,6.9,11.6,-4.8,-0.79,"63,052",Nikola Vlašić - 3,Igor Akinfeev,Group Stage,2018-2019
21,pt  Benfica,6,2,1,3,6,11,-5,7,6.2,10.7,-4.5,-0.75,"49,439",Álex Grimaldo - 2,Odysseas Vlachodimos,Group Stage,2018-2019
22,cz  Viktoria Plzeň,6,2,1,3,7,16,-9,7,7.8,12.3,-4.5,-0.75,"11,337",Michal Krmenčík - 2,Aleš Hruška,Group Stage,2018-2019
23,be  Club Brugge,6,1,3,2,6,5,1,6,5.4,6.3,-0.9,-0.15,"24,928","Hans Vanaken, Wesley Moraes - 2","Ethan Horvath, Karlo Letica",Group Stage,2018-2019
24,ua  Shakhtar,6,1,3,2,8,16,-8,6,6.9,13.2,-6.3,-1.04,"34,786",Júnior Moraes - 3,Andriy Pyatov,Group Stage,2018-2019
25,tr  Galatasaray,6,1,1,4,5,8,-3,4,9.9,9.6,0.2,0.04,"41,394",Eren Derdiyok - 2,Fernando Muslera,Group Stage,2018-2019
26,ch  Young Boys,6,1,1,4,4,12,-8,4,6.5,11.5,-5,-0.83,"28,454",Guillaume Hoarau - 3,David von Ballmoos,Group Stage,2018-2019
27,rs  Red Star,6,1,1,4,5,17,-12,4,2.9,19.4,-16.6,-2.76,"33,284",Milan Pavkov - 2,Milan Borjan,Group Stage,2018-2019
28,de  Hoffenheim,6,0,3,3,11,14,-3,3,11.1,12.3,-1.2,-0.21,"23,972",Andrej Kramarić - 5,Oliver Baumann,Group Stage,2018-2019
29,ru  Loko Moscow,6,1,0,5,4,12,-8,3,6.6,9.2,-2.5,-0.42,"17,181","Vladislav Ignatyev, Anton Miranchuk... - 1",Guilherme Marinato,Group Stage,2018-2019
30,nl  PSV Eindhoven,6,0,2,4,6,13,-7,2,7.1,13.9,-6.8,-1.13,"34,638",Luuk de Jong - 3,Jeroen Zoet,Group Stage,2018-2019
31,fr  Monaco,6,0,1,5,2,14,-12,1,5.1,11,-5.9,-0.99,"9,218","Samuel Grandsir, Moussa Sylla - 1",Diego Benaglio,Group Stage,2018-2019
32,gr  AEK Athens,6,0,0,6,2,13,-11,0,4.7,11.9,-7.2,-1.2,"36,041",Viktor Klonaridis - 2,Vasilios Barkas,Group Stage,2018-2019
1,de  Bayern Munich,11,11,0,0,43,8,35,33,35.5,10.2,25.3,2.3,"50,000",Robert Lewandowski - 15,Manuel Neuer,Winner,2019-2020
,,,,,,,,,,,,,,,,,,2019-2020
2,fr  Paris S-G,11,8,1,2,25,6,19,25,26.2,12.3,13.9,1.27,"28,058","Mauro Icardi, Kylian Mbappé - 5",Keylor Navas,Runner up,2019-2020
,,,,,,,,,,,,,,,,,,2019-2020
3,de  RB Leipzig,10,6,2,2,16,12,4,20,18,13,5,0.5,"26,956","Timo Werner, Marcel Sabitzer... - 4",Péter Gulácsi,Semi Finalist,2019-2020
4,fr  Lyon,10,4,2,4,14,14,0,14,12.7,18.4,-5.7,-0.57,"41,780",Memphis - 6,Anthony Lopes,Semi Finalist,2019-2020
,,,,,,,,,,,,,,,,,,2019-2020
5,eng  Manchester City,9,6,2,1,21,9,12,20,25.1,7.9,17.2,1.91,"30,075","Raheem Sterling, Gabriel Jesus - 6",Ederson,Quarter Finalist,2019-2020
6,es  Barcelona,9,5,3,1,15,14,1,18,14.4,17.9,-3.5,-0.39,"48,647",Luis Suárez - 5,Marc-André ter Stegen,Quarter Finalist,2019-2020
7,es  Atlético Madrid,9,5,1,3,13,9,4,16,15.3,9.1,6.1,0.68,"62,232","Álvaro Morata, João Félix - 3",Jan Oblak,Quarter Finalist,2019-2020
8,it  Atalanta,9,4,1,4,17,18,-1,13,17.7,18.9,-1.2,-0.14,"26,216",Josip Iličić - 5,Pierluigi Gollini,Quarter Finalist,2019-2020
,,,,,,,,,,,,,,,,,,2019-2020
9,it  Juventus,8,6,1,1,14,6,8,19,12,10.9,1.2,0.15,"28,390",Cristiano Ronaldo - 4,Wojciech Szczęsny,Round of 16,2019-2020
10,it  Napoli,8,3,4,1,13,8,5,13,14.9,11,3.9,0.48,"34,598",Dries Mertens - 6,Alex Meret,Round of 16,2019-2020
11,eng  Liverpool,8,4,1,3,15,12,3,13,16.2,8.8,7.4,0.92,"52,312",Mohamed Salah - 4,Alisson,Round of 16,2019-2020
12,de  Dortmund,8,4,1,3,10,11,-1,13,14.4,13.1,1.4,0.17,"65,844",Achraf Hakimi - 4,Roman Bürki,Round of 16,2019-2020
13,es  Real Madrid,8,3,2,3,16,12,4,11,16.6,13.7,2.8,0.36,"70,438",Karim Benzema - 5,Thibaut Courtois,Round of 16,2019-2020
14,es  Valencia,8,3,2,3,13,15,-2,11,14.7,15.7,-1,-0.13,"31,599","Rodrigo, Denis Cheryshev... - 2",Jasper Cillessen,Round of 16,2019-2020
15,eng  Chelsea,8,3,2,3,12,16,-4,11,17.5,12.7,4.7,0.59,"38,845",Tammy Abraham - 3,Kepa Arrizabalaga,Round of 16,2019-2020
16,eng  Tottenham,8,3,1,4,18,18,0,10,14.5,11.2,3.3,0.42,"57,247",Harry Kane - 6,"Hugo Lloris, Paulo Gazzaniga",Round of 16,2019-2020
,,,,,,,,,,,,,,,,,,2019-2020
17,nl  Ajax,6,3,1,2,12,6,6,10,7.5,13.8,-6.3,-1.05,"52,288",Quincy Promes - 4,André Onana,Group Stage,2019-2020
18,at  RB Salzburg,6,2,1,3,16,13,3,7,13.7,11.9,1.8,0.3,"29,520",Erling Haaland - 8,Cican Stankovic,Group Stage,2019-2020
19,it  Inter,6,2,1,3,10,9,1,7,10,10.3,-0.3,-0.05,"62,540",Lautaro Martínez - 5,Samir Handanović,Group Stage,2019-2020
20,pt  Benfica,6,2,1,3,10,11,-1,7,8.1,9.4,-1.3,-0.22,"46,576",Pizzi - 3,Odysseas Vlachodimos,Group Stage,2019-2020
21,ru  Zenit,6,2,1,3,7,9,-2,7,6.1,9.5,-3.3,-0.55,"51,106","Sardar Azmoun, Artem Dzyuba - 2",Mikhail Kerzhakov,Group Stage,2019-2020
22,de  Leverkusen,6,2,0,4,5,9,-4,6,6.7,6.8,0,-0.01,"28,098","Sven Bender, Kevin Volland - 1",Lukáš Hrádecký,Group Stage,2019-2020
23,ua  Shakhtar,6,1,3,2,8,13,-5,6,8.3,13.1,-4.8,-0.81,"28,246","Júnior Moraes, Manor Solomon - 2",Andriy Pyatov,Group Stage,2019-2020
24,hr  Dinamo Zagreb,6,1,2,3,10,13,-3,5,7.5,16.3,-8.8,-1.46,"20,784",Mislav Oršić - 4,Dominik Livaković,Group Stage,2019-2020
25,gr  Olympiacos,6,1,1,4,8,14,-6,4,7.9,12.1,-4.3,-0.71,"30,391",Youssef El-Arabi - 3,José Sá,Group Stage,2019-2020
26,ru  Loko Moscow,6,1,0,5,4,11,-7,3,6,13.1,-7,-1.17,"26,557",Aleksei Miranchuk - 2,Guilherme Marinato,Group Stage,2019-2020
27,be  Club Brugge,6,0,3,3,4,12,-8,3,7.4,10.4,-3,-0.51,"26,641",Emmanuel Dennis - 2,Simon Mignolet,Group Stage,2019-2020
28,rs  Red Star,6,1,0,5,3,20,-17,3,4,19.8,-15.8,-2.64,"39,733","Richmond Boakye, Nemanja Milunović... - 1",Milan Borjan,Group Stage,2019-2020
29,cz  Slavia Prague,6,0,2,4,4,10,-6,2,9.4,12.2,-2.8,-0.46,"19,118",Tomáš Souček - 2,Ondřej Kolář,Group Stage,2019-2020
30,tr  Galatasaray,6,0,2,4,1,14,-13,2,4.2,16.4,-12.2,-2.03,"43,306",Adem Büyük - 1,Fernando Muslera,Group Stage,2019-2020
31,fr  Lille,6,0,1,5,4,14,-10,1,8.8,10.1,-1.3,-0.22,"48,208",Victor Osimhen - 2,Mike Maignan,Group Stage,2019-2020
32,be  Genk,6,0,1,5,5,20,-15,1,6.9,18.2,-11.3,-1.88,"18,957",Mbwana Samatta - 3,Gaëtan Coucke,Group Stage,2019-2020
1,eng  Chelsea,13,9,3,1,23,4,19,30,26,9,17,1.31,333,Olivier Giroud - 6,Edouard Mendy,Winner,2020-2021
,,,,,,,,,,,,,,,,,,2020-2021
2,eng  Manchester City,13,11,1,1,25,5,20,34,22.5,7.2,15.3,1.18,"2,016","Riyad Mahrez, Ferrán Torres - 4",Ederson,Runner up,2020-2021
,,,,,,,,,,,,,,,,,,2020-2021
3,es  Real Madrid,12,6,3,3,19,14,5,21,19.2,15.6,3.7,0.3,,Karim Benzema - 6,Thibaut Courtois,Semi Finalist,2020-2021
4,fr  Paris S-G,12,6,1,5,22,15,7,19,21.4,18.8,2.6,0.22,,Kylian Mbappé - 8,Keylor Navas,Semi Finalist,2020-2021
,,,,,,,,,,,,,,,,,,2020-2021
5,de  Bayern Munich,10,8,1,1,27,10,17,25,21.8,14,7.8,0.78,,Robert Lewandowski - 5,Manuel Neuer,Quarter Finalist,2020-2021
6,eng  Liverpool,10,6,2,2,15,6,9,20,14.7,13.9,0.8,0.08,,Mohamed Salah - 6,Alisson,Quarter Finalist,2020-2021
7,pt  Porto,10,6,1,3,15,9,6,19,12.5,15.1,-2.6,-0.26,490,Sérgio Oliveira - 5,Agustín Marchesín,Quarter Finalist,2020-2021
8,de  Dortmund,10,5,2,3,19,13,6,17,14.4,13.6,0.8,0.08,,Erling Haaland - 10,Marwin Hitz,Quarter Finalist,2020-2021
,,,,,,,,,,,,,,,,,,2020-2021
9,it  Juventus,8,6,0,2,18,8,10,18,15.8,9.8,6,0.76,,Álvaro Morata - 6,Wojciech Szczęsny,Round of 16,2020-2021
10,es  Barcelona,8,5,1,2,18,10,8,16,20.4,12.9,7.5,0.94,,Lionel Messi - 5,Marc-André ter Stegen,Round of 16,2020-2021
11,es  Sevilla,8,4,2,2,13,13,0,14,12.1,11.1,1,0.12,,Youssef En-Nesyri - 6,Yassine Bounou,Round of 16,2020-2021
12,de  RB Leipzig,8,4,0,4,11,16,-5,12,10.6,12.8,-2.2,-0.27,250,Angeliño - 3,Péter Gulácsi,Round of 16,2020-2021
13,it  Atalanta,8,3,2,3,11,12,-1,11,11.7,10.4,1.3,0.16,,"Luis Muriel, Duván Zapata - 3",Marco Sportiello,Round of 16,2020-2021
14,it  Lazio,8,2,4,2,13,13,0,10,13.1,11.6,1.5,0.19,250,Ciro Immobile - 5,Pepe Reina,Round of 16,2020-2021
15,es  Atlético Madrid,8,2,3,3,7,11,-4,9,9.2,10.3,-1.1,-0.14,,João Félix - 3,Jan Oblak,Round of 16,2020-2021
16,de  Gladbach,8,2,2,4,16,13,3,8,11.6,13.8,-2.3,-0.28,,Alassane Pléa - 5,Yann Sommer,Round of 16,2020-2021
,,,,,,,,,,,,,,,,,,2020-2021
17,eng  Manchester Utd,6,3,0,3,15,10,5,9,11.5,8.4,3.1,0.51,374,Marcus Rashford - 6,David de Gea,Group Stage,2020-2021
18,be  Club Brugge,6,2,2,2,8,10,-2,8,8.5,9.3,-0.8,-0.13,,Hans Vanaken - 3,Simon Mignolet,Group Stage,2020-2021
19,ua  Shakhtar,6,2,2,2,5,12,-7,8,4.7,11,-6.3,-1.05,"3,393",Manor Solomon - 2,Anatolii Trubin,Group Stage,2020-2021
20,nl  Ajax,6,2,1,3,7,7,0,7,8.1,8,0,0.01,,Dušan Tadić - 2,André Onana,Group Stage,2020-2021
21,it  Inter,6,1,3,2,7,9,-2,6,8.3,6.5,1.8,0.3,333,Romelu Lukaku - 4,Samir Handanović,Group Stage,2020-2021
22,ru  Krasnodar,6,1,2,3,6,11,-5,5,6.4,11.9,-5.5,-0.92,"7,461",Marcus Berg - 2,Matvei Safonov,Group Stage,2020-2021
23,at  RB Salzburg,6,1,1,4,10,17,-7,4,11.2,9.3,2,0.33,750,Mergim Berisha - 4,Cican Stankovic,Group Stage,2020-2021
24,ua  Dynamo Kyiv,6,1,1,4,4,13,-9,4,6.3,13,-6.7,-1.12,"2,970",Viktor Tsyhankov - 2,Heorhiy Bushchan,Group Stage,2020-2021
25,ru  Loko Moscow,6,0,3,3,5,10,-5,3,4.9,11.1,-6.2,-1.03,"7,701",Anton Miranchuk - 3,Guilherme Marinato,Group Stage,2020-2021
26,gr  Olympiacos,6,1,0,5,2,10,-8,3,4.1,9.5,-5.4,-0.9,,"Koka, Mohamed Camara - 1",José Sá,Group Stage,2020-2021
27,tr  Başakşehir,6,1,0,5,7,18,-11,3,5.2,12.2,-7,-1.16,233,İrfan Kahveci - 3,Mert Günok,Group Stage,2020-2021
28,fr  Marseille,6,1,0,5,2,13,-11,3,5.9,10.1,-4.3,-0.71,,Dimitri Payet - 2,Steve Mandanda,Group Stage,2020-2021
29,dk  Midtjylland,6,0,2,4,4,13,-9,2,7.1,11.3,-4.2,-0.71,53,Alexander Scholz - 2,Jesper Hansen,Group Stage,2020-2021
30,fr  Rennes,6,0,1,5,3,11,-8,1,7.6,12.4,-4.8,-0.8,"1,658",Serhou Guirassy - 2,Alfred Gomis,Group Stage,2020-2021
31,ru  Zenit,6,0,1,5,4,13,-9,1,5.6,11.3,-5.7,-0.95,"14,990","Artem Dzyuba, Aleksandr Erokhin... - 1",Mikhail Kerzhakov,Group Stage,2020-2021
32,hu  Ferencváros,6,0,1,5,5,17,-12,1,5.6,12.7,-7.1,-1.19,"4,117",Franck Boli - 2,Dénes Dibusz,Group Stage,2020-2021
1,es  Real Madrid,13,9,0,4,29,14,15,27,21.6,20.1,1.5,0.11,"48,111",Karim Benzema - 15,Thibaut Courtois,Winner,2021-2022
,,,,,,,,,,,,,,,,,,2021-2022
2,eng  Liverpool,13,10,1,2,30,14,16,31,27.3,13.1,14.2,1.09,"54,958",Mohamed Salah - 8,Alisson,Runner up,2021-2022
,,,,,,,,,,,,,,,,,,2021-2022
3,eng  Manchester City,12,7,2,3,29,16,13,23,26.1,11.2,15,1.25,"49,295",Riyad Mahrez - 7,Ederson,Semi Finalist,2021-2022
4,es  Villarreal,12,5,3,4,20,16,4,18,19.4,18.6,0.9,0.07,"18,610",Arnaut Danjuma - 6,Gerónimo Rulli,Semi Finalist,2021-2022
,,,,,,,,,,,,,,,,,,2021-2022
5,de  Bayern Munich,10,7,2,1,31,7,24,23,26.3,7.7,18.6,1.86,"34,000",Robert Lewandowski - 13,Manuel Neuer,Quarter Finalist,2021-2022
6,eng  Chelsea,10,7,1,2,21,10,11,22,19,11,8,0.8,"39,076",Timo Werner - 4,Edouard Mendy,Quarter Finalist,2021-2022
7,pt  Benfica,10,3,4,3,14,17,-3,13,11.5,21.1,-9.6,-0.96,"38,593",Darwin Núñez - 6,Odysseas Vlachodimos,Quarter Finalist,2021-2022
8,es  Atlético Madrid,10,3,3,4,9,10,-1,12,12.2,13.2,-1.1,-0.11,"58,158",Antoine Griezmann - 4,Jan Oblak,Quarter Finalist,2021-2022
,,,,,,,,,,,,,,,,,,2021-2022
9,nl  Ajax,8,6,1,1,22,8,14,19,18.6,9.8,8.9,1.11,"40,181",Sébastien Haller - 11,Remko Pasveer,Round of 16,2021-2022
10,it  Juventus,8,5,1,2,11,10,1,16,13.3,10.6,2.7,0.34,"21,968",Paulo Dybala - 3,Wojciech Szczęsny,Round of 16,2021-2022
11,fr  Paris S-G,8,4,2,2,15,11,4,14,14.5,13.9,0.6,0.08,"44,911",Kylian Mbappé - 6,Gianluigi Donnarumma,Round of 16,2021-2022
12,it  Inter,8,4,1,3,9,7,2,13,12.8,7.8,5,0.62,"41,133",Edin Džeko - 3,Samir Handanović,Round of 16,2021-2022
13,eng  Manchester Utd,8,3,3,2,12,10,2,12,9.4,10.6,-1.2,-0.15,"72,893",Cristiano Ronaldo - 6,David de Gea,Round of 16,2021-2022
14,fr  Lille,8,3,2,3,8,8,0,11,10.5,7.5,2.9,0.37,"37,824","Jonathan David, Burak Yılmaz - 3",Ivo Grbić,Round of 16,2021-2022
15,at  RB Salzburg,8,3,2,3,10,14,-4,11,12.3,12.7,-0.5,-0.06,"20,157","Karim Adeyemi, Noah Okafor - 3",Philipp Köhn,Round of 16,2021-2022
16,pt  Sporting CP,8,3,1,4,14,17,-3,10,12.2,12.7,-0.5,-0.07,"37,672",Pedro Gonçalves - 4,Antonio Adán,Round of 16,2021-2022
,,,,,,,,,,,,,,,,,,2021-2022
17,de  Dortmund,6,3,0,3,10,11,-1,9,11.5,7.6,3.8,0.64,"31,607","Marco Reus, Donyell Malen... - 3",Gregor Kobel,Group Stage,2021-2022
18,de  RB Leipzig,6,2,1,3,15,14,1,7,13.1,10.5,2.6,0.43,"21,098",Christopher Nkunku - 7,Péter Gulácsi,Group Stage,2021-2022
19,md  Sheriff Tiraspol,6,2,1,3,7,11,-4,7,4.4,12.2,-7.9,-1.32,"4,466","Adama Traoré, Sébastien Thill - 2",Giorgos Athanasiadis,Group Stage,2021-2022
20,es  Barcelona,6,2,1,3,2,9,-7,7,6.5,9.5,-3,-0.51,"45,092","Gerard Piqué, Ansu Fati - 1",Marc-André ter Stegen,Group Stage,2021-2022
21,es  Sevilla,6,1,3,2,5,5,0,6,7.2,7.8,-0.6,-0.09,"25,468",Ivan Rakitić - 2,Yassine Bounou,Group Stage,2021-2022
22,it  Atalanta,6,1,3,2,12,13,-1,6,10.2,9.1,1.1,0.18,"11,556",Duván Zapata - 3,Juan Musso,Group Stage,2021-2022
23,ru  Zenit,6,1,2,3,10,10,0,5,9.8,8,1.9,0.31,"21,135","Claudinho, Sardar Azmoun - 2",Stanislav Kritsyuk,Group Stage,2021-2022
24,ch  Young Boys,6,1,2,3,7,12,-5,5,7.4,10.3,-3,-0.5,"24,333",Jordan Pefok - 2,"Guillaume Faivre, David von Ballmoos",Group Stage,2021-2022
25,de  Wolfsburg,6,1,2,3,5,10,-5,5,4.8,11.1,-6.2,-1.04,"11,463","Lukas Nmecha, Renato Steffen - 2",Koen Casteels,Group Stage,2021-2022
26,pt  Porto,6,1,2,3,4,11,-7,5,8,8.8,-0.8,-0.13,"31,493",Luis Díaz - 2,Diogo Costa,Group Stage,2021-2022
27,it  Milan,6,1,1,4,6,9,-3,4,5.8,10.2,-4.5,-0.74,"43,762","Rafael Leão, Junior Messias... - 1","Mike Maignan, Ciprian Tătărușanu",Group Stage,2021-2022
28,be  Club Brugge,6,1,1,4,6,20,-14,4,6.1,19.5,-13.4,-2.23,"25,511",Hans Vanaken - 3,Simon Mignolet,Group Stage,2021-2022
29,ua  Shakhtar,6,0,2,4,2,12,-10,2,6.8,10.1,-3.3,-0.55,"22,868",Fernando - 2,Anatolii Trubin,Group Stage,2021-2022
30,ua  Dynamo Kyiv,6,0,1,5,1,11,-10,1,4.3,9.2,-4.9,-0.82,"27,256",Denys Harmash - 1,Heorhiy Bushchan,Group Stage,2021-2022
31,se  Malmö,6,0,1,5,1,14,-13,1,1.6,15.1,-13.5,-2.25,"8,789",Søren Rieks - 1,Johan Dahlin,Group Stage,2021-2022
32,tr  Beşiktaş,6,0,0,6,3,19,-16,0,6.2,19.7,-13.5,-2.26,"19,031","Javi Montero, Cyle Larin... - 1",Ersin Destanoğlu,Group Stage,2021-2022
1,eng  Manchester City,13,8,5,0,32,5,27,29,26.5,10.5,16,1.23,"54,548",Erling Haaland - 12,Ederson,Winner,2022-2023
,,,,,,,,,,,,,,,,,,2022-2023
2,it  Inter,13,7,3,3,19,11,8,24,17.9,15.1,2.8,0.22,"71,415",Edin Džeko - 4,André Onana,Runner up,2022-2023
,,,,,,,,,,,,,,,,,,2022-2023
3,es  Real Madrid,12,8,2,2,26,13,13,26,22.3,15.9,6.4,0.53,"58,761",Vinicius Júnior - 7,Thibaut Courtois,Semi Finalist,2022-2023
4,it  Milan,12,5,3,4,15,11,4,18,16.5,14.6,1.9,0.16,"72,546",Olivier Giroud - 5,Mike Maignan,Semi Finalist,2022-2023
,,,,,,,,,,,,,,,,,,2022-2023
5,de  Bayern Munich,10,8,1,1,22,6,16,25,19.4,10.9,8.4,0.84,"75,000","Leroy Sané, Eric Maxim Choupo-Moting - 4",Yann Sommer,Quarter Finalist,2022-2023
6,it  Napoli,10,7,1,2,26,8,18,22,25.2,13,12.2,1.22,"49,133",Victor Osimhen - 5,Alex Meret,Quarter Finalist,2022-2023
7,pt  Benfica,10,6,3,1,26,13,13,21,19,10.9,8.1,0.81,"59,023",João Mário - 6,Odysseas Vlachodimos,Quarter Finalist,2022-2023
8,eng  Chelsea,10,5,1,4,12,9,3,16,16.2,10.7,5.5,0.55,"39,216",Raheem Sterling - 3,Kepa Arrizabalaga,Quarter Finalist,2022-2023
,,,,,,,,,,,,,,,,,,2022-2023
9,eng  Liverpool,8,5,0,3,19,12,7,15,14.7,10.6,4.1,0.51,"51,578",Mohamed Salah - 8,Alisson,Round of 16,2022-2023
10,fr  Paris S-G,8,4,2,2,16,10,6,14,10.8,10,0.8,0.1,"46,680",Kylian Mbappé - 7,Gianluigi Donnarumma,Round of 16,2022-2023
11,pt  Porto,8,4,1,3,12,8,4,13,15.2,11.4,3.9,0.48,"44,296",Mehdi Taremi - 5,Diogo Costa,Round of 16,2022-2023
12,de  RB Leipzig,8,4,1,3,14,17,-3,13,11.7,12.4,-0.8,-0.1,"44,319","André Silva, Christopher Nkunku - 3",Janis Blaswich,Round of 16,2022-2023
13,de  Dortmund,8,3,3,2,11,7,4,12,10.5,11.4,-0.9,-0.12,"78,516",Jude Bellingham - 4,Alexander Meyer,Round of 16,2022-2023
14,eng  Tottenham,8,3,3,2,8,7,1,12,10,8.8,1.2,0.15,"58,434","Son Heung-min, Richarlison - 2",Hugo Lloris,Round of 16,2022-2023
15,be  Club Brugge,8,3,2,3,8,11,-3,11,8,16.9,-8.9,-1.12,"24,296","Kamal Sowah, Ferran Jutglà - 2",Simon Mignolet,Round of 16,2022-2023
16,de  Eint Frankfurt,8,3,1,4,7,13,-6,10,8,12.9,-4.9,-0.61,"49,300",Daichi Kamada - 3,Kevin Trapp,Round of 16,2022-2023
,,,,,,,,,,,,,,,,,,2022-2023
17,es  Barcelona,6,2,1,3,12,12,0,7,9.9,9.3,0.6,0.1,"84,576",Robert Lewandowski - 5,Marc-André ter Stegen,Group Stage,2022-2023
18,pt  Sporting CP,6,2,1,3,8,9,-1,7,3.8,9.8,-6,-1.01,"39,923","Marcus Edwards, Arthur... - 2",Antonio Adán,Group Stage,2022-2023
19,fr  Marseille,6,2,0,4,8,8,0,6,8.6,5.1,3.5,0.59,"37,962","Alexis Sánchez, Chancel Mbemba... - 2",Pau López,Group Stage,2022-2023
20,ua  Shakhtar,6,1,3,2,8,10,-2,6,3.7,10.9,-7.1,-1.19,"25,257",Mykhailo Mudryk - 3,Anatolii Trubin,Group Stage,2022-2023
21,at  RB Salzburg,6,1,3,2,5,9,-4,6,8.3,6.9,1.4,0.23,"29,301",Noah Okafor - 3,Philipp Köhn,Group Stage,2022-2023
22,nl  Ajax,6,2,0,4,11,16,-5,6,8.3,12.2,-3.9,-0.65,"53,028",Mohammed Kudus - 4,Remko Pasveer,Group Stage,2022-2023
23,es  Atlético Madrid,6,1,2,3,5,9,-4,5,9.5,9.8,-0.3,-0.05,"58,797","Antoine Griezmann, Yannick Carrasco... - 1",Jan Oblak,Group Stage,2022-2023
24,de  Leverkusen,6,1,2,3,4,8,-4,5,9,7.5,1.5,0.26,"28,748",Moussa Diaby - 2,Lukáš Hrádecký,Group Stage,2022-2023
25,es  Sevilla,6,1,2,3,6,12,-6,5,5.4,10.2,-4.8,-0.8,"34,415",Youssef En-Nesyri - 2,Yassine Bounou,Group Stage,2022-2023
26,hr  Dinamo Zagreb,6,1,1,4,4,11,-7,4,4.2,12.5,-8.3,-1.39,"16,980",Mislav Oršić - 2,Dominik Livaković,Group Stage,2022-2023
27,it  Juventus,6,1,0,5,9,13,-4,3,8.6,10.6,-2,-0.33,"34,534","Adrien Rabiot, Arkadiusz Milik... - 2",Wojciech Szczęsny,Group Stage,2022-2023
28,dk  FC Copenhagen,6,0,3,3,1,12,-11,3,4.8,11.2,-6.4,-1.06,"32,444",Hákon Arnar Haraldsson - 1,Kamil Grabara,Group Stage,2022-2023
29,il  Maccabi Haifa,6,1,0,5,7,21,-14,3,6.4,9.6,-3.3,-0.55,"29,956","Tjaronn Chery, Omer Atzili... - 2",Josh Cohen,Group Stage,2022-2023
30,sct  Celtic,6,0,2,4,4,15,-11,2,9.2,10.9,-1.7,-0.29,"57,367",Jota - 2,Joe Hart,Group Stage,2022-2023
31,cz  Viktoria Plzeň,6,0,0,6,5,24,-19,0,5.5,15.1,-9.5,-1.59,"11,063",Tomáš Chorý - 2,Jindřich Staněk,Group Stage,2022-2023
32,sct  Rangers,6,0,0,6,2,22,-20,0,4.9,14.3,-9.4,-1.57,"49,062","Scott Arfield, James Tavernier - 1",Allan McGregor,Group Stage,2022-2023
1,es  Real Madrid,13,9,4,0,28,15,13,31,25.1,17.5,7.6,0.59,"72,777",Vinicius Júnior - 6,Andriy Lunin,Winner,2023-2024
,,,,,,,,,,,,,,,,,,2023-2024
2,de  Dortmund,13,7,3,3,17,11,6,24,17.2,23.6,-6.4,-0.49,"82,057",Niclas Füllkrug - 3,Gregor Kobel,Runner up,2023-2024
,,,,,,,,,,,,,,,,,,2023-2024
3,de  Bayern Munich,12,7,3,2,21,13,8,24,19,15,4,0.33,"75,000",Harry Kane - 8,Manuel Neuer,Semi Finalist,2023-2024
4,fr  Paris S-G,12,5,2,5,19,15,4,17,24.3,13.3,11,0.91,"46,686",Kylian Mbappé - 8,Gianluigi Donnarumma,Semi Finalist,2023-2024
,,,,,,,,,,,,,,,,,,2023-2024
5,eng  Manchester City,10,8,2,0,28,13,15,26,24.6,6.9,17.7,1.77,"51,298",Erling Haaland - 6,Ederson,Quarter Finalist,2023-2024
6,es  Atlético Madrid,10,6,2,2,23,13,10,20,16.7,12.7,3.9,0.39,"64,803",Antoine Griezmann - 6,Jan Oblak,Quarter Finalist,2023-2024
7,es  Barcelona,10,6,1,3,20,14,6,19,16.9,11.3,5.6,0.56,"45,308","Raphinha, Robert Lewandowski... - 3",Marc-André ter Stegen,Quarter Finalist,2023-2024
8,eng  Arsenal,10,5,2,3,19,8,11,17,13.4,8.5,4.9,0.49,"59,870","Leandro Trossard, Gabriel Jesus... - 4",David Raya,Quarter Finalist,2023-2024
,,,,,,,,,,,,,,,,,,2023-2024
9,pt  Porto,8,5,0,3,16,9,7,15,11.4,7.7,3.7,0.46,"47,944",Galeno - 5,Diogo Costa,Round of 16,2023-2024
10,it  Inter,8,4,3,1,10,7,3,15,16.2,8.6,7.6,0.94,"70,279","Alexis Sánchez, Marko Arnautović... - 2",Yann Sommer,Round of 16,2023-2024
11,de  RB Leipzig,8,4,1,3,14,12,2,13,12.2,10.7,1.5,0.19,"43,949",Loïs Openda - 4,Janis Blaswich,Round of 16,2023-2024
12,it  Lazio,8,4,1,3,8,10,-2,13,10.6,11.7,-1.1,-0.14,"47,701",Ciro Immobile - 4,Ivan Provedel,Round of 16,2023-2024
13,es  Real Sociedad,8,3,3,2,8,6,2,12,10.3,6.4,3.9,0.49,"36,790",Brais Méndez - 3,Álex Remiro,Round of 16,2023-2024
14,it  Napoli,8,3,2,3,12,13,-1,11,10.5,11.6,-1.1,-0.13,"45,367",Victor Osimhen - 2,Alex Meret,Round of 16,2023-2024
15,nl  PSV Eindhoven,8,2,4,2,9,13,-4,10,11,11,0,0,"34,069",Luuk de Jong - 3,Walter Benítez,Round of 16,2023-2024
16,dk  FC Copenhagen,8,2,2,4,10,14,-4,8,9.1,12.8,-3.7,-0.46,"32,166","Mohamed Elyounoussi, Lukas Lerager - 3",Kamil Grabara,Round of 16,2023-2024
,,,,,,,,,,,,,,,,,,2023-2024
17,ua  Shakhtar,6,3,0,3,10,12,-2,9,7.4,10.9,-3.5,-0.58,"47,695",Danylo Sikan - 4,Dmytro Riznyk,Group Stage,2023-2024
18,it  Milan,6,2,2,2,5,8,-3,8,9.6,7.7,1.9,0.32,"72,212",Samuel Chukwueze - 2,Mike Maignan,Group Stage,2023-2024
19,fr  Lens,6,2,2,2,6,11,-5,8,6.1,7.5,-1.4,-0.23,"37,543","Angelo Fulgini, Elye Wahi - 2",Brice Samba,Group Stage,2023-2024
20,nl  Feyenoord,6,2,0,4,9,10,-1,6,10.6,8,2.6,0.43,"44,010",Santiago Giménez - 2,Justin Bijlow,Group Stage,2023-2024
21,eng  Newcastle Utd,6,1,2,3,6,7,-1,5,5.9,12.3,-6.4,-1.07,"52,023","Dan Burn, Fabian Schär... - 1",Nick Pope,Group Stage,2023-2024
22,tr  Galatasaray,6,1,2,3,10,13,-3,5,9.8,10.2,-0.4,-0.07,"46,359","Mauro Icardi, Hakim Ziyech... - 2",Fernando Muslera,Group Stage,2023-2024
23,eng  Manchester Utd,6,1,1,4,12,15,-3,4,10.5,11.4,-0.9,-0.15,"73,175",Rasmus Højlund - 5,André Onana,Group Stage,2023-2024
24,pt  Benfica,6,1,1,4,7,11,-4,4,7.8,15.9,-8.1,-1.34,"56,621",João Mário - 3,Anatolii Trubin,Group Stage,2023-2024
25,at  RB Salzburg,6,1,1,4,4,8,-4,4,7.4,11.4,-3.9,-0.66,"28,477",Oscar Gloukh - 2,Alexander Schlager,Group Stage,2023-2024
26,ch  Young Boys,6,1,1,4,7,13,-6,4,6.4,15.3,-8.9,-1.48,"31,500",Meschak Elia - 2,Anthony Racioppi,Group Stage,2023-2024
27,pt  Braga,6,1,1,4,6,12,-6,4,8.3,10,-1.7,-0.28,"21,937","Bruma, Álvaro djaló - 2",Matheus,Group Stage,2023-2024
28,sct  Celtic,6,1,1,4,5,15,-10,4,4.9,11.7,-6.8,-1.13,"56,099","Kyogo Furuhashi, Luis Enrique Palma - 2",Joe Hart,Group Stage,2023-2024
29,be  Antwerp,6,1,0,5,6,17,-11,3,6.2,11.1,-4.9,-0.81,"13,522","Vincent Janssen, Arbnor Muja... - 1",Jean Butez,Group Stage,2023-2024
30,de  Union Berlin,6,0,2,4,6,10,-4,2,5.6,11.5,-5.9,-0.98,"72,976",Sheraldo Becker - 2,Frederik Rønnow,Group Stage,2023-2024
31,es  Sevilla,6,0,2,4,7,12,-5,2,5.9,10.8,-4.9,-0.81,"34,181","Sergio Ramos, Nemanja Gudelj... - 2",Marko Dmitrović,Group Stage,2023-2024
32,rs  Red Star,6,0,1,5,7,15,-8,1,8.7,14.8,-6.1,-1.02,"46,202",Osman Bukari - 2,Omri Glazer,Group Stage,2023-2024
1,fr  Paris S-G,17,11,1,5,38,15,23,34,35.6,18.2,17.4,1.03,"48,543",Ousmane Dembélé - 8,Gianluigi Donnarumma,Winner,2024-2025
,,,,,,,,,,,,,,,,,,2024-2025
2,it  Inter,15,10,3,2,26,16,10,33,24.3,20.2,4.1,0.27,"67,579",Lautaro Martínez - 9,Yann Sommer,Runner Up,2024-2025
,,,,,,,,,,,,,,,,,,2024-2025
3,eng  Arsenal,14,9,2,3,31,10,21,29,27,13.5,13.5,0.96,"59,866",Bukayo Saka - 6,David Raya,Semi Finalist,2024-2025
4,es  Barcelona,14,9,2,3,43,24,19,29,32.2,21.2,11,0.79,"47,377",Raphinha - 13,Wojciech Szczęsny,Semi Finalist,2024-2025
,,,,,,,,,,,,,,,,,,2024-2025
5,de  Bayern Munich,14,8,2,4,31,18,13,26,33.6,14.4,19.2,1.37,"75,000",Harry Kane - 11,Manuel Neuer,Quarter Finalist,2024-2025
6,de  Dortmund,14,8,2,4,31,19,12,26,27.8,19.1,8.6,0.62,"81,213",Serhou Guirassy - 13,Gregor Kobel,Quarter Finalist,2024-2025
7,eng  Aston Villa,12,8,1,3,23,12,11,25,18.8,13.9,4.9,0.41,"41,875",Morgan Rogers - 4,Emiliano Martínez,Quarter Finalist,2024-2025
8,es  Real Madrid,14,8,0,6,29,22,7,24,28,22.9,5.1,0.37,"75,220",Vinicius Júnior - 8,Thibaut Courtois,Quarter Finalist,2024-2025
,,,,,,,,,,,,,,,,,,2024-2025
9,eng  Liverpool,10,8,0,2,18,6,12,24,20.7,11.3,9.3,0.93,"59,740","Mohamed Salah, Cody Gakpo... - 3",Alisson,Round of 16,2024-2025
10,es  Atlético Madrid,10,7,0,3,22,14,8,21,14.5,13,1.6,0.16,"62,862",Julián Álvarez - 7,Jan Oblak,Round of 16,2024-2025
11,nl  PSV Eindhoven,12,5,3,4,23,24,-1,18,19.3,20.6,-1.3,-0.11,"34,717","Ivan Perišić, Malik Tillman... - 3",Walter Benítez,Round of 16,2024-2025
12,fr  Lille,10,5,2,3,19,13,6,17,11.5,16.8,-5.2,-0.52,"37,479",Jonathan David - 7,Lucas Chevalier,Round of 16,2024-2025
13,pt  Benfica,12,5,2,5,21,19,2,17,23.6,15.6,8,0.67,"61,801",Vangelis Pavlidis - 7,Anatolii Trubin,Round of 16,2024-2025
14,nl  Feyenoord,12,5,2,5,21,26,-5,17,13.3,20.4,-7.2,-0.6,"43,661",Santiago Giménez - 5,Timon Wellenreuther,Round of 16,2024-2025
15,be  Club Brugge,12,5,2,5,13,19,-6,17,11.5,16.4,-4.9,-0.41,"23,919","Ferran Jutglà, Chemsdine Talbi - 2",Simon Mignolet,Round of 16,2024-2025
16,de  Leverkusen,10,5,1,4,15,12,3,16,15.1,13,2.1,0.21,"30,010",Florian Wirtz - 6,Matej Kovar,Round of 16,2024-2025
,,,,,,,,,,,,,,,,,,2024-2025
17,it  Milan,10,5,1,4,15,13,2,16,13.8,13.8,0.1,0.01,"58,594",Christian Pulisic - 4,Mike Maignan,Round of 16,2024-2025
18,it  Atalanta,10,4,3,3,22,11,11,15,24.5,10.9,13.6,1.36,"21,727",Ademola Lookman - 5,Marco Carnesecchi,Round of 16,2024-2025
19,it  Juventus,10,4,3,3,12,11,1,15,11.8,17.2,-5.4,-0.54,"40,780",Dušan Vlahović - 4,Michele Di Gregorio,Round of 16,2024-2025
20,fr  Monaco,10,4,2,4,16,17,-1,14,13.3,16.9,-3.6,-0.36,"12,427",Takumi Minamino - 3,Radosław Majecki,Round of 16,2024-2025
21,sct  Celtic,10,3,4,3,15,17,-2,13,14.5,16.3,-1.8,-0.18,"57,157",Daizen Maeda - 4,Kasper Schmeichel,Round of 16,2024-2025
22,fr  Brest,10,4,1,5,10,21,-11,13,11.4,18.3,-6.9,-0.69,"15,408",Abdallah Sima - 3,Marco Bizot,Round of 16,2024-2025
23,pt  Sporting CP,10,3,3,4,13,15,-2,12,12.8,17.9,-5.1,-0.51,"42,747",Viktor Gyökeres - 6,Franco Israel,Round of 16,2024-2025
24,eng  Manchester City,10,3,2,5,21,20,1,11,21,16.1,5,0.5,"50,273",Erling Haaland - 8,Ederson,Round of 16,2024-2025
,,,,,,,,,,,,,,,,,,2024-2025
25,hr  Dinamo Zagreb,8,3,2,3,12,19,-7,11,7,16.4,-9.3,-1.17,"16,714",Sandro Kulenović - 3,Ivan Nevistić,Group Stage,2024-2025
26,de  Stuttgart,8,3,1,4,13,17,-4,10,14.1,11.1,3,0.38,"60,000","Jamie Leweling, Enzo Millot - 2",Alexander Nübel,Group Stage,2024-2025
27,ua  Shakhtar,8,2,1,5,8,16,-8,7,8.3,15.5,-7.2,-0.9,"27,854","Oleksandr Zubkov, Heorhiy Sudakov... - 2",Dmytro Riznyk,Group Stage,2024-2025
28,it  Bologna,8,1,3,4,4,9,-5,6,8.1,9.9,-1.8,-0.22,"23,859","Jhon Lucumí, Thijs Dallinga... - 1",Łukasz Skorupski,Group Stage,2024-2025
29,rs  Red Star,8,2,0,6,13,22,-9,6,9.3,14.9,-5.5,-0.69,"43,462",Nemanja Radonjić - 3,"Omri Glazer, Ivan Guteša",Group Stage,2024-2025
30,at  Sturm Graz,8,2,0,6,5,14,-9,6,6.2,16.2,-10,-1.25,"23,812",Mika Biereth - 2,Kjell Scherpen,Group Stage,2024-2025
31,cz  Sparta Prague,8,1,1,6,7,21,-14,4,6.3,13.3,-7,-0.88,"17,797","Kaan Kairinen, Victor Olatunji - 2",Peter Vindahl Jensen,Group Stage,2024-2025
32,de  RB Leipzig,8,1,0,7,8,15,-7,3,12.3,12.7,-0.4,-0.05,"41,085",Benjamin Šeško - 4,Péter Gulácsi,Group Stage,2024-2025
33,es  Girona,8,1,0,7,5,13,-8,3,9.6,12.6,-3,-0.38,"9,072","Juanpe, David López... - 1",Paulo Gazzaniga,Group Stage,2024-2025
34,at  RB Salzburg,8,1,0,7,5,27,-22,3,6.6,19.4,-12.7,-1.59,"22,229",Karim Konaté - 2,Janis Blaswich,Group Stage,2024-2025
35,sk  Slovan Bratislava,8,0,0,8,7,27,-20,0,7,21.6,-14.7,-1.83,"20,013",Dávid Strelec - 2,Dominik Takáč,Group Stage,2024-2025
36,ch  Young Boys,8,0,0,8,3,24,-21,0,5.6,19.1,-13.4,-1.68,"31,500","Silvère Ganvoula M'Boussy, Kastriot Imeri... - 1","Marvin Keller, David von Ballmoos",Group Stage,2024-2025
